id    , display_name    , remaining_qty, remaining_value, description                   , stock_move_id     , account_move_id     , create_date
105606, [4527] Bolsa Cam,          0.0 ,            0.00, DEP1/IN/02909                 , stock.move(68483) , account.move(151678), 2022-03-23 09:39:41
110949, [4527] Bolsa Cam,          0.0 ,            0.00, DIST/OUT/08092                , stock.move(68434) , account.move(151679), 2022-03-23 09:39:55
107966, [4527] Bolsa Cam,          0.0 ,            0.00, DEP1/IN/02914                 , stock.move(68693) , account.move(151787), 2022-03-23 16:53:38
103979, [4527] Bolsa Cam,          0.0 ,            0.00, DIST/OUT/08100                , stock.move(68589) , account.move(151921), 2022-03-25 09:36:10
111443, [4527] Bolsa Cam,          0.0 ,            0.00, DEP1/IN/02931                 , stock.move(69298) , account.move(151926), 2022-03-25 12:08:54
111378, [4527] Bolsa Cam,          0.0 ,            0.00, DEP1/IN/02873                 , stock.move(67092) , account.move(152067), 2022-03-28 12:40:50
106813, [4527] Bolsa Cam,          0.0 ,            0.00, DIST/OUT/08164                , stock.move(70069) , account.move(153253), 2022-04-04 10:49:29
102947, [4527] Bolsa Cam,          0.0 ,            0.00, DEP1/IN/02942                 , stock.move(69659) , account.move(153293), 2022-04-04 12:56:25
108496, [4527] Bolsa Cam,          0.0 ,            0.00, DIST/IN/03215                 , stock.move(71366) , account.move(153294), 2022-04-04 12:59:57
104831, [4527] Bolsa Cam,          0.0 ,            0.00, DIST/IN/03219                 , stock.move(71389) , account.move(153303), 2022-04-04 13:44:00
106374, [4527] Bolsa Cam,          0.0 ,            0.00, DIST/IN/03224                 , stock.move(71484) , account.move(153556), 2022-04-04 20:16:02
104862, [4527] Bolsa Cam,          0.0 ,            0.00, DIST/OUT/08222                , stock.move(71488) , account.move(153560), 2022-04-04 20:17:11
103426, [4527] Bolsa Cam,          0.0 ,            0.00, DIST/OUT/08223                , stock.move(71489) , account.move(153565), 2022-04-04 20:19:09
108682, [4527] Bolsa Cam,          0.0 ,            0.00, DIST/OUT/08213                , stock.move(71422) , account.move(153617), 2022-04-05 12:07:39
109478, [4527] Bolsa Cam,          0.0 ,            0.00, DEP1/IN/02999                 , stock.move(71917) , account.move(153762), 2022-04-06 13:08:46
104656, [4527] Bolsa Cam,          0.0 ,            0.00, DEP1/IN/03007                 , stock.move(72058) , account.move(153979), 2022-04-07 12:34:02
103225, [4527] Bolsa Cam,          0.0 ,            0.00, DEP1/IN/03012                 , stock.move(72538) , account.move(154179), 2022-04-08 12:59:59
109006, [4527] Bolsa Cam,          0.0 ,            0.00, DIST/OUT/08266                , stock.move(73012) , account.move(154306), 2022-04-11 12:56:25
104858, [4527] Bolsa Cam,          0.0 ,            0.00, DIST/OUT/08268                , stock.move(73061) , account.move(154347), 2022-04-12 12:16:31
109648, [4527] Bolsa Cam,          0.0 ,            0.00, DIST/IN/03231                 , stock.move(73802) , account.move(154406), 2022-04-12 14:17:20
108159, [4527] Bolsa Cam,          0.0 ,            0.00, DIST/IN/03232                 , stock.move(73803) , account.move(154407), 2022-04-12 14:19:53
107025, [4527] Bolsa Cam,          0.0 ,            0.00, DEP1/IN/02980                 , stock.move(71365) , account.move(154428), 2022-04-12 15:26:47
106821, [4527] Bolsa Cam,          0.0 ,            0.00, DIST/OUT/08315                , stock.move(74645) , account.move(154944), 2022-04-21 17:43:04
109145, [4527] Bolsa Cam,          0.0 ,            0.00, DIST/IN/03239                 , stock.move(76192) , account.move(154963), 2022-04-21 19:51:09
106120, [4527] Bolsa Cam,          0.0 ,            0.00, DIST/OUT/08388                , stock.move(79453) , account.move(155913), 2022-04-29 18:14:57
103744, [4527] Bolsa Cam,          0.0 ,            0.00, DIST/IN/03246                 , stock.move(79648) , account.move(155917), 2022-04-29 18:27:37
120556, [4527] Bolsa Cam,          0.0 ,            0.00, DIST/OUT/08427                , stock.move(81067) , account.move(156742), 2022-05-06 18:59:58
120694, [4527] Bolsa Cam,          0.0 ,            0.00, DIST/OUT/08461                , stock.move(82440) , account.move(157381), 2022-05-09 18:59:38
120707, [4527] Bolsa Cam,          0.0 ,            0.00, DIST/OUT/08509                , stock.move(84084) , account.move(158113), 2022-05-13 11:17:20
109571, [4527] Bolsa Cam,          0.0 ,            0.00, DEP1/IN/03082                 , stock.move(79562) , account.move(158724), 2022-05-18 11:57:37
120337, [4527] Bolsa Cam,          0.0 ,            0.00, DEP1/IN/03189                 , stock.move(84883) , account.move(159022), 2022-05-19 11:14:00
120240, [4527] Bolsa Cam,          0.0 ,            0.00, DIST/OUT/08545                , stock.move(84895) , account.move(159023), 2022-05-19 11:14:49
120356, [4527] Bolsa Cam,          0.0 ,            0.00, DIST/OUT/08546                , stock.move(84896) , account.move(159081), 2022-05-19 18:22:55
120171, [4527] Bolsa Cam,          0.0 ,            0.00, DIST/IN/03258                 , stock.move(85109) , account.move(159091), 2022-05-19 18:40:02
107420, [4527] Bolsa Cam,          0.0 ,            0.00, DEP1/IN/03083                 , stock.move(79563) , account.move(159379), 2022-05-23 19:03:43
120249, [4527] Bolsa Cam,          0.0 ,            0.00, DIST/OUT/08612                , stock.move(86281) , account.move(159619), 2022-05-26 18:54:41
120160, [4527] Bolsa Cam,          0.0 ,            0.00, DIST/OUT/08626                , stock.move(86420) , account.move(159671), 2022-05-27 15:40:12
120704, [4527] Bolsa Cam,          0.0 ,            0.00, DIST/OUT/08640                , stock.move(86879) , account.move(159833), 2022-05-30 18:23:59
120482, [4527] Bolsa Cam,          0.0 ,            0.00, DIST/IN/03264                 , stock.move(86915) , account.move(159884), 2022-05-31 10:27:05
120606, [4527] Bolsa Cam,          0.0 ,            0.00, DEP1/IN/03216                 , stock.move(85901) , account.move(159885), 2022-05-31 10:28:37
120265, [4527] Bolsa Cam,          0.0 ,            0.00, DIST/OUT/08646                , stock.move(86916) , account.move(159886), 2022-05-31 10:29:11
120391, [4527] Bolsa Cam,          0.0 ,            0.00, DEP1/IN/03246                 , stock.move(86917) , account.move(160280), 2022-06-01 18:41:19
120166, [4527] Bolsa Cam,          0.0 ,            0.00, DIST/OUT/08661                , stock.move(87233) , account.move(160375), 2022-06-02 11:33:49
120571, [4527] Bolsa Cam,          0.0 ,            0.00, DEP1/IN/03243                 , stock.move(86880) , account.move(161242), 2022-06-06 12:46:06
120428, [4527] Bolsa Cam,          0.0 ,            0.00, DEP1/IN/03285                 , stock.move(89364) , account.move(161418), 2022-06-07 13:25:44
121077, [4527] Bolsa Cam,          0.0 ,            0.00, DIST/OUT/08745                , stock.move(90326) , account.move(161522), 2022-06-08 17:21:18
121636, [4527] Bolsa Cam,          0.0 ,            0.00, DIST/IN/03269                 , stock.move(90588) , account.move(161524), 2022-06-08 17:26:33
121287, [4527] Bolsa Cam,          0.0 ,            0.00, DIST/OUT/08746                , stock.move(90371) , account.move(161545), 2022-06-09 12:13:01
121034, [4527] Bolsa Cam,          0.0 ,            0.00, DIST/IN/03270                 , stock.move(91170) , account.move(161579), 2022-06-09 14:51:16
121672, [4527] Bolsa Cam,          0.0 ,            0.00, DIST/IN/03272                 , stock.move(91183) , account.move(161587), 2022-06-09 14:55:57
121696, [4527] Bolsa Cam,          0.0 ,            0.00, DIST/OUT/08794                , stock.move(92808) , account.move(162730), 2022-06-16 10:42:47
121513, [4527] Bolsa Cam,          0.0 ,            0.00, DIST/OUT/08815                , stock.move(92984) , account.move(162967), 2022-06-17 17:56:41
120346, [4527] Bolsa Cam,          0.0 ,            0.00, DEP1/IN/03244                 , stock.move(86882) , account.move(163409), 2022-06-22 11:40:04
121498, [4527] Bolsa Cam,          0.0 ,            0.00, DIST/OUT/08869                , stock.move(93809) , account.move(163475), 2022-06-23 11:01:45
121257, [4527] Bolsa Cam,          0.0 ,            0.00, DIST/IN/03276                 , stock.move(93810) , account.move(163477), 2022-06-23 11:07:21
121427, [4527] Bolsa Cam,          0.0 ,            0.00, DEP1/IN/03303                 , stock.move(90072) , account.move(163691), 2022-06-24 11:06:17
121290, [4527] Bolsa Cam,          0.0 ,            0.00, DEP1/IN/03382                 , stock.move(94322) , account.move(163694), 2022-06-24 11:10:33
121647, [4527] Bolsa Cam,          0.0 ,            0.00, DIST/OUT/08885                , stock.move(94399) , account.move(163836), 2022-06-27 11:54:35
121664, [4527] Bolsa Cam,          0.0 ,            0.00, DIST/IN/03279                 , stock.move(94587) , account.move(163838), 2022-06-27 12:00:33
120836, [4527] Bolsa Cam,          0.0 ,            0.00, DIST/IN/03281                 , stock.move(94624) , account.move(163842), 2022-06-27 12:36:44
121360, [4527] Bolsa Cam,          0.0 ,            0.00, DIST/IN/03283                 , stock.move(94644) , account.move(163848), 2022-06-27 13:04:34
121507, [4527] Bolsa Cam,          0.0 ,            0.00, DEP1/IN/03384                 , stock.move(94324) , account.move(164013), 2022-06-28 12:26:31
121400, [4527] Bolsa Cam,          0.0 ,            0.00, DIST/OUT/08924                , stock.move(95509) , account.move(164258), 2022-06-30 10:02:59
121190, [4527] Bolsa Cam,          0.0 ,            0.00, DEP1/IN/03369                 , stock.move(93298) , account.move(164265), 2022-06-30 10:33:34
121633, [4527] Bolsa Cam,          0.0 ,            0.00, DIST/OUT/08948                , stock.move(96886) , account.move(164528), 2022-07-04 12:25:44
121445, [4527] Bolsa Cam,          0.0 ,            0.00, DIST/IN/03287                 , stock.move(97170) , account.move(164544), 2022-07-04 13:58:18
120840, [4527] Bolsa Cam,          0.0 ,            0.00, DIST/OUT/08989                , stock.move(97922) , account.move(165170), 2022-07-08 12:37:35
121042, [4527] Bolsa Cam,          0.0 ,            0.00, DIST/OUT/09025                , stock.move(98652) , account.move(165603), 2022-07-12 11:33:38
120858, [4527] Bolsa Cam,          0.0 ,            0.00, DEP1/IN/03412                 , stock.move(95848) , account.move(165616), 2022-07-12 15:08:33
121560, [4527] Bolsa Cam,          0.0 ,            0.00, DEP1/IN/03393                 , stock.move(95015) , account.move(166195), 2022-07-18 12:08:33
122080, [4527] Bolsa Cam,          0.0 ,            0.00, DEP1/IN/03500                 , stock.move(100191), account.move(166284), 2022-07-18 15:41:35
122409, [4527] Bolsa Cam,          0.0 ,            0.00, DIST/OUT/09124                , stock.move(100953), account.move(166460), 2022-07-21 13:16:11
122502, [4527] Bolsa Cam,          0.0 ,            0.00, DIST/OUT/09127                , stock.move(101019), account.move(166461), 2022-07-21 13:17:17
122529, [4527] Bolsa Cam,          0.0 ,            0.00, DIST/IN/03301                 , stock.move(101297), account.move(166463), 2022-07-21 13:27:15
122159, [4527] Bolsa Cam,          0.0 ,            0.00, DIST/IN/03302                 , stock.move(101315), account.move(166467), 2022-07-21 13:35:40
122135, [4527] Bolsa Cam,          0.0 ,            0.00, DIST/IN/03303                 , stock.move(101316), account.move(166472), 2022-07-21 13:38:18
121309, [4527] Bolsa Cam,          0.0 ,            0.00, DEP1/IN/03472                 , stock.move(98738) , account.move(166769), 2022-07-25 12:09:43
120906, [4527] Bolsa Cam,          0.0 ,            0.00, DEP1/IN/03476                 , stock.move(98787) , account.move(167204), 2022-07-27 17:34:43
121860, [4527] Bolsa Cam,          0.0 ,            0.00, DIST/OUT/09197                , stock.move(102535), account.move(167412), 2022-07-28 12:35:12
121831, [4527] Bolsa Cam,          0.0 ,            0.00, DIST/OUT/09199                , stock.move(102551), account.move(167452), 2022-07-28 19:32:47
121811, [4527] Bolsa Cam,          0.0 ,            0.00, DEP1/IN/03575                 , stock.move(102553), account.move(167691), 2022-08-01 17:26:25
122491, [4527] Bolsa Cam,          0.0 ,            0.00, DIST/OUT/09252                , stock.move(103881), account.move(168562), 2022-08-04 12:34:40
122524, [4527] Bolsa Cam,          0.0 ,            0.00, DIST/OUT/09262                , stock.move(104295), account.move(168644), 2022-08-05 11:18:21
122575, [4527] Bolsa Cam,          0.0 ,            0.00, DIST/OUT/09314                , stock.move(104906), account.move(169686), 2022-08-11 12:11:44
122221, [4527] Bolsa Cam,          0.0 ,            0.00, DIST/OUT/09313                , stock.move(104904), account.move(169814), 2022-08-12 11:42:02
122449, [4527] Bolsa Cam,          0.0 ,            0.00, DEP1/IN/03590                 , stock.move(103342), account.move(169815), 2022-08-12 12:30:53
122553, [4527] Bolsa Cam,          0.0 ,            0.00, DEP1/IN/03663                 , stock.move(105139), account.move(169895), 2022-08-16 12:27:01
122369, [4527] Bolsa Cam,          0.0 ,            0.00, DIST/OUT/09371                , stock.move(106759), account.move(170023), 2022-08-18 10:54:49
122400, [4527] Bolsa Cam,          0.0 ,            0.00, DEP1/IN/03687                 , stock.move(107208), account.move(170358), 2022-08-19 13:11:01
121815, [4527] Bolsa Cam,          0.0 ,            0.00, DIST/OUT/09388                , stock.move(107318), account.move(170388), 2022-08-19 17:32:07
122195, [4527] Bolsa Cam,          0.0 ,            0.00, DIST/OUT/09425                , stock.move(108901), account.move(170715), 2022-08-24 11:14:24
122402, [4527] Bolsa Cam,          0.0 ,            0.00, DIST/IN/03320                 , stock.move(108902), account.move(170721), 2022-08-24 11:17:20
122100, [4527] Bolsa Cam,          0.0 ,            0.00, DEP1/IN/03550                 , stock.move(101829), account.move(170752), 2022-08-24 12:43:11
122463, [4527] Bolsa Cam,          0.0 ,            0.00, DIST/IN/03322                 , stock.move(109055), account.move(170824), 2022-08-24 15:14:13
121943, [4527] Bolsa Cam,          0.0 ,            0.00, DIST/OUT/09429                , stock.move(109048), account.move(170980), 2022-08-25 11:33:37
120269, [4527] Bolsa Cam,          0.0 ,            0.00, DEP1/IN/03274                 , stock.move(88805) , account.move(172082), 2022-08-30 11:54:35
121766, [4527] Bolsa Cam,          0.0 ,            0.00, DIST/OUT/09493                , stock.move(109740), account.move(172248), 2022-08-31 11:01:18
124096, [4527] Bolsa Cam,          0.0 ,            0.00, DIST/IN/03324                 , stock.move(110116), account.move(172414), 2022-08-31 14:32:44
124021, [4527] Bolsa Cam,          0.0 ,            0.00, DIST/OUT/09507                , stock.move(110227), account.move(172553), 2022-09-01 12:13:12
122158, [4527] Bolsa Cam,          0.0 ,            0.00, DEP1/IN/03756                 , stock.move(109632), account.move(172922), 2022-09-05 12:04:45
122700, [4527] Bolsa Cam,          0.0 ,            0.00, DEP1/IN/03789                 , stock.move(110664), account.move(173268), 2022-09-07 15:07:03
124344, [4527] Bolsa Cam,          0.0 ,            0.00, DIST/OUT/09588                , stock.move(112041), account.move(173320), 2022-09-08 12:12:05
124282, [4527] Bolsa Cam,          0.0 ,            0.00, DIST/OUT/09585                , stock.move(111963), account.move(173379), 2022-09-09 12:12:18
123149, [4527] Bolsa Cam,          0.0 ,            0.00, DEP1/IN/03822                 , stock.move(112005), account.move(173773), 2022-09-13 12:19:34
122346, [4527] Bolsa Cam,          0.0 ,            0.00, DEP1/IN/03730                 , stock.move(109472), account.move(173780), 2022-09-13 12:23:07
124915, [4527] Bolsa Cam,          0.0 ,            0.00, DEP1/IN/03858                 , stock.move(113605), account.move(173968), 2022-09-16 12:22:27
123068, [4527] Bolsa Cam,          0.0 ,            0.00, DEP1/IN/03877                 , stock.move(113931), account.move(174056), 2022-09-19 13:03:28
123275, [4527] Bolsa Cam,          0.0 ,            0.00, DEP1/IN/03857                 , stock.move(113602), account.move(174105), 2022-09-19 18:47:40
124651, [4527] Bolsa Cam,          0.0 ,            0.00, DIST/OUT/09704                , stock.move(114449), account.move(174515), 2022-09-21 17:40:08
124442, [4527] Bolsa Cam,          0.0 ,            0.00, DEP1/IN/03903                 , stock.move(114145), account.move(174628), 2022-09-23 13:19:51
123448, [4527] Bolsa Cam,          0.0 ,            0.00, DIST/OUT/09735                , stock.move(114762), account.move(174652), 2022-09-23 17:11:03
124138, [4527] Bolsa Cam,          0.0 ,            0.00, DIST/IN/03350                 , stock.move(115516), account.move(174696), 2022-09-26 12:54:52
122725, [4527] Bolsa Cam,          0.0 ,            0.00, DIST/IN/03351                 , stock.move(115518), account.move(174699), 2022-09-26 12:57:09
123374, [4527] Bolsa Cam,          0.0 ,            0.00, DIST/IN/03352                 , stock.move(115519), account.move(174704), 2022-09-26 12:58:56
125152, [4527] Bolsa Cam,          0.0 ,            0.00, DIST/IN/03353                 , stock.move(115521), account.move(174705), 2022-09-26 13:00:57
123910, [4527] Bolsa Cam,          0.0 ,            0.00, DIST/OUT/09794                , stock.move(116895), account.move(175267), 2022-09-28 17:56:43
124031, [4527] Bolsa Cam,          0.0 ,            0.00, DEP1/IN/03910                 , stock.move(114401), account.move(175344), 2022-09-29 13:48:01
122811, [4527] Bolsa Cam,          0.0 ,            0.00, DIST/OUT/09815                , stock.move(117315), account.move(175406), 2022-09-29 19:16:19
124709, [4527] Bolsa Cam,          0.0 ,            0.00, DIST/OUT/09884                , stock.move(118062), account.move(176211), 2022-10-06 18:44:17
123181, [4527] Bolsa Cam,          0.0 ,            0.00, DEP1/IN/03962                 , stock.move(117284), account.move(176254), 2022-10-07 11:43:53
122832, [4527] Bolsa Cam,          0.0 ,            0.00, DIST/OUT/09903                , stock.move(118230), account.move(176353), 2022-10-07 17:55:34
124871, [4527] Bolsa Cam,          0.0 ,            0.00, DIST/OUT/09951                , stock.move(119923), account.move(177246), 2022-10-12 18:27:56
122786, [4527] Bolsa Cam,          0.0 ,            0.00, DIST/OUT/09981                , stock.move(120559), account.move(177770), 2022-10-14 18:40:02
122916, [4527] Bolsa Cam,          0.0 ,            0.00, DIST/OUT/10024                , stock.move(121878), account.move(178290), 2022-10-19 17:14:38
123396, [4527] Bolsa Cam,          0.0 ,            0.00, DIST/OUT/10020                , stock.move(121735), account.move(178294), 2022-10-19 17:25:53
123318, [4527] Bolsa Cam,          0.0 ,            0.00, DIST/IN/03368                 , stock.move(121927), account.move(178295), 2022-10-19 17:38:36
123151, [4527] Bolsa Cam,          0.0 ,            0.00, DIST/IN/03369                 , stock.move(121932), account.move(178296), 2022-10-19 17:42:06
123174, [4527] Bolsa Cam,          0.0 ,            0.00, DIST/IN/03370                 , stock.move(121933), account.move(178297), 2022-10-19 17:44:44
123214, [4527] Bolsa Cam,          0.0 ,            0.00, DEP1/IN/04040                 , stock.move(120053), account.move(178900), 2022-10-26 11:00:59
125344, [4527] Bolsa Cam,          0.0 ,            0.00, DEP1/IN/04104                 , stock.move(123758), account.move(178908), 2022-10-26 11:08:08
122693, [4527] Bolsa Cam,          0.0 ,            0.00, DIST/OUT/10102                , stock.move(123837), account.move(178970), 2022-10-26 17:18:38
123724, [4527] Bolsa Cam,          0.0 ,            0.00, DIST/IN/03376                 , stock.move(123977), account.move(179103), 2022-10-27 10:48:31
123760, [4527] Bolsa Cam,          0.0 ,            0.00, DIST/IN/03377                 , stock.move(123985), account.move(179104), 2022-10-27 10:52:43
123193, [4527] Bolsa Cam,          0.0 ,            0.00, DEP1/IN/04107                 , stock.move(123762), account.move(179129), 2022-10-27 11:08:32
123742, [4527] Bolsa Cam,          0.0 ,            0.00, DIST/OUT/10130                , stock.move(124692), account.move(179441), 2022-10-28 16:54:27
124395, [4527] Bolsa Cam,          0.0 ,            0.00, DEP1/IN/04113                 , stock.move(124005), account.move(179714), 2022-10-31 11:33:59
125083, [4527] Bolsa Cam,          0.0 ,            0.00, DIST/OUT/10188                , stock.move(125395), account.move(179986), 2022-11-02 17:52:16
124910, [4527] Bolsa Cam,          0.0 ,            0.00, DIST/OUT/10206                , stock.move(125623), account.move(180071), 2022-11-03 18:29:52
124057, [4527] Bolsa Cam,          0.0 ,            0.00, DEP1/IN/04127                 , stock.move(124930), account.move(180156), 2022-11-07 12:56:11
123443, [4527] Bolsa Cam,          0.0 ,            0.00, DEP1/IN/04176                 , stock.move(126066), account.move(180157), 2022-11-07 13:08:58
124998, [4527] Bolsa Cam,          0.0 ,            0.00, DEP1/IN/04177                 , stock.move(126070), account.move(180160), 2022-11-07 13:32:04
124269, [4527] Bolsa Cam,          0.0 ,            0.00, DIST/OUT/10251                , stock.move(126413), account.move(180238), 2022-11-08 17:16:26
124092, [4527] Bolsa Cam,          0.0 ,            0.00, DIST/IN/03403                 , stock.move(126546), account.move(180514), 2022-11-10 17:13:34
122882, [4527] Bolsa Cam,          0.0 ,            0.00, DIST/OUT/10286                , stock.move(126652), account.move(180734), 2022-11-11 17:43:28
122747, [4527] Bolsa Cam,          0.0 ,            0.00, DIST/OUT/10320                , stock.move(127040), account.move(181423), 2022-11-16 17:58:18
122722, [4527] Bolsa Cam,          0.0 ,            0.00, DIST/OUT/10337                , stock.move(127167), account.move(181649), 2022-11-17 18:45:53
123186, [4527] Bolsa Cam,          0.0 ,            0.00, DIST/OUT/10427                , stock.move(129188), account.move(182549), 2022-11-23 17:41:57
124258, [4527] Bolsa Cam,          0.0 ,            0.00, DIST/OUT/10435                , stock.move(129267), account.move(182675), 2022-11-24 17:28:52
124027, [4527] Bolsa Cam,          0.0 ,            0.00, DEP1/IN/04225                 , stock.move(126758), account.move(182917), 2022-11-28 12:07:16
123312, [4527] Bolsa Cam,          0.0 ,            0.00, DEP1/IN/04180                 , stock.move(126094), account.move(183217), 2022-11-30 11:19:32
125249, [4527] Bolsa Cam,          0.0 ,            0.00, DIST/OUT/10511                , stock.move(131275), account.move(183283), 2022-11-30 18:26:36
124669, [4527] Bolsa Cam,          0.0 ,            0.00, DIST/OUT/10510                , stock.move(131271), account.move(183417), 2022-12-01 17:44:27
125339, [4527] Bolsa Cam,          0.0 ,            0.00, DEP1/IN/04338                 , stock.move(131614), account.move(183468), 2022-12-02 12:08:50
124184, [4527] Bolsa Cam,          0.0 ,            0.00, DEP1/IN/04339                 , stock.move(131615), account.move(183475), 2022-12-02 12:11:30
125720, [4527] Bolsa Cam,          0.0 ,            0.00, DIST/IN/03423                 , stock.move(132637), account.move(184073), 2022-12-06 11:53:41
123770, [4527] Bolsa Cam,          0.0 ,            0.00, DIST/IN/03424                 , stock.move(132638), account.move(184077), 2022-12-06 11:56:26
123731, [4527] Bolsa Cam,          0.0 ,            0.00, DIST/OUT/10591                , stock.move(133554), account.move(184298), 2022-12-07 17:40:33
124385, [4527] Bolsa Cam,          0.0 ,            0.00, DIST/OUT/10593                , stock.move(133573), account.move(184302), 2022-12-07 17:48:10
124823, [4527] Bolsa Cam,          0.0 ,            0.00, DEP1/IN/04224                 , stock.move(126757), account.move(184676), 2022-12-13 11:04:57
125025, [4527] Bolsa Cam,          0.0 ,            0.00, DEP1/IN/04395                 , stock.move(135015), account.move(185049), 2022-12-14 11:15:14
124280, [4527] Bolsa Cam,          0.0 ,            0.00, DEP1/IN/04412                 , stock.move(135743), account.move(185426), 2022-12-15 12:00:45
123882, [4527] Bolsa Cam,          0.0 ,            0.00, DEP1/IN/04430                 , stock.move(136471), account.move(185437), 2022-12-15 13:22:05
125019, [4527] Bolsa Cam,          0.0 ,            0.00, DIST/IN/03429                 , stock.move(136569), account.move(185438), 2022-12-15 13:28:23
124604, [4527] Bolsa Cam,          0.0 ,            0.00, DEP1/IN/04431                 , stock.move(136564), account.move(185439), 2022-12-15 13:28:41
123650, [4527] Bolsa Cam,          0.0 ,            0.00, DIST/OUT/10679                , stock.move(136150), account.move(185493), 2022-12-15 16:49:02
125934, [4527] Bolsa Cam,          0.0 ,            0.00, DIST/OUT/10722                , stock.move(136950), account.move(185628), 2022-12-16 18:20:01
124030, [4527] Bolsa Cam,          0.0 ,            0.00, DEP1/IN/04432                 , stock.move(136570), account.move(185670), 2022-12-19 12:10:24
124443, [4527] Bolsa Cam,          0.0 ,            0.00, DEP1/IN/04454                 , stock.move(137154), account.move(185975), 2022-12-20 11:56:05
124708, [4527] Bolsa Cam,          0.0 ,            0.00, DEP1/IN/04464                 , stock.move(137619), account.move(186039), 2022-12-20 13:22:20
125597, [4527] Bolsa Cam,          0.0 ,            0.00, DIST/OUT/10754                , stock.move(137813), account.move(186468), 2022-12-22 10:57:34
124845, [4527] Bolsa Cam,          0.0 ,            0.00, DEP1/IN/04466                 , stock.move(137732), account.move(186496), 2022-12-22 12:07:05
125020, [4527] Bolsa Cam,          0.0 ,            0.00, DEP1/IN/04483                 , stock.move(138693), account.move(186619), 2022-12-22 18:42:44
125119, [4527] Bolsa Cam,          0.0 ,            0.00, DEP1/IN/04398                 , stock.move(135068), account.move(186623), 2022-12-22 18:43:18
124361, [4527] Bolsa Cam,          0.0 ,            0.00, DIST/OUT/10767                , stock.move(138382), account.move(186628), 2022-12-22 18:52:16
123857, [4527] Bolsa Cam,          0.0 ,            0.00, DEP1/IN/04493                 , stock.move(139084), account.move(186681), 2022-12-23 12:35:29
124767, [4527] Bolsa Cam,          0.0 ,            0.00, DEP1/IN/04494                 , stock.move(139088), account.move(186808), 2022-12-26 11:32:39
124319, [4527] Bolsa Cam,          0.0 ,            0.00, DEP1/IN/04506                 , stock.move(139921), account.move(187564), 2022-12-29 18:59:50
125263, [4527] Bolsa Cam,          0.0 ,            0.00, DIST/OUT/10838                , stock.move(140296), account.move(187565), 2022-12-29 19:00:22
125460, [4527] Bolsa Cam,          0.0 ,            0.00, DIST/OUT/10861                , stock.move(140855), account.move(187569), 2022-12-29 19:03:07
125674, [4527] Bolsa Cam,          0.0 ,            0.00, PYG                           , stock.move(139352), account.move(187818), 2023-01-02 10:02:40
124738, [4527] Bolsa Cam,          0.0 ,            0.00, PYG                           , stock.move(140989), account.move(187820), 2023-01-02 10:18:46
124508, [4527] Bolsa Cam,          0.0 ,            0.00, PYG                           , stock.move(138577), account.move(187825), 2023-01-02 10:40:42
125771, [4527] Bolsa Cam,          0.0 ,            0.00, PYG                           , stock.move(140990), account.move(189399), 2023-01-06 17:38:37
124086, [4527] Bolsa Cam,          0.0 ,            0.00, DIST/IN/03447                 , stock.move(142705), account.move(189434), 2023-01-09 10:57:16
124079, [4527] Bolsa Cam,          0.0 ,            0.00, PYG                           , stock.move(142540), account.move(190360), 2023-01-12 12:04:53
125258, [4527] Bolsa Cam,          0.0 ,            0.00, DIST/OUT/10909                , stock.move(143651), account.move(190373), 2023-01-12 16:49:36
123972, [4527] Bolsa Cam,          0.0 ,            0.00, PYG                           , stock.move(144269), account.move(190495), 2023-01-16 11:05:28
125863, [4527] Bolsa Cam,          0.0 ,            0.00, PYG                           , stock.move(145689), account.move(190496), 2023-01-16 11:07:37
123806, [4527] Bolsa Cam,          0.0 ,            0.00, PYG                           , stock.move(145696), account.move(190497), 2023-01-16 11:08:46
125734, [4527] Bolsa Cam,          0.0 ,            0.00, PYG                           , stock.move(145699), account.move(190516), 2023-01-16 12:14:21
124140, [4527] Bolsa Cam,          0.0 ,            0.00, PYG                           , stock.move(145804), account.move(190722), 2023-01-17 14:10:11
124093, [4527] Bolsa Cam,          0.0 ,            0.00, DIST/OUT/10953                , stock.move(147465), account.move(191173), 2023-01-19 09:09:27
123958, [4527] Bolsa Cam,          0.0 ,            0.00, DIST/OUT/10956                , stock.move(147634), account.move(191272), 2023-01-19 18:20:29
124841, [4527] Bolsa Cam,          0.0 ,            0.00, DIST/OUT/11028                , stock.move(149120), account.move(192136), 2023-01-26 11:38:53
124825, [4527] Bolsa Cam,          0.0 ,            0.00, DIST/OUT/11033                , stock.move(149170), account.move(192184), 2023-01-26 17:05:09
124257, [4527] Bolsa Cam,          0.0 ,            0.00, PYG                           , stock.move(140995), account.move(192427), 2023-01-30 10:45:19
125645, [4527] Bolsa Cam,          0.0 ,            0.00, DIST/OUT/11054                , stock.move(149690), account.move(192437), 2023-01-30 11:28:22
125173, [4527] Bolsa Cam,          0.0 ,            0.00, PYG                           , stock.move(149670), account.move(192875), 2023-02-01 17:18:23
125692, [4527] Bolsa Cam,          0.0 ,            0.00, DIST/OUT/11079                , stock.move(150667), account.move(192882), 2023-02-01 18:46:50
125585, [4527] Bolsa Cam,          0.0 ,            0.00, PYG                           , stock.move(150680), account.move(193827), 2023-02-07 09:21:48
126314, [4527] Bolsa Cam,          0.0 ,            0.00, DIST/OUT/11126                , stock.move(152011), account.move(193828), 2023-02-07 09:22:05
126006, [4527] Bolsa Cam,          0.0 ,            0.00, PYG                           , stock.move(150665), account.move(194052), 2023-02-08 18:12:47
125775, [4527] Bolsa Cam,          0.0 ,            0.00, DIST/OUT/11152                , stock.move(152489), account.move(194053), 2023-02-08 18:13:15
125091, [4527] Bolsa Cam,          0.0 ,            0.00, PYG                           , stock.move(152507), account.move(194249), 2023-02-09 17:59:48
126223, [4527] Bolsa Cam,          0.0 ,            0.00, DIST/OUT/11165                , stock.move(152637), account.move(194250), 2023-02-09 18:00:52
123584, [4527] Bolsa Cam,          0.0 ,            0.00, PYG                           , stock.move(146738), account.move(194272), 2023-02-10 12:38:57
126045, [4527] Bolsa Cam,          0.0 ,            0.00, PYG                           , stock.move(152634), account.move(194307), 2023-02-10 17:43:07
125772, [4527] Bolsa Cam,          0.0 ,            0.00, PYG                           , stock.move(135069), account.move(194364), 2023-02-13 12:34:41
125919, [4527] Bolsa Cam,          0.0 ,            0.00, DIST/OUT/11190                , stock.move(154235), account.move(194526), 2023-02-13 18:21:28
125574, [4527] Bolsa Cam,          0.0 ,            0.00, PYG                           , stock.move(153037), account.move(194600), 2023-02-14 11:09:34
126117, [4527] Bolsa Cam,          0.0 ,            0.00, PYG                           , stock.move(154010), account.move(194695), 2023-02-14 13:53:42
126120, [4527] Bolsa Cam,          0.0 ,            0.00, DIST/OUT/11203                , stock.move(155040), account.move(194797), 2023-02-15 17:12:14
126033, [4527] Bolsa Cam,          0.0 ,            0.00, PYG                           , stock.move(154617), account.move(194895), 2023-02-16 11:06:05
125405, [4527] Bolsa Cam,          0.0 ,            0.00, PYG                           , stock.move(154518), account.move(194983), 2023-02-17 10:36:42
126266, [4527] Bolsa Cam,          0.0 ,            0.00, PYG                           , stock.move(155455), account.move(194984), 2023-02-17 10:36:42
126281, [4527] Bolsa Cam,          0.0 ,            0.00, PYG                           , stock.move(155458), account.move(194998), 2023-02-17 10:54:32
126207, [4527] Bolsa Cam,          0.0 ,            0.00, DIST/IN/03469                 , stock.move(155459), account.move(195003), 2023-02-17 10:56:31
126276, [4527] Bolsa Cam,          0.0 ,            0.00, DIST/OUT/11231                , stock.move(155583), account.move(195056), 2023-02-17 17:04:09
125191, [4527] Bolsa Cam,          0.0 ,            0.00, PYG                           , stock.move(155237), account.move(195587), 2023-02-22 10:17:08
125098, [4527] Bolsa Cam,          0.0 ,            0.00, PYG                           , stock.move(157770), account.move(195658), 2023-02-22 11:03:22
125822, [4527] Bolsa Cam,          0.0 ,            0.00, DIST/OUT/11274                , stock.move(158062), account.move(195722), 2023-02-22 17:52:42
123943, [4527] Bolsa Cam,          0.0 ,            0.00, PYG                           , stock.move(135055), account.move(196171), 2023-02-24 14:59:15
125294, [4527] Bolsa Cam,          0.0 ,            0.00, DIST/IN/03475                 , stock.move(159797), account.move(196323), 2023-02-28 11:50:15
125104, [4527] Bolsa Cam,          0.0 ,            0.00, DIST/OUT/11320                , stock.move(159826), account.move(196414), 2023-03-01 09:34:01
126302, [4527] Bolsa Cam,          0.0 ,            0.00, DIST/OUT/11282                , stock.move(158847), account.move(196415), 2023-03-01 09:36:11
126777, [4527] Bolsa Cam,          0.0 ,            0.00, DIST/OUT/11339                , stock.move(160076), account.move(196449), 2023-03-01 18:17:43
126680, [4527] Bolsa Cam,          0.0 ,            0.00, DIST/IN/03482                 , stock.move(160698), account.move(196517), 2023-03-02 13:13:00
126845, [4527] Bolsa Cam,          0.0 ,            0.00, DIST/IN/03483                 , stock.move(160848), account.move(196538), 2023-03-02 16:30:10
126522, [4527] Bolsa Cam,          0.0 ,            0.00, DIST/IN/03484                 , stock.move(160856), account.move(196539), 2023-03-02 16:33:10
126636, [4527] Bolsa Cam,          0.0 ,            0.00, DIST/IN/03485                 , stock.move(160880), account.move(196540), 2023-03-02 16:37:34
126464, [4527] Bolsa Cam,          0.0 ,            0.00, DIST/IN/03486                 , stock.move(160883), account.move(196542), 2023-03-02 16:40:56
126500, [4527] Bolsa Cam,          0.0 ,            0.00, DIST/IN/03487                 , stock.move(160890), account.move(196547), 2023-03-02 16:45:38
126224, [4527] Bolsa Cam,          0.0 ,            0.00, PYG                           , stock.move(152077), account.move(196788), 2023-03-03 12:25:39
126715, [4527] Bolsa Cam,          0.0 ,            0.00, DIST/OUT/11371                , stock.move(161523), account.move(196841), 2023-03-03 17:08:21
126212, [4527] Bolsa Cam,          0.0 ,            0.00, PYG                           , stock.move(157826), account.move(197102), 2023-03-07 11:04:10
126603, [4527] Bolsa Cam,          0.0 ,            0.00, PYG                           , stock.move(163434), account.move(197108), 2023-03-07 11:27:22
126620, [4527] Bolsa Cam,          0.0 ,            0.00, DIST/OUT/11429                , stock.move(164074), account.move(197363), 2023-03-08 18:11:01
126652, [4527] Bolsa Cam,          0.0 ,            0.00, PYG                           , stock.move(164206), account.move(197790), 2023-03-10 14:43:08
126426, [4527] Bolsa Cam,          0.0 ,            0.00, DIST/OUT/11428                , stock.move(164073), account.move(197791), 2023-03-10 14:43:37
126707, [4527] Bolsa Cam,          0.0 ,            0.00, PYG                           , stock.move(164879), account.move(198562), 2023-03-15 16:20:35
126361, [4527] Bolsa Cam,          0.0 ,            0.00, DIST/OUT/11515                , stock.move(165922), account.move(198563), 2023-03-15 16:20:56
126739, [4527] Bolsa Cam,          0.0 ,            0.00, DIST/OUT/11513                , stock.move(165920), account.move(198564), 2023-03-15 16:22:59
126495, [4527] Bolsa Cam,          0.0 ,            0.00, DIST/IN/03496                 , stock.move(166167), account.move(198633), 2023-03-16 11:07:45
126579, [4527] Bolsa Cam,          0.0 ,            0.00, DIST/OUT/11540                , stock.move(166541), account.move(198862), 2023-03-17 17:26:53
126626, [4527] Bolsa Cam,          0.0 ,            0.00, DIST/OUT/11584                , stock.move(167685), account.move(199856), 2023-03-23 16:07:09
126829, [4527] Bolsa Cam,          0.0 ,            0.00, DIST/OUT/11567                , stock.move(167270), account.move(199996), 2023-03-23 17:07:41
126861, [4527] Bolsa Cam,          0.0 ,            0.00, PYG                           , stock.move(163443), account.move(200049), 2023-03-23 18:25:26
126587, [4527] Bolsa Cam,          0.0 ,            0.00, PYG                           , stock.move(168511), account.move(200098), 2023-03-24 12:25:36
126572, [4527] Bolsa Cam,          0.0 ,            0.00, PYG                           , stock.move(168416), account.move(200392), 2023-03-27 13:21:17
126530, [4527] Bolsa Cam,          0.0 ,            0.00, PYG                           , stock.move(160946), account.move(200398), 2023-03-27 13:29:23
126590, [4527] Bolsa Cam,          0.0 ,            0.00, PYG                           , stock.move(169692), account.move(200421), 2023-03-27 18:35:21
127225, [4527] Bolsa Cam,          0.0 ,            0.00, DIST/OUT/11638                , stock.move(170101), account.move(200643), 2023-03-28 19:11:28
126757, [4527] Bolsa Cam,          0.0 ,            0.00, PYG                           , stock.move(163594), account.move(200879), 2023-03-29 11:59:21
126397, [4527] Bolsa Cam,          0.0 ,            0.00, PYG                           , stock.move(169413), account.move(200885), 2023-03-29 12:07:08
127121, [4527] Bolsa Cam,          0.0 ,            0.00, DIST/OUT/11658                , stock.move(171036), account.move(201103), 2023-03-29 18:54:17
127337, [4527] Bolsa Cam,          0.0 ,            0.00, DIST/OUT/11649                , stock.move(170922), account.move(201120), 2023-03-29 19:19:31
127216, [4527] Bolsa Cam,          0.0 ,            0.00, PYG                           , stock.move(171930), account.move(201455), 2023-03-31 12:55:52
127250, [4527] Bolsa Cam,          0.0 ,            0.00, DIST/OUT/11688                , stock.move(172006), account.move(201563), 2023-03-31 18:46:50
127258, [4527] Bolsa Cam,          0.0 ,            0.00, DIST/OUT/11705                , stock.move(173399), account.move(201767), 2023-04-03 19:15:33
127125, [4527] Bolsa Cam,          0.0 ,            0.00, PYG                           , stock.move(173888), account.move(201846), 2023-04-04 09:50:56
127232, [4527] Bolsa Cam,          0.0 ,            0.00, DIST/OUT/11719                , stock.move(173887), account.move(201847), 2023-04-04 09:51:07
127271, [4527] Bolsa Cam,          0.0 ,            0.00, DIST/OUT/11725                , stock.move(174102), account.move(202055), 2023-04-05 15:10:11
126964, [4527] Bolsa Cam,          0.0 ,            0.00, PYG                           , stock.move(173889), account.move(202119), 2023-04-10 12:38:59
126974, [4527] Bolsa Cam,          0.0 ,            0.00, DIST/OUT/11768                , stock.move(175941), account.move(202195), 2023-04-10 19:27:27
127293, [4527] Bolsa Cam,          0.0 ,            0.00, PYG                           , stock.move(175304), account.move(202336), 2023-04-12 12:04:00
127035, [4527] Bolsa Cam,          0.0 ,            0.00, PYG                           , stock.move(176832), account.move(202358), 2023-04-12 12:16:31
127027, [4527] Bolsa Cam,          0.0 ,            0.00, PYG                           , stock.move(177118), account.move(202599), 2023-04-12 19:38:59
127057, [4527] Bolsa Cam,          0.0 ,            0.00, DIST/IN/03513                 , stock.move(177280), account.move(203076), 2023-04-13 12:47:25
126981, [4527] Bolsa Cam,          0.0 ,            0.00, DIST/IN/03514                 , stock.move(177281), account.move(203077), 2023-04-13 12:51:34
127251, [4527] Bolsa Cam,          0.0 ,            0.00, DIST/IN/03515                 , stock.move(177282), account.move(203078), 2023-04-13 12:54:39
126909, [4527] Bolsa Cam,          0.0 ,            0.00, DIST/IN/03516                 , stock.move(177290), account.move(203079), 2023-04-13 13:00:34
126955, [4527] Bolsa Cam,          0.0 ,            0.00, DIST/OUT/11813                , stock.move(177773), account.move(203139), 2023-04-14 13:07:49
126934, [4527] Bolsa Cam,          0.0 ,            0.00, PYG                           , stock.move(178038), account.move(203145), 2023-04-14 14:52:16
126976, [4527] Bolsa Cam,          0.0 ,            0.00, DIST/OUT/11823                , stock.move(179135), account.move(203241), 2023-04-17 19:06:50
127279, [4527] Bolsa Cam,          0.0 ,            0.00, PYG                           , stock.move(176841), account.move(203270), 2023-04-18 14:29:43
127178, [4527] Bolsa Cam,          0.0 ,            0.00, PYG                           , stock.move(179298), account.move(203271), 2023-04-18 14:31:04
127267, [4527] Bolsa Cam,          0.0 ,            0.00, PYG                           , stock.move(179431), account.move(203282), 2023-04-18 17:01:47
127043, [4527] Bolsa Cam,          0.0 ,            0.00, DIST/OUT/11851                , stock.move(179854), account.move(203405), 2023-04-19 18:35:03
127014, [4527] Bolsa Cam,          0.0 ,            0.00, DIST/OUT/11853                , stock.move(179906), account.move(203418), 2023-04-19 18:41:25
127420, [4527] Bolsa Cam,          0.0 ,            0.00, DIST/IN/03520                 , stock.move(180099), account.move(203532), 2023-04-20 12:23:38
127930, [4527] Bolsa Cam,          0.0 ,            0.00, PYG                           , stock.move(180277), account.move(203630), 2023-04-20 15:52:52
127587, [4527] Bolsa Cam,          0.0 ,            0.00, DIST/OUT/11883                , stock.move(180613), account.move(204138), 2023-04-24 10:11:39
127786, [4527] Bolsa Cam,          0.0 ,            0.00, DIST/OUT/11900                , stock.move(180866), account.move(204306), 2023-04-24 18:10:44
127979, [4527] Bolsa Cam,          0.0 ,            0.00, DIST/OUT/11902                , stock.move(180890), account.move(204311), 2023-04-24 19:03:32
127482, [4527] Bolsa Cam,          0.0 ,            0.00, DIST/IN/03525                 , stock.move(181024), account.move(204352), 2023-04-25 13:05:52
127731, [4527] Bolsa Cam,          0.0 ,            0.00, DIST/OUT/11960                , stock.move(182603), account.move(205345), 2023-04-28 18:31:01
127853, [4527] Bolsa Cam,          0.0 ,            0.00, DIST/OUT/11961                , stock.move(182604), account.move(205347), 2023-04-28 18:33:46
127919, [4527] Bolsa Cam,          0.0 ,            0.00, DIST/OUT/11981                , stock.move(183335), account.move(205692), 2023-05-03 10:52:47
127832, [4527] Bolsa Cam,          0.0 ,            0.00, DIST/OUT/12030                , stock.move(185341), account.move(206262), 2023-05-05 19:43:03
126935, [4527] Bolsa Cam,          0.0 ,            0.00, PYG                           , stock.move(171382), account.move(206310), 2023-05-08 12:29:46
127524, [4527] Bolsa Cam,          0.0 ,            0.00, PYG                           , stock.move(185620), account.move(206315), 2023-05-08 12:48:55
127762, [4527] Bolsa Cam,          0.0 ,            0.00, DIST/OUT/12040                , stock.move(185703), account.move(206358), 2023-05-08 19:23:15
127926, [4527] Bolsa Cam,          0.0 ,            0.00, DIST/OUT/12042                , stock.move(185767), account.move(206360), 2023-05-08 19:25:50
127776, [4527] Bolsa Cam,          0.0 ,            0.00, PYG                           , stock.move(185606), account.move(206489), 2023-05-09 12:11:38
127636, [4527] Bolsa Cam,          0.0 ,            0.00, PYG                           , stock.move(181844), account.move(206650), 2023-05-10 11:44:49
127957, [4527] Bolsa Cam,          0.0 ,            0.00, PYG                           , stock.move(186032), account.move(206651), 2023-05-10 11:46:10
127514, [4527] Bolsa Cam,          0.0 ,            0.00, PYG                           , stock.move(186288), account.move(206656), 2023-05-10 11:48:40
127935, [4527] Bolsa Cam,          0.0 ,            0.00, PYG                           , stock.move(186286), account.move(207087), 2023-05-11 13:20:36
127559, [4527] Bolsa Cam,          0.0 ,            0.00, PYG                           , stock.move(186287), account.move(207088), 2023-05-11 13:22:56
127833, [4527] Bolsa Cam,          0.0 ,            0.00, PYG                           , stock.move(186643), account.move(207089), 2023-05-11 13:24:02
127461, [4527] Bolsa Cam,          0.0 ,            0.00, DIST/IN/03541                 , stock.move(186645), account.move(207090), 2023-05-11 13:29:46
127667, [4527] Bolsa Cam,          0.0 ,            0.00, DIST/OUT/12096                , stock.move(186972), account.move(207402), 2023-05-12 17:46:18
127892, [4527] Bolsa Cam,          0.0 ,            0.00, PYG                           , stock.move(186644), account.move(207412), 2023-05-12 18:09:36
127962, [4527] Bolsa Cam,          0.0 ,            0.00, PYG                           , stock.move(186986), account.move(207627), 2023-05-16 15:00:16
127909, [4527] Bolsa Cam,          0.0 ,            0.00, DIST/OUT/12115                , stock.move(187500), account.move(207666), 2023-05-16 18:11:34
127571, [4527] Bolsa Cam,          0.0 ,            0.00, DIST/OUT/12126                , stock.move(187845), account.move(207851), 2023-05-17 19:07:20
127480, [4527] Bolsa Cam,          0.0 ,            0.00, PYG                           , stock.move(187442), account.move(207976), 2023-05-18 12:58:47
127977, [4527] Bolsa Cam,          0.0 ,            0.00, PYG                           , stock.move(186642), account.move(208058), 2023-05-19 13:04:17
127573, [4527] Bolsa Cam,          0.0 ,            0.00, DIST/OUT/12165                , stock.move(189882), account.move(208146), 2023-05-22 10:45:42
127747, [4527] Bolsa Cam,          0.0 ,            0.00, PYG                           , stock.move(188528), account.move(208177), 2023-05-22 12:00:52
127903, [4527] Bolsa Cam,          0.0 ,            0.00, PYG                           , stock.move(189891), account.move(208186), 2023-05-22 12:06:46
127605, [4527] Bolsa Cam,          0.0 ,            0.00, DIST/OUT/12172                , stock.move(189939), account.move(208421), 2023-05-22 19:00:10
128487, [4527] Bolsa Cam,          0.0 ,            0.00, DIST/IN/03549                 , stock.move(190295), account.move(208610), 2023-05-24 12:19:03
128548, [4527] Bolsa Cam,          0.0 ,            0.00, DIST/IN/03550                 , stock.move(190296), account.move(208611), 2023-05-24 12:22:24
128684, [4527] Bolsa Cam,          0.0 ,            0.00, DIST/IN/03551                 , stock.move(190298), account.move(208613), 2023-05-24 12:27:41
128139, [4527] Bolsa Cam,          0.0 ,            0.00, DIST/IN/03552                 , stock.move(190299), account.move(208617), 2023-05-24 12:41:10
128380, [4527] Bolsa Cam,          0.0 ,            0.00, DIST/IN/03553                 , stock.move(190300), account.move(208618), 2023-05-24 12:43:45
128567, [4527] Bolsa Cam,          0.0 ,            0.00, DIST/IN/03554                 , stock.move(190301), account.move(208619), 2023-05-24 12:46:22
128486, [4527] Bolsa Cam,          0.0 ,            0.00, DIST/OUT/12227                , stock.move(190809), account.move(208980), 2023-05-26 10:36:54
128228, [4527] Bolsa Cam,          0.0 ,            0.00, DIST/OUT/12229                , stock.move(190921), account.move(209095), 2023-05-26 17:13:14
128677, [4527] Bolsa Cam,          0.0 ,            0.00, DIST/OUT/12246                , stock.move(191518), account.move(209219), 2023-05-29 17:35:56
127849, [4527] Bolsa Cam,          0.0 ,            0.00, PYG                           , stock.move(189892), account.move(209455), 2023-05-31 12:12:31
128461, [4527] Bolsa Cam,          0.0 ,            0.00, DIST/OUT/12295                , stock.move(192399), account.move(210011), 2023-06-01 18:12:18
128607, [4527] Bolsa Cam,          0.0 ,            0.00, DIST/OUT/12308                , stock.move(192660), account.move(210307), 2023-06-02 18:46:51
128232, [4527] Bolsa Cam,          0.0 ,            0.00, DIST/OUT/12329                , stock.move(194859), account.move(210805), 2023-06-05 18:47:57
128208, [4527] Bolsa Cam,          0.0 ,            0.00, DIST/OUT/12386                , stock.move(195540), account.move(211259), 2023-06-08 19:06:07
128030, [4527] Bolsa Cam,          0.0 ,            0.00, DIST/OUT/12390                , stock.move(195662), account.move(211391), 2023-06-09 18:43:32
128686, [4527] Bolsa Cam,          0.0 ,            0.00, DIST/OUT/12408                , stock.move(196383), account.move(211678), 2023-06-13 19:22:02
128331, [4527] Bolsa Cam,          0.0 ,            0.00, DIST/OUT/12448                , stock.move(196603), account.move(212205), 2023-06-16 12:14:47
128671, [4527] Bolsa Cam,          0.0 ,            0.00, DIST/OUT/12467                , stock.move(196847), account.move(212401), 2023-06-16 18:45:05
128501, [4527] Bolsa Cam,          0.0 ,            0.00, DIST/IN/03573                 , stock.move(196946), account.move(212615), 2023-06-19 12:10:06
128554, [4527] Bolsa Cam,          0.0 ,            0.00, DIST/IN/03575                 , stock.move(196953), account.move(212617), 2023-06-19 12:17:42
128558, [4527] Bolsa Cam,          0.0 ,            0.00, DIST/IN/03576                 , stock.move(196956), account.move(212620), 2023-06-19 12:30:28
128760, [4527] Bolsa Cam,          0.0 ,            0.00, DIST/OUT/12474                , stock.move(196967), account.move(212705), 2023-06-19 19:19:58
127687, [4527] Bolsa Cam,          0.0 ,            0.00, PYG                           , stock.move(188011), account.move(213115), 2023-06-22 11:47:09
128613, [4527] Bolsa Cam,          0.0 ,            0.00, PYG                           , stock.move(197449), account.move(213120), 2023-06-22 11:50:06
128495, [4527] Bolsa Cam,          0.0 ,            0.00, PYG                           , stock.move(197450), account.move(213123), 2023-06-22 11:52:21
128186, [4527] Bolsa Cam,          0.0 ,            0.00, DIST/OUT/12525                , stock.move(197490), account.move(213144), 2023-06-22 19:00:22
128652, [4527] Bolsa Cam,          0.0 ,            0.00, PYG                           , stock.move(197564), account.move(213154), 2023-06-23 11:18:37
128192, [4527] Bolsa Cam,          0.0 ,            0.00, DIST/OUT/12532                , stock.move(197590), account.move(213212), 2023-06-23 13:41:44
128290, [4527] Bolsa Cam,          0.0 ,            0.00, PYG                           , stock.move(197957), account.move(213468), 2023-06-26 12:11:33
128491, [4527] Bolsa Cam,          0.0 ,            0.00, DIST/OUT/12543                , stock.move(198029), account.move(213628), 2023-06-27 09:42:40
128292, [4527] Bolsa Cam,          0.0 ,            0.00, DIST/OUT/12582                , stock.move(199287), account.move(214055), 2023-06-28 19:20:12
128481, [4527] Bolsa Cam,          0.0 ,            0.00, DIST/OUT/12600                , stock.move(199449), account.move(214762), 2023-06-30 11:32:25
128319, [4527] Bolsa Cam,          0.0 ,            0.00, PYG                           , stock.move(196526), account.move(214768), 2023-06-30 13:10:21
128299, [4527] Bolsa Cam,          0.0 ,            0.00, DIST/IN/03584                 , stock.move(199520), account.move(214771), 2023-06-30 13:44:35
128699, [4527] Bolsa Cam,          0.0 ,            0.00, DIST/OUT/12620                , stock.move(199513), account.move(214781), 2023-06-30 13:59:14
158017, [4527] Bolsa Cam,          0.0 ,            0.00, PYG                           , stock.move(199835), account.move(219309), 2023-07-03 19:48:41.593558
158018, [4527] Bolsa Cam,          0.0 ,            0.00, DIST/OUT/12645 - Bolsa Cam. Am, stock.move(199772), account.move(219310), 2023-07-03 19:55:53.493692
158650, [4527] Bolsa Cam,          0.0 ,            0.00, DIST/OUT/12705 - Bolsa Cam. Am, stock.move(200736), account.move(219619), 2023-07-06 17:41:20.944003
158672, [4527] Bolsa Cam,          0.0 ,            0.00, DIST/OUT/12707 - Bolsa Cam. Am, stock.move(200767), account.move(219654), 2023-07-06 19:15:42.279569
159035, [4527] Bolsa Cam,          0.0 ,            0.00, DIST/IN/03594 - Bolsa Cam. Ama, stock.move(201660), account.move(219981), 2023-07-10 14:02:11.966569
159036, [4527] Bolsa Cam,          0.0 ,            0.00, DIST/IN/03595 - Bolsa Cam. Ama, stock.move(201747), account.move(220032), 2023-07-10 17:11:47.021892
159037, [4527] Bolsa Cam,          0.0 ,            0.00, DIST/IN/03596 - Bolsa Cam. Ama, stock.move(201766), account.move(220036), 2023-07-10 17:16:19.586651
159076, [4527] Bolsa Cam,          0.0 ,            0.00, DIST/OUT/12753 - Bolsa Cam. Am, stock.move(202032), account.move(220129), 2023-07-11 10:22:08.032900
159099, [4527] Bolsa Cam,          0.0 ,            0.00, PYG                           , stock.move(202195), account.move(220162), 2023-07-11 13:07:05.798785
159799, [4527] Bolsa Cam,          0.0 ,            0.00, DIST/OUT/12771 - Bolsa Cam. Am, stock.move(202531), account.move(220393), 2023-07-12 18:45:45.365072
159998, [4527] Bolsa Cam,          0.0 ,            0.00, DIST/OUT/12794 - Bolsa Cam. Am, stock.move(202977), account.move(220567), 2023-07-13 18:43:24.315891
160245, [4527] Bolsa Cam,          0.0 ,            0.00, PYG                           , stock.move(203263), account.move(220698), 2023-07-14 12:47:37.201955
160249, [4527] Bolsa Cam,          0.0 ,            0.00, PYG                           , stock.move(203268), account.move(220700), 2023-07-14 12:50:09.579661
160267, [4527] Bolsa Cam,          0.0 ,            0.00, PYG                           , stock.move(203302), account.move(220710), 2023-07-14 13:02:54.143795
160279, [4527] Bolsa Cam,          0.0 ,            0.00, PYG                           , stock.move(203303), account.move(220717), 2023-07-14 13:09:45.101570
160289, [4527] Bolsa Cam,          0.0 ,            0.00, PYG                           , stock.move(203327), account.move(220723), 2023-07-14 13:14:32.263374
160314, [4527] Bolsa Cam,          0.0 ,            0.00, PYG                           , stock.move(203346), account.move(220726), 2023-07-14 13:37:12.401081
161073, [4527] Bolsa Cam,          0.0 ,            0.00, DIST/OUT/12818 - Bolsa Cam. Am, stock.move(204117), account.move(221188), 2023-07-17 19:22:07.715503
161247, [4527] Bolsa Cam,          0.0 ,            0.00, DIST/OUT/12852 - Bolsa Cam. Am, stock.move(204915), account.move(221287), 2023-07-18 18:03:16.054856
161324, [4527] Bolsa Cam,          0.0 ,            0.00, PYG                           , stock.move(204969), account.move(221334), 2023-07-19 11:29:09.956313
161782, [4527] Bolsa Cam,          0.0 ,            0.00, DIST/OUT/12875 - Bolsa Cam. Am, stock.move(205555), account.move(221483), 2023-07-20 19:27:36.059075
162277, [4527] Bolsa Cam,          0.0 ,            0.00, DIST/IN/03602 - Bolsa Cam. Ama, stock.move(206315), account.move(221668), 2023-07-24 11:58:07.820801
162287, [4527] Bolsa Cam,          0.0 ,            0.00, DIST/IN/03603 - Bolsa Cam. Ama, stock.move(206334), account.move(221673), 2023-07-24 12:02:48.604354
162478, [4527] Bolsa Cam,          0.0 ,            0.00, DIST/OUT/12906 - Bolsa Cam. Am, stock.move(206755), account.move(221839), 2023-07-24 18:11:43.255593
162510, [4527] Bolsa Cam,          0.0 ,            0.00, DIST/IN/03604 - Bolsa Cam. Ama, stock.move(206813), account.move(221881), 2023-07-24 19:21:46.101676
162511, [4527] Bolsa Cam,          0.0 ,            0.00, DIST/IN/03605 - Bolsa Cam. Ama, stock.move(206815), account.move(221885), 2023-07-24 19:24:45.190757
162938, [4527] Bolsa Cam,          0.0 ,            0.00, PYG                           , stock.move(203389), account.move(222098), 2023-07-26 11:38:55.942255
162976, [4527] Bolsa Cam,          0.0 ,            0.00, DIST/OUT/12929 - Bolsa Cam. Am, stock.move(207432), account.move(222160), 2023-07-26 17:39:03.051350
163227, [4527] Bolsa Cam,          0.0 ,            0.00, PYG                           , stock.move(207390), account.move(222301), 2023-07-27 13:18:00.282934
163351, [4527] Bolsa Cam,          0.0 ,            0.00, DIST/OUT/12945 - Bolsa Cam. Am, stock.move(207998), account.move(222358), 2023-07-27 19:00:56.554926
163495, [4527] Bolsa Cam,          0.0 ,            0.00, PYG                           , stock.move(208185), account.move(222392), 2023-07-28 12:34:14.786654
163565, [4527] Bolsa Cam,          0.0 ,            0.00, PYG                           , stock.move(208186), account.move(222467), 2023-07-28 17:48:32.252514
164165, [4527] Bolsa Cam,          0.0 ,            0.00, DIST/OUT/12970 - Bolsa Cam. Am, stock.move(208937), account.move(222709), 2023-08-01 10:27:55.360581
164603, [4527] Bolsa Cam,          0.0 ,            0.00, DIST/OUT/12991 - Bolsa Cam. Am, stock.move(209394), account.move(222880), 2023-08-01 18:14:18.056565
164955, [4527] Bolsa Cam,          0.0 ,            0.00, DIST/OUT/12997 - Bolsa Cam. Am, stock.move(209714), account.move(223201), 2023-08-02 19:18:09.780217
165105, [4527] Bolsa Cam,          0.0 ,            0.00, PYG                           , stock.move(205910), account.move(223273), 2023-08-03 12:08:02.896070
165598, [4527] Bolsa Cam,          0.0 ,            0.00, DIST/OUT/13051 - Bolsa Cam. Am, stock.move(210992), account.move(223627), 2023-08-04 18:41:54.046864
166152, [4527] Bolsa Cam,          0.0 ,            0.00, PYG                           , stock.move(210231), account.move(223850), 2023-08-07 13:15:02.654404
166335, [4527] Bolsa Cam,          0.0 ,            0.00, DIST/OUT/13065 - Bolsa Cam. Am, stock.move(211937), account.move(223938), 2023-08-07 19:03:34.201226
166519, [4527] Bolsa Cam,          0.0 ,            0.00, DIST/OUT/13090 - Bolsa Cam. Am, stock.move(212232), account.move(224293), 2023-08-09 18:24:45.714145
166564, [4527] Bolsa Cam,          0.0 ,            0.00, PYG                           , stock.move(211734), account.move(224361), 2023-08-10 11:43:54.469739
166567, [4527] Bolsa Cam,          0.0 ,            0.00, PYG                           , stock.move(212249), account.move(224369), 2023-08-10 12:01:03.826206
166572, [4527] Bolsa Cam,          0.0 ,            0.00, PYG                           , stock.move(208292), account.move(224385), 2023-08-10 12:36:08.328916
166579, [4527] Bolsa Cam,          0.0 ,            0.00, PYG                           , stock.move(212256), account.move(224414), 2023-08-10 13:37:57.174618
166606, [4527] Bolsa Cam,          0.0 ,            0.00, DIST/OUT/13096 - Bolsa Cam. Am, stock.move(212271), account.move(224480), 2023-08-10 18:17:44.548129
166679, [4527] Bolsa Cam,          0.0 ,            0.00, DIST/OUT/13107 - Bolsa Cam. Am, stock.move(212373), account.move(224654), 2023-08-14 10:41:55.223970
166687, [4527] Bolsa Cam,          0.0 ,            0.00, PYG                           , stock.move(212253), account.move(224686), 2023-08-14 13:28:11.555386
166713, [4527] Bolsa Cam,          0.0 ,            0.00, DIST/OUT/13125 - Bolsa Cam. Am, stock.move(212463), account.move(224717), 2023-08-14 17:45:53.209181
166828, [4527] Bolsa Cam,          0.0 ,            0.00, DIST/OUT/13152 - Bolsa Cam. Am, stock.move(212625), account.move(225036), 2023-08-17 18:38:58.440736
166901, [4527] Bolsa Cam,          0.0 ,            0.00, PYG                           , stock.move(212445), account.move(225102), 2023-08-18 12:06:20.645254
166904, [4527] Bolsa Cam,          0.0 ,            0.00, PYG                           , stock.move(212741), account.move(225107), 2023-08-18 12:14:18.272509
166910, [4527] Bolsa Cam,          0.0 ,            0.00, DIST/OUT/13166 - Bolsa Cam. Am, stock.move(212749), account.move(225147), 2023-08-18 18:28:49.473045
167083, [4527] Bolsa Cam,          0.0 ,            0.00, DIST/IN/03625 - Bolsa Cam. Ama, stock.move(212975), account.move(225383), 2023-08-21 12:35:54.849971
167084, [4527] Bolsa Cam,          0.0 ,            0.00, DIST/IN/03626 - Bolsa Cam. Ama, stock.move(212976), account.move(225385), 2023-08-21 12:39:57.214914
167093, [4527] Bolsa Cam,          0.0 ,            0.00, DIST/IN/03627 - Bolsa Cam. Ama, stock.move(212988), account.move(225387), 2023-08-21 12:45:00.619843
167529, [4527] Bolsa Cam,          0.0 ,            0.00, DIST/OUT/13177 - Bolsa Cam. Am, stock.move(213127), account.move(225644), 2023-08-22 12:02:33.701849
167815, [4527] Bolsa Cam,          0.0 ,            0.00, DIST/OUT/13231 - Bolsa Cam. Am, stock.move(213936), account.move(226191), 2023-08-24 19:36:29.193014
167858, [4527] Bolsa Cam,          0.0 ,            0.00, PYG                           , stock.move(212744), account.move(226258), 2023-08-25 12:31:14.153294
167859, [4527] Bolsa Cam,          0.0 ,            0.00, PYG                           , stock.move(214033), account.move(226259), 2023-08-25 12:34:48.819395
167860, [4527] Bolsa Cam,          0.0 ,            0.00, PYG                           , stock.move(214034), account.move(226261), 2023-08-25 12:36:08.038059
167900, [4527] Bolsa Cam,          0.0 ,            0.00, DIST/OUT/13243 - Bolsa Cam. Am, stock.move(214039), account.move(226396), 2023-08-25 19:27:32.075757
167989, [4527] Bolsa Cam,          0.0 ,            0.00, PYG                           , stock.move(212267), account.move(226590), 2023-08-28 13:31:43.258545
167992, [4527] Bolsa Cam,          0.0 ,            0.00, PYG                           , stock.move(214212), account.move(226623), 2023-08-28 13:42:12.847394
167999, [4527] Bolsa Cam,          0.0 ,            0.00, DIST/OUT/13256 - Bolsa Cam. Am, stock.move(214231), account.move(226680), 2023-08-28 18:28:39.455931
168166, [4527] Bolsa Cam,          0.0 ,            0.00, PYG                           , stock.move(214035), account.move(227043), 2023-08-30 19:06:33.581864
168246, [4527] Bolsa Cam,          0.0 ,            0.00, DIST/OUT/13303 - Bolsa Cam. Am, stock.move(214533), account.move(227195), 2023-09-01 10:34:03.510804
168291, [4527] Bolsa Cam,          0.0 ,            0.00, DIST/OUT/13315 - Bolsa Cam. Am, stock.move(214567), account.move(227324), 2023-09-01 19:01:10.912510
168468, [4527] Bolsa Cam,          0.0 ,            0.00, DIST/OUT/13329 - Bolsa Cam. Am, stock.move(214692), account.move(227628), 2023-09-05 09:59:10.372068
168753, [4527] Bolsa Cam,          0.0 ,            0.00, DIST/OUT/13376 - Bolsa Cam. Am, stock.move(215107), account.move(228012), 2023-09-07 18:18:07.804370
168791, [4527] Bolsa Cam,          0.0 ,            0.00, PYG                           , stock.move(214215), account.move(228075), 2023-09-08 13:32:20.240697
168826, [4527] Bolsa Cam,          0.0 ,            0.00, DIST/OUT/13393 - Bolsa Cam. Am, stock.move(215171), account.move(228131), 2023-09-08 17:40:51.270009
168832, [4527] Bolsa Cam,          0.0 ,            0.00, DIST/IN/03642 - Bolsa Cam. Ama, stock.move(215215), account.move(228158), 2023-09-08 18:18:00.615446
168833, [4527] Bolsa Cam,          0.0 ,            0.00, PYG                           , stock.move(214102), account.move(228159), 2023-09-08 18:18:37.109401
168959, [4527] Bolsa Cam,          0.0 ,            0.00, DIST/OUT/13412 - Bolsa Cam. Am, stock.move(215334), account.move(228330), 2023-09-11 19:27:01.469517
168963, [4527] Bolsa Cam,          0.0 ,            0.00, DIST/OUT/13407 - Bolsa Cam. Am, stock.move(215295), account.move(228336), 2023-09-11 19:33:13.633167
169416, [4527] Bolsa Cam,          0.0 ,            0.00, PYG                           , stock.move(215174), account.move(228822), 2023-09-14 15:07:45.076166
169418, [4527] Bolsa Cam,          0.0 ,            0.00, PYG                           , stock.move(215963), account.move(228826), 2023-09-14 15:13:31.295264
169419, [4527] Bolsa Cam,          0.0 ,            0.00, PYG                           , stock.move(214103), account.move(228828), 2023-09-14 15:14:33.036481
169421, [4527] Bolsa Cam,          0.0 ,            0.00, PYG                           , stock.move(215216), account.move(228832), 2023-09-14 15:19:50.644674
169538, [4527] Bolsa Cam,          0.0 ,            0.00, DIST/OUT/13442 - Bolsa Cam. Am, stock.move(215576), account.move(228882), 2023-09-14 19:46:37.911736
169715, [4527] Bolsa Cam,          0.0 ,            0.00, PYG                           , stock.move(215965), account.move(229042), 2023-09-15 15:03:07.130863
169718, [4527] Bolsa Cam,          0.0 ,            0.00, PYG                           , stock.move(215964), account.move(229046), 2023-09-15 15:07:02.444618
169817, [4527] Bolsa Cam,          0.0 ,            0.00, PYG                           , stock.move(216400), account.move(229304), 2023-09-18 11:52:10.353832
169842, [4527] Bolsa Cam,          0.0 ,            0.00, PYG                           , stock.move(216527), account.move(229334), 2023-09-18 14:24:37.812471
169876, [4527] Bolsa Cam,          0.0 ,            0.00, DIST/OUT/13485 - Bolsa Cam. Am, stock.move(216535), account.move(229364), 2023-09-18 18:32:54.208247
169878, [4527] Bolsa Cam,          0.0 ,            0.00, DIST/OUT/13484 - Bolsa Cam. Am, stock.move(216534), account.move(229369), 2023-09-18 18:39:22.986528
169881, [4527] Bolsa Cam,          0.0 ,            0.00, DIST/OUT/13498 - Bolsa Cam. Am, stock.move(216631), account.move(229374), 2023-09-18 18:52:31.678531
170170, [4527] Bolsa Cam,          0.0 ,            0.00, PYG                           , stock.move(216397), account.move(229984), 2023-09-22 15:51:58.332093
170175, [4527] Bolsa Cam,          0.0 ,            0.00, DIST/OUT/13552 - Bolsa Cam. Am, stock.move(216989), account.move(230043), 2023-09-22 17:53:56.449204
170236, [4527] Bolsa Cam,          0.0 ,            0.00, DIST/OUT/13566 - Bolsa Cam. Am, stock.move(217086), account.move(230167), 2023-09-25 18:11:38.415114
170237, [4527] Bolsa Cam,          0.0 ,            0.00, DIST/OUT/13561 - Bolsa Cam. Am, stock.move(217065), account.move(230169), 2023-09-25 18:13:55.127170
170239, [4527] Bolsa Cam,          0.0 ,            0.00, DIST/OUT/13568 - Bolsa Cam. Am, stock.move(217089), account.move(230176), 2023-09-25 18:19:38.208850
170272, [4527] Bolsa Cam,          0.0 ,            0.00, DIST/IN/03653 - Bolsa Cam. Ama, stock.move(217149), account.move(230230), 2023-09-26 12:32:46.376360
170531, [4527] Bolsa Cam,          0.0 ,            0.00, DIST/OUT/13624 - Bolsa Cam. Am, stock.move(218194), account.move(230828), 2023-10-02 10:45:53.670483
170567, [4527] Bolsa Cam,          0.0 ,            0.00, DIST/OUT/13626 - Bolsa Cam. Am, stock.move(218238), account.move(230944), 2023-10-02 17:20:46.353090
170580, [4527] Bolsa Cam,          0.0 ,            0.00, DIST/OUT/13630 - Bolsa Cam. Am, stock.move(218271), account.move(230985), 2023-10-02 17:46:16.681918
170620, [4527] Bolsa Cam,          0.0 ,            0.00, PYG                           , stock.move(216548), account.move(231144), 2023-10-03 11:25:55.318741
170621, [4527] Bolsa Cam,          0.0 ,            0.00, PYG                           , stock.move(218548), account.move(231148), 2023-10-03 11:35:49.033600
170812, [4527] Bolsa Cam,          0.0 ,            0.00, DIST/IN/03661 - Bolsa Cam. Ama, stock.move(219055), account.move(231333), 2023-10-04 14:16:57.358190
170865, [4527] Bolsa Cam,          0.0 ,            0.00, PYG                           , stock.move(218552), account.move(231472), 2023-10-05 11:14:23.543480
170866, [4527] Bolsa Cam,          0.0 ,            0.00, PYG                           , stock.move(219361), account.move(231473), 2023-10-05 11:15:29.246749
170868, [4527] Bolsa Cam,          0.0 ,            0.00, PYG                           , stock.move(219362), account.move(231477), 2023-10-05 11:20:15.726630
171045, [4527] Bolsa Cam,          0.0 ,            0.00, PYG                           , stock.move(219368), account.move(231675), 2023-10-06 11:01:50.080180
171070, [4527] Bolsa Cam,          0.0 ,            0.00, PYG                           , stock.move(219602), account.move(231764), 2023-10-06 17:29:45.736330
171139, [4527] Bolsa Cam,          0.0 ,            0.00, DIST/OUT/13711 - Bolsa Cam. Am, stock.move(219861), account.move(231868), 2023-10-09 10:52:38.989020
171186, [4527] Bolsa Cam,          0.0 ,            0.00, PYG                           , stock.move(219766), account.move(231957), 2023-10-09 12:49:23.976177
171189, [4527] Bolsa Cam,          0.0 ,            0.00, DIST/IN/03667 - Bolsa Cam. Ama, stock.move(219895), account.move(231965), 2023-10-09 13:04:39.672732
171190, [4527] Bolsa Cam,          0.0 ,            0.00, DIST/IN/03668 - Bolsa Cam. Ama, stock.move(219896), account.move(231969), 2023-10-09 13:08:11.270874
171191, [4527] Bolsa Cam,          0.0 ,            0.00, DIST/IN/03669 - Bolsa Cam. Ama, stock.move(219898), account.move(231972), 2023-10-09 13:11:14.840776
171192, [4527] Bolsa Cam,          0.0 ,            0.00, DIST/IN/03670 - Bolsa Cam. Ama, stock.move(219899), account.move(231974), 2023-10-09 13:15:39.889599
171229, [4527] Bolsa Cam,          0.0 ,            0.00, DIST/OUT/13713 - Bolsa Cam. Am, stock.move(219897), account.move(232045), 2023-10-09 17:17:59.825235
171231, [4527] Bolsa Cam,          0.0 ,            0.00, DIST/OUT/13722 - Bolsa Cam. Am, stock.move(220032), account.move(232052), 2023-10-09 17:24:26.973044
171959, [4527] Bolsa Cam,          0.0 ,            0.00, DIST/OUT/13798 - Bolsa Cam. Am, stock.move(221620), account.move(232894), 2023-10-16 17:23:45.601656
171970, [4527] Bolsa Cam,          0.0 ,            0.00, DIST/OUT/13804 - Bolsa Cam. Am, stock.move(221744), account.move(232900), 2023-10-16 17:31:21.238890
171976, [4527] Bolsa Cam,          0.0 ,            0.00, DIST/OUT/13807 - Bolsa Cam. Am, stock.move(221905), account.move(232902), 2023-10-16 17:35:35.927290
173037, [4527] Bolsa Cam,          0.0 ,            0.00, PYG                           , stock.move(221664), account.move(233228), 2023-10-18 13:20:22.172386
173046, [4527] Bolsa Cam,          0.0 ,            0.00, PYG                           , stock.move(223479), account.move(233237), 2023-10-18 13:42:24.135437
173605, [4527] Bolsa Cam,          0.0 ,            0.00, DIST/IN/03680 - Bolsa Cam. Ama, stock.move(224972), account.move(233772), 2023-10-23 13:16:50.485084
173619, [4527] Bolsa Cam,          0.0 ,            0.00, DIST/OUT/13880 - Bolsa Cam. Am, stock.move(224977), account.move(233807), 2023-10-23 17:40:36.267622
173623, [4527] Bolsa Cam,          0.0 ,            0.00, DIST/OUT/13885 - Bolsa Cam. Am, stock.move(225098), account.move(233820), 2023-10-23 17:58:37.633070
173700, [4527] Bolsa Cam,          0.0 ,            0.00, DIST/OUT/13875 - Bolsa Cam. Am, stock.move(224944), account.move(234020), 2023-10-24 17:31:26.765493
174345, [4527] Bolsa Cam,          0.0 ,            0.00, PYG                           , stock.move(219277), account.move(234294), 2023-10-26 18:11:18.879453
174743, [4527] Bolsa Cam,          0.0 ,            0.00, DIST/IN/03684 - Bolsa Cam. Ama, stock.move(227482), account.move(234576), 2023-10-30 11:10:15.656281
174744, [4527] Bolsa Cam,          0.0 ,            0.00, DIST/IN/03685 - Bolsa Cam. Ama, stock.move(227516), account.move(234588), 2023-10-30 12:13:52.570502
174802, [4527] Bolsa Cam,          0.0 ,            0.00, DIST/IN/03686 - Bolsa Cam. Ama, stock.move(227560), account.move(234590), 2023-10-30 12:51:00.312954
174803, [4527] Bolsa Cam,          0.0 ,            0.00, DIST/IN/03687 - Bolsa Cam. Ama, stock.move(227561), account.move(234592), 2023-10-30 12:54:26.902711
175356, [4527] Bolsa Cam,          0.0 ,            0.00, DIST/OUT/13988 - Bolsa Cam. Am, stock.move(227862), account.move(234658), 2023-10-30 18:25:32.102194
175366, [4527] Bolsa Cam,          0.0 ,            0.00, DIST/OUT/13990 - Bolsa Cam. Am, stock.move(227864), account.move(234661), 2023-10-30 18:30:11.798411
176528, [4527] Bolsa Cam,          0.0 ,            0.00, DIST/OUT/14025 - Bolsa Cam. Am, stock.move(228654), account.move(234908), 2023-11-01 11:07:06.401232
176998, [4527] Bolsa Cam,          0.0 ,            0.00, PYG                           , stock.move(226463), account.move(235123), 2023-11-02 11:55:10.546972
177744, [4527] Bolsa Cam,          0.0 ,            0.00, PYG                           , stock.move(229322), account.move(235327), 2023-11-03 11:40:38.149943
177764, [4527] Bolsa Cam,          0.0 ,            0.00, PYG                           , stock.move(230006), account.move(235354), 2023-11-03 12:03:44.422427
177770, [4527] Bolsa Cam,          0.0 ,            0.00, PYG                           , stock.move(230023), account.move(235356), 2023-11-03 12:07:54.841543
177774, [4527] Bolsa Cam,          0.0 ,            0.00, PYG                           , stock.move(223486), account.move(235365), 2023-11-03 12:18:02.759570
177775, [4527] Bolsa Cam,          0.0 ,            0.00, DIST/IN/03697 - Bolsa Cam. Ama, stock.move(230039), account.move(235371), 2023-11-03 12:26:16.280276
177779, [4527] Bolsa Cam,          0.0 ,            0.00, PYG                           , stock.move(230040), account.move(235374), 2023-11-03 12:28:54.082549
177786, [4527] Bolsa Cam,          0.0 ,            0.00, PYG                           , stock.move(230041), account.move(235380), 2023-11-03 12:34:18.306227
177932, [4527] Bolsa Cam,          0.0 ,            0.00, DIST/OUT/14061 - Bolsa Cam. Am, stock.move(230111), account.move(235422), 2023-11-03 17:32:10.716456
178735, [4527] Bolsa Cam,          0.0 ,            0.00, DIST/IN/03700 - Bolsa Cam. Ama, stock.move(230898), account.move(235644), 2023-11-06 14:11:00.567150
178802, [4527] Bolsa Cam,          0.0 ,            0.00, DIST/OUT/14079 - Bolsa Cam. Am, stock.move(230964), account.move(235666), 2023-11-06 16:50:12.202249
178806, [4527] Bolsa Cam,          0.0 ,            0.00, DIST/OUT/14080 - Bolsa Cam. Am, stock.move(230965), account.move(235668), 2023-11-06 16:52:49.207528
179451, [4527] Bolsa Cam,          0.0 ,            0.00, DIST/IN/03711 - Bolsa Cam. Ama, stock.move(232170), account.move(236012), 2023-11-08 14:32:16.852962
179452, [4527] Bolsa Cam,          0.0 ,            0.00, DIST/IN/03712 - Bolsa Cam. Ama, stock.move(232171), account.move(236014), 2023-11-08 14:36:03.489920
179453, [4527] Bolsa Cam,          0.0 ,            0.00, PYG                           , stock.move(230028), account.move(236016), 2023-11-08 14:46:14.927438
180088, [4527] Bolsa Cam,          0.0 ,            0.00, DIST/OUT/14121 - Bolsa Cam. Am, stock.move(232166), account.move(236187), 2023-11-09 17:23:39.583069
180446, [4527] Bolsa Cam,          0.0 ,            0.00, DIST/OUT/14158 - Bolsa Cam. Am, stock.move(233152), account.move(236368), 2023-11-10 17:16:33.732487
180523, [4527] Bolsa Cam,          0.0 ,            0.00, PYG                           , stock.move(232172), account.move(236400), 2023-11-10 18:40:38.036576
180632, [4527] Bolsa Cam,          0.0 ,            0.00, DIST/IN/03727 - Bolsa Cam. Ama, stock.move(233318), account.move(236462), 2023-11-13 11:53:20.523515
180633, [4527] Bolsa Cam,          0.0 ,            0.00, DIST/IN/03728 - Bolsa Cam. Ama, stock.move(233319), account.move(236464), 2023-11-13 11:57:50.293213
180634, [4527] Bolsa Cam,          0.0 ,            0.00, DIST/IN/03729 - Bolsa Cam. Ama, stock.move(233320), account.move(236466), 2023-11-13 12:03:53.476235
180677, [4527] Bolsa Cam,          0.0 ,            0.00, DIST/OUT/14169 - Bolsa Cam. Am, stock.move(233335), account.move(236500), 2023-11-13 17:02:39.318514
180699, [4527] Bolsa Cam,          0.0 ,            0.00, DIST/OUT/14174 - Bolsa Cam. Am, stock.move(233401), account.move(236510), 2023-11-13 17:18:20.067183
181513, [4527] Bolsa Cam,          0.0 ,            0.00, PYG                           , stock.move(233175), account.move(237156), 2023-11-17 12:22:50.847593
181514, [4527] Bolsa Cam,          0.0 ,            0.00, PYG                           , stock.move(234776), account.move(237157), 2023-11-17 12:25:54.674412
181517, [4527] Bolsa Cam,          0.0 ,            0.00, PYG                           , stock.move(234777), account.move(237162), 2023-11-17 12:52:26.532900
181542, [4527] Bolsa Cam,          0.0 ,            0.00, DIST/OUT/14224 - Bolsa Cam. Am, stock.move(234864), account.move(237202), 2023-11-17 17:02:44.933101
181693, [4527] Bolsa Cam,          0.0 ,            0.00, DIST/OUT/14241 - Bolsa Cam. Am, stock.move(235249), account.move(237530), 2023-11-20 18:43:36.300559
181698, [4527] Bolsa Cam,          0.0 ,            0.00, DIST/OUT/14233 - Bolsa Cam. Am, stock.move(235214), account.move(237540), 2023-11-20 18:53:03.938571
181819, [4527] Bolsa Cam,          0.0 ,            0.00, DIST/OUT/14234 - Bolsa Cam. Am, stock.move(235215), account.move(237858), 2023-11-21 18:09:55.078655
181917, [4527] Bolsa Cam,          0.0 ,            0.00, PYG                           , stock.move(234783), account.move(238249), 2023-11-23 11:06:36.856417
181924, [4527] Bolsa Cam,          0.0 ,            0.00, PYG                           , stock.move(235740), account.move(238289), 2023-11-23 11:47:19.145349
181926, [4527] Bolsa Cam,          0.0 ,            0.00, PYG                           , stock.move(235744), account.move(238300), 2023-11-23 12:20:08.132849
182419, [4527] Bolsa Cam,          0.0 ,            0.00, PYG                           , stock.move(235759), account.move(238534), 2023-11-24 13:08:28.795851
182541, [4527] Bolsa Cam,          0.0 ,            0.00, DIST/IN/03763 - Bolsa Cam. Ama, stock.move(236011), account.move(238587), 2023-11-24 16:25:36.797267
182542, [4527] Bolsa Cam,          0.0 ,            0.00, DIST/IN/03764 - Bolsa Cam. Ama, stock.move(236018), account.move(238589), 2023-11-24 16:37:15.343737
182559, [4527] Bolsa Cam,          0.0 ,            0.00, DIST/IN/03765 - Bolsa Cam. Ama, stock.move(236029), account.move(238598), 2023-11-24 16:44:19.113556
182564, [4527] Bolsa Cam,          0.0 ,            0.00, DIST/IN/03766 - Bolsa Cam. Ama, stock.move(236032), account.move(238600), 2023-11-24 16:46:59.585950
183320, [4527] Bolsa Cam,          0.0 ,            0.00, DIST/OUT/14319 - Bolsa Cam. Am, stock.move(236413), account.move(238769), 2023-11-27 17:07:32.202970
183381, [4527] Bolsa Cam,          0.0 ,            0.00, DIST/OUT/14325 - Bolsa Cam. Am, stock.move(236489), account.move(238795), 2023-11-27 17:39:26.107963
183382, [4527] Bolsa Cam,          0.0 ,            0.00, DIST/OUT/14326 - Bolsa Cam. Am, stock.move(236492), account.move(238797), 2023-11-27 17:42:15.224278
184114, [4527] Bolsa Cam,          0.0 ,            0.00, PYG                           , stock.move(235997), account.move(239049), 2023-11-29 11:38:30.450914
184115, [4527] Bolsa Cam,          0.0 ,            0.00, DIST/IN/03742 - Bolsa Cam. Ama, stock.move(231168), account.move(239055), 2023-11-29 11:50:15.069881
184802, [4527] Bolsa Cam,          0.0 ,            0.00, DIST/OUT/14367 - Bolsa Cam. Am, stock.move(237664), account.move(239318), 2023-11-30 17:53:38.634927
184813, [4527] Bolsa Cam,          0.0 ,            0.00, DIST/IN/03776 - Bolsa Cam. Ama, stock.move(237135), account.move(239342), 2023-11-30 18:20:20.389266
185031, [4527] Bolsa Cam,          0.0 ,            0.00, DIST/OUT/14388 - Bolsa Cam. Am, stock.move(237865), account.move(239606), 2023-12-04 09:58:58.649029
185377, [4527] Bolsa Cam,          0.0 ,            0.00, DIST/OUT/14402 - Bolsa Cam. Am, stock.move(238204), account.move(239734), 2023-12-04 18:40:32.322112
185381, [4527] Bolsa Cam,          0.0 ,            0.00, DIST/OUT/14403 - Bolsa Cam. Am, stock.move(238205), account.move(239736), 2023-12-04 18:43:43.245694
186960, [4527] Bolsa Cam,          0.0 ,            0.00, DIST/OUT/14461 - Bolsa Cam. Am, stock.move(239188), account.move(240407), 2023-12-11 17:44:35.875695
186976, [4527] Bolsa Cam,          0.0 ,            0.00, DIST/OUT/14463 - Bolsa Cam. Am, stock.move(239193), account.move(240417), 2023-12-11 18:00:07.381050
187130, [4527] Bolsa Cam,          0.0 ,            0.00, DIST/OUT/14511 - Bolsa Cam. Am, stock.move(239450), account.move(240714), 2023-12-13 17:37:45.232089
187410, [4527] Bolsa Cam,          0.0 ,            0.00, DIST/OUT/14545 - Bolsa Cam. Am, stock.move(239648), account.move(241168), 2023-12-16 09:50:34.868821
187475, [4527] Bolsa Cam,          0.0 ,            0.00, DIST/IN/03713 - Bolsa Cam. Ama, stock.move(232173), account.move(241240), 2023-12-18 13:01:59.013995
187482, [4527] Bolsa Cam,          0.0 ,            0.00, DIST/OUT/14568 - Bolsa Cam. Am, stock.move(239834), account.move(241278), 2023-12-18 17:43:49.531706
187485, [4527] Bolsa Cam,          0.0 ,            0.00, DIST/OUT/14572 - Bolsa Cam. Am, stock.move(239844), account.move(241285), 2023-12-18 17:53:20.831837
187524, [4527] Bolsa Cam,          0.0 ,            0.00, DIST/IN/03804 - Bolsa Cam. Ama, stock.move(239791), account.move(241382), 2023-12-19 10:20:54.143832
187525, [4527] Bolsa Cam,          0.0 ,            0.00, DIST/IN/03807 - Bolsa Cam. Ama, stock.move(239869), account.move(241384), 2023-12-19 10:22:45.313106
187528, [4527] Bolsa Cam,          0.0 ,            0.00, DIST/IN/03808 - Bolsa Cam. Ama, stock.move(239870), account.move(241393), 2023-12-19 10:33:56.469439
187529, [4527] Bolsa Cam,          0.0 ,            0.00, DIST/IN/03809 - Bolsa Cam. Ama, stock.move(239873), account.move(241396), 2023-12-19 10:38:10.361074
187530, [4527] Bolsa Cam,          0.0 ,            0.00, DIST/IN/03810 - Bolsa Cam. Ama, stock.move(239874), account.move(241397), 2023-12-19 10:39:03.164884
187531, [4527] Bolsa Cam,          0.0 ,            0.00, DIST/IN/03793 - Bolsa Cam. Ama, stock.move(237674), account.move(241399), 2023-12-19 10:52:00.147720
187541, [4527] Bolsa Cam,          0.0 ,            0.00, DIST/IN/03811 - Bolsa Cam. Ama, stock.move(239875), account.move(241453), 2023-12-19 12:28:53.172127
187731, [4527] Bolsa Cam,          0.0 ,            0.00, DIST/OUT/14613 - Bolsa Cam. Am, stock.move(240160), account.move(241803), 2023-12-21 17:30:42.422431
187854, [4527] Bolsa Cam,          0.0 ,            0.00, DIST/OUT/14638 - Bolsa Cam. Am, stock.move(240313), account.move(242098), 2023-12-26 18:26:17.731247
187871, [4527] Bolsa Cam,          0.0 ,            0.00, DIST/IN/03834 - Bolsa Cam. Ama, stock.move(240344), account.move(242133), 2023-12-27 10:45:19.387709
187872, [4527] Bolsa Cam,          0.0 ,            0.00, DIST/IN/03835 - Bolsa Cam. Ama, stock.move(240345), account.move(242136), 2023-12-27 10:48:46.544759
187873, [4527] Bolsa Cam,          0.0 ,            0.00, DIST/IN/03836 - Bolsa Cam. Ama, stock.move(240346), account.move(242139), 2023-12-27 11:11:07.929836
187874, [4527] Bolsa Cam,          0.0 ,            0.00, DIST/IN/03837 - Bolsa Cam. Ama, stock.move(240347), account.move(242141), 2023-12-27 11:13:30.511807
187876, [4527] Bolsa Cam,          0.0 ,            0.00, DIST/IN/03817 - Bolsa Cam. Ama, stock.move(239890), account.move(242147), 2023-12-27 11:34:04.986760
187931, [4527] Bolsa Cam,          0.0 ,            0.00, DIST/OUT/14636 - Bolsa Cam. Am, stock.move(240305), account.move(242217), 2023-12-27 19:22:13.744750
188071, [4527] Bolsa Cam,          0.0 ,            0.00, DIST/IN/03838 - Bolsa Cam. Ama, stock.move(240348), account.move(242475), 2023-12-29 11:37:34.826790
188072, [4527] Bolsa Cam,          0.0 ,            0.00, DIST/IN/03852 - Bolsa Cam. Ama, stock.move(240563), account.move(242479), 2023-12-29 11:40:50.451089
188082, [4527] Bolsa Cam,          0.0 ,            0.00, DIST/IN/03853 - Bolsa Cam. Ama, stock.move(240564), account.move(242508), 2023-12-29 13:03:03.096115
188115, [4527] Bolsa Cam,          0.0 ,            0.00, DIST/OUT/14663 - Bolsa Cam. Am, stock.move(240497), account.move(242619), 2023-12-29 19:06:27.510325
188118, [4527] Bolsa Cam,          0.0 ,            0.00, DIST/OUT/14659 - Bolsa Cam. Am, stock.move(240463), account.move(242621), 2023-12-29 19:09:55.073828
188119, [4527] Bolsa Cam,          0.0 ,            0.00, DIST/OUT/14686 - Bolsa Cam. Am, stock.move(240639), account.move(242623), 2023-12-29 19:12:57.442255
189323, [4527] Bolsa Cam,          0.0 ,            0.00, Ajuste de Inventario - 31-12-2, stock.move(241374), account.move(243185), 2024-01-06 11:04:45.217650
189606, [4527] Bolsa Cam,          0.0 ,            0.00, DIST/OUT/14725 - Bolsa Cam. Am, stock.move(241563), account.move(243434), 2024-01-08 17:49:33.866542
189607, [4527] Bolsa Cam,          0.0 ,            0.00, DIST/OUT/14723 - Bolsa Cam. Am, stock.move(241561), account.move(243439), 2024-01-08 17:52:53.284126
189681, [4527] Bolsa Cam,          0.0 ,            0.00, DIST/IN/03868 - Bolsa Cam. Ama, stock.move(241750), account.move(243554), 2024-01-09 13:15:25.280638
189682, [4527] Bolsa Cam,          0.0 ,            0.00, DIST/OUT/14749 - Bolsa Cam. Am, stock.move(241751), account.move(243555), 2024-01-09 13:17:02.379433
189950, [4527] Bolsa Cam,          0.0 ,            0.00, DIST/IN/03863 - Bolsa Cam. Ama, stock.move(240684), account.move(244247), 2024-01-12 16:20:00.414320
189956, [4527] Bolsa Cam,          0.0 ,            0.00, DIST/IN/03881 - Bolsa Cam. Ama, stock.move(242109), account.move(244257), 2024-01-12 16:44:21.360616
189961, [4527] Bolsa Cam,          0.0 ,            0.00, DIST/IN/03884 - Bolsa Cam. Ama, stock.move(242117), account.move(244266), 2024-01-12 17:02:49.808046
189962, [4527] Bolsa Cam,          0.0 ,            0.00, DIST/IN/03887 - Bolsa Cam. Ama, stock.move(242122), account.move(244268), 2024-01-12 17:10:45.957756
189965, [4527] Bolsa Cam,          0.0 ,            0.00, DIST/OUT/14784 - Bolsa Cam. Am, stock.move(242067), account.move(244273), 2024-01-12 17:22:05.776789
190048, [4527] Bolsa Cam,          0.0 ,            0.00, DIST/OUT/14799 - Bolsa Cam. Am, stock.move(242249), account.move(244409), 2024-01-15 17:10:52.021638
190052, [4527] Bolsa Cam,          0.0 ,            0.00, DIST/OUT/14804 - Bolsa Cam. Am, stock.move(242277), account.move(244417), 2024-01-15 17:26:52.762131
190054, [4527] Bolsa Cam,          0.0 ,            0.00, DIST/OUT/14803 - Bolsa Cam. Am, stock.move(242265), account.move(244421), 2024-01-15 17:31:16.854569
190194, [4527] Bolsa Cam,          0.0 ,            0.00, DIST/OUT/14836 - Bolsa Cam. Am, stock.move(242525), account.move(244748), 2024-01-17 12:16:20.972089
190195, [4527] Bolsa Cam,          0.0 ,            0.00, DIST/OUT/14837 - Bolsa Cam. Am, stock.move(242526), account.move(244751), 2024-01-17 12:19:19.377865
190199, [4527] Bolsa Cam,          0.0 ,            0.00, DIST/IN/03897 - Bolsa Cam. Ama, stock.move(242530), account.move(244762), 2024-01-17 13:07:26.144056
190200, [4527] Bolsa Cam,          0.0 ,            0.00, DIST/IN/03898 - Bolsa Cam. Ama, stock.move(242531), account.move(244764), 2024-01-17 13:08:29.238944
190301, [4527] Bolsa Cam,          0.0 ,            0.00, DEP1/IN/06517 - Bolsa Cam. Ama, stock.move(240685), account.move(244976), 2024-01-18 18:23:58.316352
190350, [4527] Bolsa Cam,          0.0 ,            0.00, DIST/OUT/14860 - Bolsa Cam. Am, stock.move(242802), account.move(245104), 2024-01-19 17:35:43.457972
190463, [4527] Bolsa Cam,          0.0 ,            0.00, DIST/OUT/14881 - Bolsa Cam. Am, stock.move(243125), account.move(245317), 2024-01-23 08:40:17.547475
190476, [4527] Bolsa Cam,          0.0 ,            0.00, DIST/OUT/14876 - Bolsa Cam. Am, stock.move(243054), account.move(245338), 2024-01-23 09:07:24.230101
190513, [4527] Bolsa Cam,          0.0 ,            0.00, DIST/IN/03909 - Bolsa Cam. Ama, stock.move(243246), account.move(245461), 2024-01-23 17:14:51.093676
190514, [4527] Bolsa Cam,          0.0 ,            0.00, DIST/IN/03910 - Bolsa Cam. Ama, stock.move(243250), account.move(245464), 2024-01-23 17:18:12.228940
190517, [4527] Bolsa Cam,          0.0 ,            0.00, DEP1/IN/06574 - Bolsa Cam. Ama, stock.move(242764), account.move(245472), 2024-01-23 17:46:45.711513
190636, [4527] Bolsa Cam,          0.0 ,            0.00, DIST/OUT/14906 - Bolsa Cam. Am, stock.move(243389), account.move(245674), 2024-01-25 11:42:16.820891
190764, [4527] Bolsa Cam,          0.0 ,            0.00, DEP1/IN/06585 - Bolsa Cam. Ama, stock.move(243285), account.move(246002), 2024-01-29 11:37:49.551224
190767, [4527] Bolsa Cam,          0.0 ,            0.00, DEP1/IN/06596 - Bolsa Cam. Ama, stock.move(243681), account.move(246006), 2024-01-29 11:46:10.120394
190779, [4527] Bolsa Cam,          0.0 ,            0.00, DIST/OUT/14926 - Bolsa Cam. Am, stock.move(243777), account.move(246071), 2024-01-29 16:39:34.042696
190781, [4527] Bolsa Cam,          0.0 ,            0.00, DIST/OUT/14928 - Bolsa Cam. Am, stock.move(243781), account.move(246078), 2024-01-29 17:05:21.918364
190782, [4527] Bolsa Cam,          0.0 ,            0.00, DIST/OUT/14929 - Bolsa Cam. Am, stock.move(243782), account.move(246080), 2024-01-29 17:09:02.800072
190831, [4527] Bolsa Cam,          0.0 ,            0.00, DIST/IN/03921 - Bolsa Cam. Ama, stock.move(243868), account.move(246274), 2024-01-30 14:45:04.251904
191096, [4527] Bolsa Cam,          0.0 ,            0.00, DIST/OUT/14982 - Bolsa Cam. Am, stock.move(244403), account.move(246723), 2024-02-02 17:48:28.808320
191207, [4527] Bolsa Cam,          0.0 ,            0.00, DEP1/IN/06614 - Bolsa Cam. Ama, stock.move(244534), account.move(246817), 2024-02-05 11:50:58.784308
191230, [4527] Bolsa Cam,          0.0 ,            0.00, DIST/OUT/14992 - Bolsa Cam. Am, stock.move(244541), account.move(246891), 2024-02-05 17:11:26.371263
191231, [4527] Bolsa Cam,          0.0 ,            0.00, DIST/OUT/14998 - Bolsa Cam. Am, stock.move(244661), account.move(246895), 2024-02-05 17:15:32.348549
191500, [4527] Bolsa Cam,          0.0 ,            0.00, DIST/OUT/15039 - Bolsa Cam. Am, stock.move(245199), account.move(247291), 2024-02-08 17:38:56.078929
191695, [4527] Bolsa Cam,          0.0 ,            0.00, DIST/OUT/15068 - Bolsa Cam. Am, stock.move(245551), account.move(247667), 2024-02-12 17:43:30.709844
191696, [4527] Bolsa Cam,          0.0 ,            0.00, DIST/OUT/15060 - Bolsa Cam. Am, stock.move(245456), account.move(247670), 2024-02-12 17:49:07.885428
191815, [4527] Bolsa Cam,          0.0 ,            0.00, DIST/OUT/15061 - Bolsa Cam. Am, stock.move(245457), account.move(247826), 2024-02-13 18:37:11.806823
191997, [4527] Bolsa Cam,          0.0 ,            0.00, DIST/IN/03940 - Bolsa Cam. Ama, stock.move(244392), account.move(248096), 2024-02-16 11:50:47.331216
192006, [4527] Bolsa Cam,          0.0 ,            0.00, DIST/IN/03981 - Bolsa Cam. Ama, stock.move(246047), account.move(248129), 2024-02-16 13:56:04.519654
192017, [4527] Bolsa Cam,          0.0 ,            0.00, DIST/IN/03983 - Bolsa Cam. Ama, stock.move(246059), account.move(248148), 2024-02-16 14:52:47.835864
192023, [4527] Bolsa Cam,          0.0 ,            0.00, DIST/OUT/15114 - Bolsa Cam. Am, stock.move(246117), account.move(248159), 2024-02-16 16:30:46.176484
192106, [4527] Bolsa Cam,          0.0 ,            0.00, DIST/OUT/15127 - Bolsa Cam. Am, stock.move(246221), account.move(248312), 2024-02-19 17:03:35.857150
192112, [4527] Bolsa Cam,          0.0 ,            0.00, DIST/OUT/15137 - Bolsa Cam. Am, stock.move(246367), account.move(248328), 2024-02-19 18:00:51.392982
192421, [4527] Bolsa Cam,          0.0 ,            0.00, DIST/OUT/15161 - Bolsa Cam. Am, stock.move(246591), account.move(248779), 2024-02-22 17:20:25.809238
192845, [4527] Bolsa Cam,          0.0 ,            0.00, DIST/OUT/15194 - Bolsa Cam. Am, stock.move(247355), account.move(248923), 2024-02-26 17:12:58.753422
192846, [4527] Bolsa Cam,          0.0 ,            0.00, DIST/OUT/15204 - Bolsa Cam. Am, stock.move(247374), account.move(248926), 2024-02-26 17:17:44.655034
192916, [4527] Bolsa Cam,          0.0 ,            0.00, DIST/OUT/15199 - Bolsa Cam. Am, stock.move(247366), account.move(249055), 2024-02-27 17:34:39.630546
193086, [4527] Bolsa Cam,          0.0 ,            0.00, DIST/IN/03991 - Bolsa Cam. Ama, stock.move(246105), account.move(249396), 2024-02-29 12:26:32.499580
193095, [4527] Bolsa Cam,          0.0 ,            0.00, DIST/IN/04031 - Bolsa Cam. Ama, stock.move(247803), account.move(249426), 2024-02-29 13:12:47.346482
193116, [4527] Bolsa Cam,          0.0 ,            0.00, DIST/OUT/15258 - Bolsa Cam. Am, stock.move(247870), account.move(249679), 2024-03-02 09:05:08.233049
193299, [4527] Bolsa Cam,          0.0 ,            0.00, DIST/OUT/15278 - Bolsa Cam. Am, stock.move(248135), account.move(249965), 2024-03-04 18:50:48.182702
193302, [4527] Bolsa Cam,          0.0 ,            0.00, DIST/OUT/15275 - Bolsa Cam. Am, stock.move(248102), account.move(249975), 2024-03-04 19:04:36.727164
193360, [4527] Bolsa Cam,          0.0 ,            0.00, DIST/OUT/15291 - Bolsa Cam. Am, stock.move(248294), account.move(250053), 2024-03-05 11:29:54.922549
193361, [4527] Bolsa Cam,          0.0 ,            0.00, DIST/OUT/15292 - Bolsa Cam. Am, stock.move(248295), account.move(250055), 2024-03-05 11:33:54.861768
193394, [4527] Bolsa Cam,          0.0 ,            0.00, DIST/IN/04043 - Bolsa Cam. Ama, stock.move(248332), account.move(250121), 2024-03-05 14:03:40.196647
193481, [4527] Bolsa Cam,          0.0 ,            0.00, DIST/IN/04045 - Bolsa Cam. Ama, stock.move(248446), account.move(250330), 2024-03-06 10:27:07.461642
193482, [4527] Bolsa Cam,          0.0 ,            0.00, DIST/IN/04046 - Bolsa Cam. Ama, stock.move(248447), account.move(250332), 2024-03-06 10:30:57.562376
193483, [4527] Bolsa Cam,          0.0 ,            0.00, DIST/IN/04047 - Bolsa Cam. Ama, stock.move(248449), account.move(250334), 2024-03-06 10:33:57.624588
193484, [4527] Bolsa Cam,          0.0 ,            0.00, DIST/IN/04048 - Bolsa Cam. Ama, stock.move(248450), account.move(250336), 2024-03-06 10:37:04.071978
193485, [4527] Bolsa Cam,          0.0 ,            0.00, DIST/IN/04049 - Bolsa Cam. Ama, stock.move(248451), account.move(250338), 2024-03-06 10:40:24.509677
193486, [4527] Bolsa Cam,          0.0 ,            0.00, DIST/IN/04050 - Bolsa Cam. Ama, stock.move(248452), account.move(250340), 2024-03-06 10:43:27.884263
193487, [4527] Bolsa Cam,          0.0 ,            0.00, DIST/IN/04051 - Bolsa Cam. Ama, stock.move(248453), account.move(250344), 2024-03-06 10:47:25.749891
193488, [4527] Bolsa Cam,          0.0 ,            0.00, DIST/IN/04052 - Bolsa Cam. Ama, stock.move(248454), account.move(250348), 2024-03-06 10:53:52.765579
193489, [4527] Bolsa Cam,          0.0 ,            0.00, DIST/IN/04053 - Bolsa Cam. Ama, stock.move(248455), account.move(250350), 2024-03-06 10:56:24.688441
193657, [4527] Bolsa Cam,          0.0 ,            0.00, DIST/OUT/15339 - Bolsa Cam. Am, stock.move(248727), account.move(250644), 2024-03-08 16:55:00.183110
193666, [4527] Bolsa Cam,          0.0 ,            0.00, DIST/IN/03939 - Bolsa Cam. Ama, stock.move(244391), account.move(250667), 2024-03-08 17:31:59.934595
193763, [4527] Bolsa Cam,          0.0 ,            0.00, DIST/IN/04061 - Bolsa Cam. Ama, stock.move(248873), account.move(250795), 2024-03-11 12:37:27.488349
193787, [4527] Bolsa Cam,          0.0 ,            0.00, DIST/OUT/15350 - Bolsa Cam. Am, stock.move(248972), account.move(251006), 2024-03-11 18:06:27.391814
193789, [4527] Bolsa Cam,          0.0 ,            0.00, DIST/OUT/15354 - Bolsa Cam. Am, stock.move(248981), account.move(251015), 2024-03-11 18:15:17.500079
193960, [4527] Bolsa Cam,          0.0 ,            0.00, DIST/IN/04064 - Bolsa Cam. Ama, stock.move(248958), account.move(251146), 2024-03-12 14:00:22.699513
194043, [4527] Bolsa Cam,          0.0 ,            0.00, DIST/OUT/15377 - Bolsa Cam. Am, stock.move(249437), account.move(251164), 2024-03-12 16:52:45.525151
194044, [4527] Bolsa Cam,          0.0 ,            0.00, DIST/IN/04077 - Bolsa Cam. Ama, stock.move(249452), account.move(251166), 2024-03-12 16:58:23.977754
194790, [4527] Bolsa Cam,          0.0 ,            0.00, DIST/OUT/15391 - Bolsa Cam. Am, stock.move(249527), account.move(251540), 2024-03-15 11:14:43.040572
195304, [4527] Bolsa Cam,          0.0 ,            0.00, DIST/IN/04075 - Bolsa Cam. Ama, stock.move(249307), account.move(251754), 2024-03-18 13:26:48.255553
195309, [4527] Bolsa Cam,          0.0 ,            0.00, DIST/IN/04074 - Bolsa Cam. Ama, stock.move(248270), account.move(251767), 2024-03-18 13:50:14.069804
195318, [4527] Bolsa Cam,          0.0 ,            0.00, DIST/OUT/15430 - Bolsa Cam. Am, stock.move(251058), account.move(251795), 2024-03-18 17:46:24.562875
195323, [4527] Bolsa Cam,          0.0 ,            0.00, DIST/OUT/15437 - Bolsa Cam. Am, stock.move(251132), account.move(251810), 2024-03-18 17:59:10.088160
195384, [4527] Bolsa Cam,          0.0 ,            0.00, DIST/OUT/15429 - Bolsa Cam. Am, stock.move(251047), account.move(251854), 2024-03-19 13:56:36.188216
195598, [4527] Bolsa Cam,          0.0 ,            0.00, DIST/IN/04095 - Bolsa Cam. Ama, stock.move(251056), account.move(252120), 2024-03-21 11:18:41.938415
195610, [4527] Bolsa Cam,          0.0 ,            0.00, DIST/IN/04094 - Bolsa Cam. Ama, stock.move(251044), account.move(252202), 2024-03-21 13:55:18.548226
195616, [4527] Bolsa Cam,          0.0 ,            0.00, DIST/IN/04108 - Bolsa Cam. Ama, stock.move(251632), account.move(252230), 2024-03-21 14:30:34.034507
195617, [4527] Bolsa Cam,          0.0 ,            0.00, DIST/IN/04110 - Bolsa Cam. Ama, stock.move(251639), account.move(252233), 2024-03-21 14:34:48.320603
196017, [4527] Bolsa Cam,          0.0 ,            0.00, DIST/OUT/15493 - Bolsa Cam. Am, stock.move(251760), account.move(252535), 2024-03-25 09:58:33.293352
196042, [4527] Bolsa Cam,          0.0 ,            0.00, DIST/IN/04123 - Bolsa Cam. Ama, stock.move(252225), account.move(252561), 2024-03-25 12:47:44.879942
196043, [4527] Bolsa Cam,          0.0 ,            0.00, DIST/IN/04124 - Bolsa Cam. Ama, stock.move(252226), account.move(252563), 2024-03-25 12:51:22.675054
196044, [4527] Bolsa Cam,          0.0 ,            0.00, DIST/IN/04125 - Bolsa Cam. Ama, stock.move(252228), account.move(252565), 2024-03-25 13:01:46.077419
196045, [4527] Bolsa Cam,          0.0 ,            0.00, DIST/IN/04126 - Bolsa Cam. Ama, stock.move(252229), account.move(252567), 2024-03-25 13:05:18.733469
196049, [4527] Bolsa Cam,          0.0 ,            0.00, DIST/OUT/15518 - Bolsa Cam. Am, stock.move(252233), account.move(252601), 2024-03-25 13:58:30.343552
196057, [4527] Bolsa Cam,          0.0 ,            0.00, DIST/OUT/15519 - Bolsa Cam. Am, stock.move(252234), account.move(252640), 2024-03-25 17:29:52.526199
196075, [4527] Bolsa Cam,          0.0 ,            0.00, DIST/OUT/15525 - Bolsa Cam. Am, stock.move(252362), account.move(252678), 2024-03-25 18:41:55.316584
196127, [4527] Bolsa Cam,          0.0 ,            0.00, DIST/IN/04104 - Bolsa Cam. Ama, stock.move(251616), account.move(252785), 2024-03-26 12:36:11.063733
196138, [4527] Bolsa Cam,          0.0 ,            0.00, DIST/IN/04136 - Bolsa Cam. Ama, stock.move(252412), account.move(252842), 2024-03-26 14:08:33.876637
196142, [4527] Bolsa Cam,          0.0 ,            0.00, DIST/IN/04111 - Bolsa Cam. Ama, stock.move(251641), account.move(252851), 2024-03-26 15:26:59.271495
196145, [4527] Bolsa Cam,          0.0 ,            0.00, DIST/IN/04138 - Bolsa Cam. Ama, stock.move(252464), account.move(252857), 2024-03-26 15:33:29.383375
196191, [4527] Bolsa Cam,          0.0 ,            0.00, DIST/OUT/15548 - Bolsa Cam. Am, stock.move(252550), account.move(252912), 2024-03-26 19:15:18.862833
196282, [4527] Bolsa Cam,          0.0 ,            0.00, DIST/IN/04140 - Bolsa Cam. Ama, stock.move(252467), account.move(253403), 2024-04-01 14:42:18.976538
196298, [4527] Bolsa Cam,          0.0 ,            0.00, DIST/OUT/15567 - Bolsa Cam. Am, stock.move(252825), account.move(253431), 2024-04-01 18:00:19.442204
196301, [4527] Bolsa Cam,          0.0 ,            0.00, DIST/OUT/15570 - Bolsa Cam. Am, stock.move(252837), account.move(253441), 2024-04-01 18:12:20.960101
197460, [4527] Bolsa Cam,          0.0 ,            0.00, DIST/IN/04149 - Bolsa Cam. Ama, stock.move(252709), account.move(254014), 2024-04-04 12:17:25.951713
197608, [4527] Bolsa Cam,          0.0 ,            0.00, DIST/IN/04163 - Bolsa Cam. Ama, stock.move(254237), account.move(254048), 2024-04-04 13:28:38.875642
198261, [4527] Bolsa Cam,          0.0 ,            0.00, DIST/IN/04166 - Bolsa Cam. Ama, stock.move(254378), account.move(254194), 2024-04-05 14:18:25.833336
198474, [4527] Bolsa Cam,          0.0 ,            0.00, DIST/OUT/15632 - Bolsa Cam. Am, stock.move(255363), account.move(254254), 2024-04-05 18:53:30.968220
199092, [4527] Bolsa Cam,          0.0 ,            0.00, DIST/OUT/15643 - Bolsa Cam. Am, stock.move(255579), account.move(254535), 2024-04-08 19:42:00.489957
199107, [4527] Bolsa Cam,          0.0 ,            0.00, DIST/OUT/15651 - Bolsa Cam. Am, stock.move(256228), account.move(254537), 2024-04-08 19:45:30.336672
199990, [4527] Bolsa Cam,          0.0 ,            0.00, DIST/IN/04041 - Bolsa Cam. Ama, stock.move(248267), account.move(254609), 2024-04-09 15:55:41.379458
201437, [4527] Bolsa Cam,          0.0 ,            0.00, DIST/IN/04137 - Bolsa Cam. Ama, stock.move(252432), account.move(254843), 2024-04-10 19:22:09.107356
201476, [4527] Bolsa Cam,          0.0 ,            0.00, DIST/IN/04182 - Bolsa Cam. Ama, stock.move(257241), account.move(254872), 2024-04-10 19:47:09.515502
201994, [4527] Bolsa Cam,          0.0 ,            0.00, DIST/OUT/15682 - Bolsa Cam. Am, stock.move(259375), account.move(254913), 2024-04-11 14:01:46.293889
202381, [4527] Bolsa Cam,          0.0 ,            0.00, DIST/IN/04190 - Bolsa Cam. Ama, stock.move(258812), account.move(254990), 2024-04-11 19:41:52.277592
202421, [4527] Bolsa Cam,          0.0 ,            0.00, DIST/IN/04199 - Bolsa Cam. Ama, stock.move(259915), account.move(255019), 2024-04-12 13:46:10.457103
202653, [4527] Bolsa Cam,          0.0 ,            0.00, DIST/OUT/15726 - Bolsa Cam. Am, stock.move(260400), account.move(255252), 2024-04-15 19:03:07.486281
202654, [4527] Bolsa Cam,          0.0 ,            0.00, DIST/OUT/15727 - Bolsa Cam. Am, stock.move(260403), account.move(255255), 2024-04-15 19:06:52.390485
202734, [4527] Bolsa Cam,          0.0 ,            0.00, DIST/OUT/15719 - Bolsa Cam. Am, stock.move(260237), account.move(255365), 2024-04-16 15:53:28.333214
202754, [4527] Bolsa Cam,          0.0 ,            0.00, DIST/IN/04201 - Bolsa Cam. Ama, stock.move(259944), account.move(255429), 2024-04-16 18:05:24.215646
202823, [4527] Bolsa Cam,          0.0 ,            0.00, DIST/IN/04218 - Bolsa Cam. Ama, stock.move(260601), account.move(255508), 2024-04-17 14:11:53.759104
202908, [4527] Bolsa Cam,          0.0 ,            0.00, DIST/IN/04221 - Bolsa Cam. Ama, stock.move(260643), account.move(255683), 2024-04-18 18:26:49.623249
202975, [4527] Bolsa Cam,          0.0 ,            0.00, DIST/OUT/15772 - Bolsa Cam. Am, stock.move(261001), account.move(255864), 2024-04-19 17:21:30.944355
203070, [4527] Bolsa Cam,          0.0 ,            0.00, DIST/IN/04233 - Bolsa Cam. Ama, stock.move(261182), account.move(255968), 2024-04-22 13:37:11.656385
203071, [4527] Bolsa Cam,          0.0 ,            0.00, DIST/IN/04234 - Bolsa Cam. Ama, stock.move(261183), account.move(255970), 2024-04-22 13:50:49.791681
203085, [4527] Bolsa Cam,          0.0 ,            0.00, DIST/OUT/15783 - Bolsa Cam. Am, stock.move(261287), account.move(255999), 2024-04-22 18:17:24.879536
203086, [4527] Bolsa Cam,          0.0 ,            0.00, DIST/OUT/15784 - Bolsa Cam. Am, stock.move(261288), account.move(256001), 2024-04-22 18:21:39.534353
203287, [4527] Bolsa Cam,          0.0 ,            0.00, DIST/IN/04229 - Bolsa Cam. Ama, stock.move(260875), account.move(256496), 2024-04-25 14:46:18.969441
203363, [4527] Bolsa Cam,          0.0 ,            0.00, DIST/IN/04224 - Bolsa Cam. Ama, stock.move(260714), account.move(256589), 2024-04-26 13:58:00.184057
203373, [4527] Bolsa Cam,          0.0 ,            0.00, DIST/OUT/15847 - Bolsa Cam. Am, stock.move(261819), account.move(256670), 2024-04-26 18:20:32.140824
203475, [4527] Bolsa Cam,          0.0 ,            0.00, DIST/OUT/15862 - Bolsa Cam. Am, stock.move(262044), account.move(256810), 2024-04-29 18:47:05.381469
203476, [4527] Bolsa Cam,          0.0 ,            0.00, DIST/OUT/15863 - Bolsa Cam. Am, stock.move(262045), account.move(256812), 2024-04-29 18:51:20.129150
203502, [4527] Bolsa Cam,          0.0 ,            0.00, DIST/IN/04254 - Bolsa Cam. Ama, stock.move(261744), account.move(256885), 2024-04-29 19:47:36.777393
203504, [4527] Bolsa Cam,          0.0 ,            0.00, DIST/IN/04212 - Bolsa Cam. Ama, stock.move(260460), account.move(256891), 2024-04-29 19:51:33.972516
203571, [4527] Bolsa Cam,          0.0 ,            0.00, DIST/OUT/15875 - Bolsa Cam. Am, stock.move(262222), account.move(257030), 2024-05-02 08:55:08.221597
203749, [4527] Bolsa Cam,          0.0 ,            0.00, DIST/IN/04261 - Bolsa Cam. Ama, stock.move(262078), account.move(257375), 2024-05-03 19:30:53.714144
203831, [4527] Bolsa Cam,          0.0 ,            0.00, DIST/IN/04277 - Bolsa Cam. Ama, stock.move(262631), account.move(257442), 2024-05-06 12:17:43.370307
203833, [4527] Bolsa Cam,          0.0 ,            0.00, DIST/IN/04278 - Bolsa Cam. Ama, stock.move(262634), account.move(257455), 2024-05-06 12:23:57.089452
203867, [4527] Bolsa Cam,          0.0 ,            0.00, DIST/OUT/15925 - Bolsa Cam. Am, stock.move(262746), account.move(257526), 2024-05-06 17:56:59.723300
203870, [4527] Bolsa Cam,          0.0 ,            0.00, DIST/OUT/15926 - Bolsa Cam. Am, stock.move(262749), account.move(257531), 2024-05-06 18:05:52.079638
204054, [4527] Bolsa Cam,          0.0 ,            0.00, DIST/IN/04259 - Bolsa Cam. Ama, stock.move(262076), account.move(257850), 2024-05-08 13:38:33.424897
204143, [4527] Bolsa Cam,          0.0 ,            0.00, DIST/IN/04291 - Bolsa Cam. Ama, stock.move(263079), account.move(258122), 2024-05-09 18:18:17.738534
204269, [4527] Bolsa Cam,          0.0 ,            0.00, DIST/IN/04295 - Bolsa Cam. Ama, stock.move(263321), account.move(258269), 2024-05-10 17:29:43.506645
204270, [4527] Bolsa Cam,          0.0 ,            0.00, DIST/OUT/16005 - Bolsa Cam. Am, stock.move(263525), account.move(258280), 2024-05-10 18:07:41.817871
204379, [4527] Bolsa Cam,          0.0 ,            0.00, DIST/OUT/16022 - Bolsa Cam. Am, stock.move(263744), account.move(258392), 2024-05-13 11:49:10.228260
204380, [4527] Bolsa Cam,          0.0 ,            0.00, DIST/OUT/16023 - Bolsa Cam. Am, stock.move(263747), account.move(258394), 2024-05-13 11:52:38.065962
204657, [4527] Bolsa Cam,          0.0 ,            0.00, DIST/OUT/16052 - Bolsa Cam. Am, stock.move(264311), account.move(259046), 2024-05-18 13:09:37.535395
204709, [4527] Bolsa Cam,          0.0 ,            0.00, DIST/IN/04275 - Bolsa Cam. Ama, stock.move(262558), account.move(259119), 2024-05-20 11:31:32.093979
204715, [4527] Bolsa Cam,          0.0 ,            0.00, DIST/IN/04310 - Bolsa Cam. Ama, stock.move(264401), account.move(259159), 2024-05-20 14:35:49.455808
204738, [4527] Bolsa Cam,          0.0 ,            0.00, DIST/OUT/16064 - Bolsa Cam. Am, stock.move(264536), account.move(259210), 2024-05-20 18:04:01.016888
204745, [4527] Bolsa Cam,          0.0 ,            0.00, DIST/OUT/16065 - Bolsa Cam. Am, stock.move(264537), account.move(259212), 2024-05-20 18:07:58.822024
204746, [4527] Bolsa Cam,          0.0 ,            0.00, DIST/OUT/16066 - Bolsa Cam. Am, stock.move(264541), account.move(259214), 2024-05-20 18:11:46.391648
204917, [4527] Bolsa Cam,          0.0 ,            0.00, DIST/IN/04311 - Bolsa Cam. Ama, stock.move(264418), account.move(259489), 2024-05-22 14:01:12.461910
204945, [4527] Bolsa Cam,          0.0 ,            0.00, DIST/IN/04301 - Bolsa Cam. Ama, stock.move(263511), account.move(259621), 2024-05-22 19:32:13.288408
205077, [4527] Bolsa Cam,          0.0 ,            0.00, DIST/IN/04318 - Bolsa Cam. Ama, stock.move(264782), account.move(259791), 2024-05-23 18:04:01.098536
205082, [4527] Bolsa Cam,          0.0 ,            0.00, DIST/IN/04321 - Bolsa Cam. Ama, stock.move(264883), account.move(259811), 2024-05-23 18:20:40.341112
205195, [4527] Bolsa Cam,          0.0 ,            0.00, DIST/IN/04328 - Bolsa Cam. Ama, stock.move(265149), account.move(259939), 2024-05-24 15:27:32.924786
205391, [4527] Bolsa Cam,          0.0 ,            0.00, DIST/OUT/16127 - Bolsa Cam. Am, stock.move(265266), account.move(260095), 2024-05-27 09:31:58.369525
205402, [4527] Bolsa Cam,          0.0 ,            0.00, DIST/IN/04341 - Bolsa Cam. Ama, stock.move(265660), account.move(260116), 2024-05-27 11:47:49.637759
205403, [4527] Bolsa Cam,          0.0 ,            0.00, DIST/IN/04342 - Bolsa Cam. Ama, stock.move(265661), account.move(260130), 2024-05-27 12:15:51.348544
205404, [4527] Bolsa Cam,          0.0 ,            0.00, DIST/IN/04343 - Bolsa Cam. Ama, stock.move(265662), account.move(260132), 2024-05-27 12:19:53.849841
205464, [4527] Bolsa Cam,          0.0 ,            0.00, DIST/IN/04326 - Bolsa Cam. Ama, stock.move(265143), account.move(260453), 2024-05-27 19:38:35.692643
205467, [4527] Bolsa Cam,          0.0 ,            0.00, DIST/OUT/16157 - Bolsa Cam. Am, stock.move(265812), account.move(260457), 2024-05-27 19:46:53.854918
205483, [4527] Bolsa Cam,          0.0 ,            0.00, DIST/OUT/16161 - Bolsa Cam. Am, stock.move(265821), account.move(260506), 2024-05-28 10:20:22.928230
205492, [4527] Bolsa Cam,          0.0 ,            0.00, DIST/OUT/16164 - Bolsa Cam. Am, stock.move(265847), account.move(260533), 2024-05-28 11:54:02.667781
205493, [4527] Bolsa Cam,          0.0 ,            0.00, DIST/IN/04334 - Bolsa Cam. Ama, stock.move(265465), account.move(260537), 2024-05-28 11:55:46.868387
205523, [4527] Bolsa Cam,          0.0 ,            0.00, DIST/IN/04351 - Bolsa Cam. Ama, stock.move(265848), account.move(260602), 2024-05-28 13:32:41.041070
205601, [4527] Bolsa Cam,          0.0 ,            0.00, DIST/IN/04352 - Bolsa Cam. Ama, stock.move(265877), account.move(260748), 2024-05-29 13:28:07.803228
205670, [4527] Bolsa Cam,          0.0 ,            0.00, DEP1/IN/06963 - Bolsa Cam. Ama, stock.move(266188), account.move(260881), 2024-05-30 17:58:11.538277
205679, [4527] Bolsa Cam,          0.0 ,            0.00, DIST/OUT/16193 - Bolsa Cam. Am, stock.move(266197), account.move(260892), 2024-05-30 18:30:01.512442
205716, [4527] Bolsa Cam,          0.0 ,            0.00, DEP1/IN/06967 - Bolsa Cam. Ama, stock.move(266307), account.move(261034), 2024-05-31 18:43:22.769416
205720, [4527] Bolsa Cam,          0.0 ,            0.00, DIST/IN/04359 - Bolsa Cam. Ama, stock.move(266045), account.move(261060), 2024-05-31 19:19:53.349818
209433, [4527] Bolsa Cam,          0.0 ,            0.00, DIST/OUT/16222 - Bolsa Cam. Am, stock.move(267968), account.move(261302), 2024-06-03 15:30:14.443858
209899, [4527] Bolsa Cam,          0.0 ,            0.00, DIST/OUT/16229 - Bolsa Cam. Am, stock.move(268552), account.move(261356), 2024-06-03 18:24:58.257116
209985, [4527] Bolsa Cam,          0.0 ,            0.00, DEP1/IN/06972 - Bolsa Cam. Ama, stock.move(268820), account.move(261480), 2024-06-04 18:56:09.827570
210057, [4527] Bolsa Cam,          0.0 ,            0.00, DIST/IN/04367 - Bolsa Cam. Ama, stock.move(266315), account.move(261548), 2024-06-05 11:19:09.581474
210058, [4527] Bolsa Cam,          0.0 ,            0.00, DIST/IN/04383 - Bolsa Cam. Ama, stock.move(268934), account.move(261549), 2024-06-05 11:21:26.414291
210111, [4527] Bolsa Cam,          0.0 ,            0.00, DEP1/IN/06978 - Bolsa Cam. Ama, stock.move(269111), account.move(261627), 2024-06-05 18:51:06.652761
210278, [4527] Bolsa Cam,          0.0 ,            0.00, DEP1/IN/06990 - Bolsa Cam. Ama, stock.move(269787), account.move(261841), 2024-06-07 17:20:41.973744
210379, [4527] Bolsa Cam,          0.0 ,            0.00, DIST/OUT/16287 - Bolsa Cam. Am, stock.move(269977), account.move(262006), 2024-06-11 11:50:47.815015
210380, [4527] Bolsa Cam,          0.0 ,            0.00, DIST/OUT/16288 - Bolsa Cam. Am, stock.move(269978), account.move(262008), 2024-06-11 11:54:31.484703
210385, [4527] Bolsa Cam,          0.0 ,            0.00, DIST/OUT/16289 - Bolsa Cam. Am, stock.move(269980), account.move(262014), 2024-06-11 12:59:36.653627
210396, [4527] Bolsa Cam,          0.0 ,            0.00, DEP1/IN/06992 - Bolsa Cam. Ama, stock.move(270039), account.move(262057), 2024-06-11 17:39:41.750776
210407, [4527] Bolsa Cam,          0.0 ,            0.00, DIST/OUT/16290 - Bolsa Cam. Am, stock.move(269986), account.move(262066), 2024-06-11 19:01:57.702044
210788, [4527] Bolsa Cam,          0.0 ,            0.00, DIST/IN/04384 - Bolsa Cam. Ama, stock.move(268935), account.move(262515), 2024-06-14 12:25:34.882602
210790, [4527] Bolsa Cam,          0.0 ,            0.00, DIST/OUT/16343 - Bolsa Cam. Am, stock.move(271242), account.move(262518), 2024-06-14 12:30:24.177335
210867, [4527] Bolsa Cam,          0.0 ,            0.00, DEP1/IN/07016 - Bolsa Cam. Ama, stock.move(271355), account.move(262599), 2024-06-14 18:32:59.673672
211093, [4527] Bolsa Cam,          0.0 ,            0.00, DIST/IN/04430 - Bolsa Cam. Ama, stock.move(271485), account.move(262741), 2024-06-17 13:06:12.062094
211097, [4527] Bolsa Cam,          0.0 ,            0.00, DIST/IN/04431 - Bolsa Cam. Ama, stock.move(271486), account.move(262743), 2024-06-17 13:09:42.668867
211125, [4527] Bolsa Cam,          0.0 ,            0.00, DIST/OUT/16363 - Bolsa Cam. Am, stock.move(271595), account.move(262816), 2024-06-17 18:32:32.456769
211198, [4527] Bolsa Cam,          0.0 ,            0.00, DIST/OUT/16367 - Bolsa Cam. Am, stock.move(271619), account.move(262840), 2024-06-18 10:42:19.547124
211451, [4527] Bolsa Cam,          0.0 ,            0.00, DIST/IN/04440 - Bolsa Cam. Ama, stock.move(271854), account.move(263021), 2024-06-18 18:55:25.270614
211616, [4527] Bolsa Cam,          0.0 ,            0.00, DIST/OUT/16386 - Bolsa Cam. Am, stock.move(271880), account.move(263060), 2024-06-19 10:37:42.127013
211948, [4527] Bolsa Cam,          0.0 ,            0.00, DIST/IN/04449 - Bolsa Cam. Ama, stock.move(272466), account.move(263258), 2024-06-20 19:03:04.284178
212038, [4527] Bolsa Cam,          0.0 ,            0.00, DIST/IN/04460 - Bolsa Cam. Ama, stock.move(272706), account.move(263367), 2024-06-21 18:35:06.940402
212102, [4527] Bolsa Cam,          0.0 ,            0.00, DIST/OUT/16432 - Bolsa Cam. Am, stock.move(272927), account.move(263444), 2024-06-24 10:17:57.134202
212127, [4527] Bolsa Cam,          0.0 ,            0.00, DIST/IN/04409 - Bolsa Cam. Ama, stock.move(271240), account.move(263522), 2024-06-24 12:46:43.405829
212143, [4527] Bolsa Cam,          0.0 ,            0.00, DIST/IN/04469 - Bolsa Cam. Ama, stock.move(273056), account.move(263606), 2024-06-24 18:16:13.849863
212147, [4527] Bolsa Cam,          0.0 ,            0.00, DIST/OUT/16443 - Bolsa Cam. Am, stock.move(273067), account.move(263613), 2024-06-24 18:49:45.149563
212157, [4527] Bolsa Cam,          0.0 ,            0.00, DIST/IN/04470 - Bolsa Cam. Ama, stock.move(273078), account.move(263642), 2024-06-24 19:47:41.621398
212215, [4527] Bolsa Cam,          0.0 ,            0.00, DIST/IN/04477 - Bolsa Cam. Ama, stock.move(273222), account.move(263715), 2024-06-25 18:43:59.169571
212220, [4527] Bolsa Cam,          0.0 ,            0.00, DIST/IN/04478 - Bolsa Cam. Ama, stock.move(273227), account.move(263724), 2024-06-25 19:00:38.946827
212232, [4527] Bolsa Cam,          0.0 ,            0.00, DIST/OUT/16458 - Bolsa Cam. Am, stock.move(273240), account.move(263749), 2024-06-25 19:20:03.837759
212349, [4527] Bolsa Cam,          0.0 ,            0.00, DIST/IN/04487 - Bolsa Cam. Ama, stock.move(273389), account.move(264009), 2024-06-26 18:25:04.023592
212357, [4527] Bolsa Cam,          0.0 ,            0.00, DIST/OUT/16474 - Bolsa Cam. Am, stock.move(273395), account.move(264023), 2024-06-26 18:44:41.011091
212436, [4527] Bolsa Cam,          0.0 ,            0.00, DIST/IN/04494 - Bolsa Cam. Ama, stock.move(273611), account.move(264246), 2024-06-28 19:37:39.846559
212462, [4527] Bolsa Cam,          0.0 ,            0.00, DIST/OUT/16499 - Bolsa Cam. Am, stock.move(273677), account.move(264339), 2024-07-01 09:22:14.954078
212633, [4527] Bolsa Cam,          0.0 ,            0.00, DIST/IN/04499 - Bolsa Cam. Ama, stock.move(273972), account.move(264509), 2024-07-01 18:26:30.640689
212654, [4527] Bolsa Cam,          0.0 ,            0.00, DIST/OUT/16522 - Bolsa Cam. Am, stock.move(274054), account.move(264578), 2024-07-02 09:41:15.388531
212663, [4527] Bolsa Cam,          0.0 ,            0.00, DIST/OUT/16527 - Bolsa Cam. Am, stock.move(274069), account.move(264591), 2024-07-02 10:31:40.147317
212760, [4527] Bolsa Cam,          0.0 ,            0.00, DEP1/IN/07056 - Bolsa Cam. Ama, stock.move(274265), account.move(264709), 2024-07-02 19:24:34.433991
212966, [4527] Bolsa Cam,          0.0 ,            0.00, DEP1/IN/07066 - Bolsa Cam. Ama, stock.move(274683), account.move(264969), 2024-07-04 18:35:30.472478
213056, [4527] Bolsa Cam,          0.0 ,            0.00, DIST/OUT/16596 - Bolsa Cam. Am, stock.move(274864), account.move(265116), 2024-07-05 18:26:49.936253
213061, [4527] Bolsa Cam,          0.0 ,            0.00, DIST/IN/04476 - Bolsa Cam. Ama, stock.move(273150), account.move(265125), 2024-07-05 18:37:03.871429
213153, [4527] Bolsa Cam,          0.0 ,            0.00, DIST/IN/04524 - Bolsa Cam. Ama, stock.move(274869), account.move(265248), 2024-07-08 15:10:52.802444
213168, [4527] Bolsa Cam,          0.0 ,            0.00, DEP1/IN/07082 - Bolsa Cam. Ama, stock.move(275195), account.move(265279), 2024-07-08 18:52:33.591472
213181, [4527] Bolsa Cam,          0.0 ,            0.00, DIST/OUT/16625 - Bolsa Cam. Am, stock.move(275206), account.move(265312), 2024-07-08 19:22:45.492921
213209, [4527] Bolsa Cam,          0.0 ,            0.00, DIST/OUT/16635 - Bolsa Cam. Am, stock.move(275231), account.move(265374), 2024-07-09 09:58:16.558090
213276, [4527] Bolsa Cam,          0.0 ,            0.00, DEP1/IN/07085 - Bolsa Cam. Ama, stock.move(275375), account.move(265474), 2024-07-09 18:09:10.293504
213331, [4527] Bolsa Cam,          0.0 ,            0.00, DIST/OUT/16649 - Bolsa Cam. Am, stock.move(275439), account.move(265560), 2024-07-10 12:59:24.139535
213508, [4527] Bolsa Cam,          0.0 ,            0.00, DIST/OUT/16693 - Bolsa Cam. Am, stock.move(275901), account.move(266043), 2024-07-12 17:50:25.492014
213593, [4527] Bolsa Cam,          0.0 ,            0.00, DIST/OUT/16706 - Bolsa Cam. Am, stock.move(276089), account.move(266186), 2024-07-15 14:36:32.576420
213602, [4527] Bolsa Cam,          0.0 ,            0.00, DIST/OUT/16712 - Bolsa Cam. Am, stock.move(276164), account.move(266256), 2024-07-15 18:16:30.621826
213620, [4527] Bolsa Cam,          0.0 ,            0.00, DIST/OUT/16715 - Bolsa Cam. Am, stock.move(276200), account.move(266278), 2024-07-15 18:46:06.672629
213672, [4527] Bolsa Cam,          0.0 ,            0.00, DIST/IN/04559 - Bolsa Cam. Ama, stock.move(276321), account.move(266372), 2024-07-16 15:07:44.919934
213673, [4527] Bolsa Cam,          0.0 ,            0.00, DIST/IN/04560 - Bolsa Cam. Ama, stock.move(276322), account.move(266375), 2024-07-16 15:13:14.671198
213675, [4527] Bolsa Cam,          0.0 ,            0.00, DIST/IN/04561 - Bolsa Cam. Ama, stock.move(276323), account.move(266377), 2024-07-16 15:16:01.064694
213676, [4527] Bolsa Cam,          0.0 ,            0.00, DIST/IN/04562 - Bolsa Cam. Ama, stock.move(276324), account.move(266379), 2024-07-16 15:19:30.854146
213678, [4527] Bolsa Cam,          0.0 ,            0.00, DIST/IN/04564 - Bolsa Cam. Ama, stock.move(276344), account.move(266384), 2024-07-16 15:49:31.145162
213679, [4527] Bolsa Cam,          0.0 ,            0.00, DIST/IN/04565 - Bolsa Cam. Ama, stock.move(276345), account.move(266386), 2024-07-16 15:52:26.060383
213683, [4527] Bolsa Cam,          0.0 ,            0.00, DEP1/IN/07112 - Bolsa Cam. Ama, stock.move(276379), account.move(266393), 2024-07-16 18:58:11.411515
213868, [4527] Bolsa Cam,          0.0 ,            0.00, DEP1/IN/07117 - Bolsa Cam. Ama, stock.move(276688), account.move(266706), 2024-07-18 14:55:24.118374
213869, [4527] Bolsa Cam,          0.0 ,            0.00, DIST/IN/04527 - Bolsa Cam. Ama, stock.move(275073), account.move(266712), 2024-07-18 15:24:39.907076
213971, [4527] Bolsa Cam,          0.0 ,            0.00, DIST/OUT/16781 - Bolsa Cam. Am, stock.move(276947), account.move(266892), 2024-07-19 18:06:51.263348
213983, [4527] Bolsa Cam,          0.0 ,            0.00, DIST/IN/04580 - Bolsa Cam. Ama, stock.move(276704), account.move(266910), 2024-07-19 18:27:54.980697
214095, [4527] Bolsa Cam,          0.0 ,            0.00, DEP1/IN/07134 - Bolsa Cam. Ama, stock.move(277309), account.move(267084), 2024-07-22 19:34:40.970708
214114, [4527] Bolsa Cam,          0.0 ,            0.00, DIST/OUT/16819 - Bolsa Cam. Am, stock.move(277335), account.move(267103), 2024-07-23 10:30:22.545619
214115, [4527] Bolsa Cam,          0.0 ,            0.00, DIST/OUT/16821 - Bolsa Cam. Am, stock.move(277337), account.move(267105), 2024-07-23 10:34:07.952133
214167, [4527] Bolsa Cam,          0.0 ,            0.00, DEP1/IN/07136 - Bolsa Cam. Ama, stock.move(277456), account.move(267158), 2024-07-23 17:14:54.976099
214183, [4527] Bolsa Cam,          0.0 ,            0.00, DIST/IN/04610 - Bolsa Cam. Ama, stock.move(277475), account.move(267182), 2024-07-23 18:00:01.314358
214356, [4527] Bolsa Cam,          0.0 ,            0.00, DEP1/IN/07147 - Bolsa Cam. Ama, stock.move(277832), account.move(267529), 2024-07-25 19:18:12.949084
214367, [4527] Bolsa Cam,          0.0 ,            0.00, DIST/OUT/16871 - Bolsa Cam. Am, stock.move(277843), account.move(267574), 2024-07-25 19:36:32.348639
214438, [4527] Bolsa Cam,          0.0 ,            0.00, DEP1/IN/07152 - Bolsa Cam. Ama, stock.move(277978), account.move(267760), 2024-07-26 19:44:22.077317
214448, [4527] Bolsa Cam,          0.0 ,            0.00, DIST/OUT/16888 - Bolsa Cam. Am, stock.move(278041), account.move(267791), 2024-07-29 09:36:53.535008
214498, [4527] Bolsa Cam,          0.0 ,            0.00, DIST/IN/04635 - Bolsa Cam. Ama, stock.move(278209), account.move(267889), 2024-07-29 18:21:37.066736
214591, [4527] Bolsa Cam,          0.0 ,            0.00, DIST/OUT/16920 - Bolsa Cam. Am, stock.move(278338), account.move(267972), 2024-07-30 11:13:20.197495
214592, [4527] Bolsa Cam,          0.0 ,            0.00, DIST/OUT/16921 - Bolsa Cam. Am, stock.move(278339), account.move(267974), 2024-07-30 11:16:56.969077
214627, [4527] Bolsa Cam,          0.0 ,            0.00, DEP1/IN/07161 - Bolsa Cam. Ama, stock.move(278437), account.move(268068), 2024-07-30 19:54:37.444741
214679, [4527] Bolsa Cam,          0.0 ,            0.00, DIST/OUT/16947 - Bolsa Cam. Am, stock.move(278567), account.move(268205), 2024-07-31 17:26:30.041849
214692, [4527] Bolsa Cam,          0.0 ,            0.00, DEP1/IN/07173 - Bolsa Cam. Ama, stock.move(278620), account.move(268228), 2024-07-31 18:59:56.480228
214837, [4527] Bolsa Cam,          0.0 ,            0.00, DIST/IN/04658 - Bolsa Cam. Ama, stock.move(278855), account.move(268450), 2024-08-01 18:56:51.487863
214933, [4527] Bolsa Cam,          0.0 ,            0.00, DEP1/IN/07181 - Bolsa Cam. Ama, stock.move(279093), account.move(268620), 2024-08-02 19:11:49.566969
215023, [4527] Bolsa Cam,          0.0 ,            0.00, DIST/OUT/17027 - Bolsa Cam. Am, stock.move(279280), account.move(268772), 2024-08-05 12:22:35.430361
215062, [4527] Bolsa Cam,          0.0 ,            0.00, DEP1/IN/07184 - Bolsa Cam. Ama, stock.move(279463), account.move(268850), 2024-08-05 18:39:58.662112
215125, [4527] Bolsa Cam,          0.0 ,            0.00, DIST/OUT/17041 - Bolsa Cam. Am, stock.move(279530), account.move(268905), 2024-08-06 09:49:39.561978
215140, [4527] Bolsa Cam,          0.0 ,            0.00, DIST/OUT/17045 - Bolsa Cam. Am, stock.move(279544), account.move(268926), 2024-08-06 11:47:19.843262
215202, [4527] Bolsa Cam,          0.0 ,            0.00, DEP1/IN/07187 - Bolsa Cam. Ama, stock.move(279707), account.move(269090), 2024-08-06 19:15:53.950367
215313, [4527] Bolsa Cam,          0.0 ,            0.00, DIST/IN/04632 - Bolsa Cam. Ama, stock.move(278113), account.move(269243), 2024-08-07 13:48:40.319702
215315, [4527] Bolsa Cam,          0.0 ,            0.00, DIST/IN/04684 - Bolsa Cam. Ama, stock.move(279841), account.move(269252), 2024-08-07 14:00:57.132016
215330, [4527] Bolsa Cam,          0.0 ,            0.00, DEP1/IN/07194 - Bolsa Cam. Ama, stock.move(279952), account.move(269413), 2024-08-07 19:32:06.940796
215529, [4527] Bolsa Cam,          0.0 ,            0.00, DEP1/IN/07203 - Bolsa Cam. Ama, stock.move(280305), account.move(269810), 2024-08-09 19:08:30.168840
215541, [4527] Bolsa Cam,          0.0 ,            0.00, DIST/OUT/17106 - Bolsa Cam. Am, stock.move(280313), account.move(269821), 2024-08-09 19:33:23.700780
215678, [4527] Bolsa Cam,          0.0 ,            0.00, DEP1/IN/07209 - Bolsa Cam. Ama, stock.move(280599), account.move(270019), 2024-08-12 19:28:45.786141
215690, [4527] Bolsa Cam,          0.0 ,            0.00, DIST/OUT/17132 - Bolsa Cam. Am, stock.move(280627), account.move(270046), 2024-08-13 00:03:59.882320
215691, [4527] Bolsa Cam,          0.0 ,            0.00, DIST/OUT/17131 - Bolsa Cam. Am, stock.move(280626), account.move(270048), 2024-08-13 00:08:29.105344
215856, [4527] Bolsa Cam,          0.0 ,            0.00, DEP1/IN/07224 - Bolsa Cam. Ama, stock.move(280976), account.move(270427), 2024-08-14 18:33:49.358249
215923, [4527] Bolsa Cam,          0.0 ,            0.00, DEP1/IN/07233 - Bolsa Cam. Ama, stock.move(281176), account.move(270597), 2024-08-16 19:26:50.021890
215936, [4527] Bolsa Cam,          0.0 ,            0.00, DIST/OUT/17189 - Bolsa Cam. Am, stock.move(281197), account.move(270617), 2024-08-16 19:48:32.956673
216035, [4527] Bolsa Cam,          0.0 ,            0.00, DIST/OUT/17213 - Bolsa Cam. Am, stock.move(281525), account.move(270813), 2024-08-20 09:16:40.714706
216070, [4527] Bolsa Cam,          0.0 ,            0.00, DIST/OUT/17228 - Bolsa Cam. Am, stock.move(281553), account.move(270864), 2024-08-20 10:34:26.260473
216085, [4527] Bolsa Cam,          0.0 ,            0.00, DIST/IN/04724 - Bolsa Cam. Ama, stock.move(281575), account.move(270891), 2024-08-20 11:52:18.050795
216089, [4527] Bolsa Cam,          0.0 ,            0.00, DIST/IN/04725 - Bolsa Cam. Ama, stock.move(281581), account.move(270915), 2024-08-20 11:58:11.934406
216094, [4527] Bolsa Cam,          0.0 ,            0.00, DIST/IN/04726 - Bolsa Cam. Ama, stock.move(281586), account.move(270922), 2024-08-20 12:01:48.458168
216097, [4527] Bolsa Cam,          0.0 ,            0.00, DIST/IN/04727 - Bolsa Cam. Ama, stock.move(281587), account.move(270940), 2024-08-20 12:08:19.840128
216280, [4527] Bolsa Cam,          0.0 ,            0.00, DIST/OUT/17264 - Bolsa Cam. Am, stock.move(281978), account.move(271223), 2024-08-22 10:52:15.660859
216465, [4527] Bolsa Cam,          0.0 ,            0.00, DIST/OUT/17294 - Bolsa Cam. Am, stock.move(282542), account.move(271797), 2024-08-26 19:10:09.267988
216522, [4527] Bolsa Cam,          0.0 ,            0.00, DIST/OUT/17304 - Bolsa Cam. Am, stock.move(282611), account.move(271847), 2024-08-27 10:54:59.438151
216523, [4527] Bolsa Cam,          0.0 ,            0.00, DIST/OUT/17305 - Bolsa Cam. Am, stock.move(282612), account.move(271849), 2024-08-27 10:58:25.829980
216530, [4527] Bolsa Cam,          0.0 ,            0.00, DEP1/IN/07266 - Bolsa Cam. Ama, stock.move(282659), account.move(271898), 2024-08-27 15:42:04.654897
217150, [4527] Bolsa Cam,          0.0 ,            0.00, DIST/OUT/17374 - Bolsa Cam. Am, stock.move(283418), account.move(272474), 2024-09-02 09:53:42.693930
217251, [4527] Bolsa Cam,          0.0 ,            0.00, DEP1/IN/07287 - Bolsa Cam. Ama, stock.move(283683), account.move(272617), 2024-09-02 18:46:12.788616
217309, [4527] Bolsa Cam,          0.0 ,            0.00, DIST/OUT/17403 - Bolsa Cam. Am, stock.move(283765), account.move(272754), 2024-09-03 10:06:33.751453
217316, [4527] Bolsa Cam,          0.0 ,            0.00, DIST/OUT/17407 - Bolsa Cam. Am, stock.move(283770), account.move(272785), 2024-09-03 10:55:07.137434
217379, [4527] Bolsa Cam,          0.0 ,            0.00, DIST/IN/04794 - Bolsa Cam. Ama, stock.move(283873), account.move(272835), 2024-09-03 15:49:33.880172
217380, [4527] Bolsa Cam,          0.0 ,            0.00, DIST/IN/04795 - Bolsa Cam. Ama, stock.move(283878), account.move(272839), 2024-09-03 17:27:11.513095
217381, [4527] Bolsa Cam,          0.0 ,            0.00, DEP1/IN/07294 - Bolsa Cam. Ama, stock.move(283920), account.move(272840), 2024-09-03 18:29:39.097847
217598, [4527] Bolsa Cam,          0.0 ,            0.00, DEP1/IN/07296 - Bolsa Cam. Ama, stock.move(284297), account.move(273017), 2024-09-05 14:40:23.683012
217727, [4527] Bolsa Cam,          0.0 ,            0.00, DIST/OUT/17456 - Bolsa Cam. Am, stock.move(284525), account.move(273244), 2024-09-07 10:25:56.802733
217809, [4527] Bolsa Cam,          0.0 ,            0.00, DIST/OUT/17478 - Bolsa Cam. Am, stock.move(284892), account.move(273375), 2024-09-09 19:19:58.237340
217856, [4527] Bolsa Cam,          0.0 ,            0.00, DIST/OUT/17488 - Bolsa Cam. Am, stock.move(284954), account.move(273424), 2024-09-10 10:46:54.220505
217901, [4527] Bolsa Cam,          0.0 ,            0.00, DEP1/IN/07313 - Bolsa Cam. Ama, stock.move(285059), account.move(273520), 2024-09-10 18:47:15.971177
217990, [4527] Bolsa Cam,          0.0 ,            0.00, DIST/IN/04773 - Bolsa Cam. Ama, stock.move(282908), account.move(273710), 2024-09-11 15:31:34.979495
218001, [4527] Bolsa Cam,          0.0 ,            0.00, DEP1/IN/07324 - Bolsa Cam. Ama, stock.move(285286), account.move(273730), 2024-09-11 19:11:08.397701
218191, [4527] Bolsa Cam,          0.0 ,            0.00, DEP1/IN/07340 - Bolsa Cam. Ama, stock.move(285674), account.move(274082), 2024-09-13 19:31:49.264314
218192, [4527] Bolsa Cam,          0.0 ,            0.00, DIST/OUT/17544 - Bolsa Cam. Am, stock.move(285679), account.move(274085), 2024-09-13 19:38:36.208492
218287, [4527] Bolsa Cam,          0.0 ,            0.00, DEP1/IN/07348 - Bolsa Cam. Ama, stock.move(285962), account.move(274254), 2024-09-16 18:33:22.995651
218290, [4527] Bolsa Cam,          0.0 ,            0.00, DIST/OUT/17557 - Bolsa Cam. Am, stock.move(285976), account.move(274259), 2024-09-16 19:09:02.029825
218292, [4527] Bolsa Cam,          0.0 ,            0.00, DIST/OUT/17559 - Bolsa Cam. Am, stock.move(285983), account.move(274264), 2024-09-16 19:21:59.628678
218604, [4527] Bolsa Cam,          0.0 ,            0.00, DIST/OUT/17617 - Bolsa Cam. Am, stock.move(286489), account.move(274839), 2024-09-19 10:16:28.014665
218631, [4527] Bolsa Cam,          0.0 ,            0.00, DIST/IN/04820 - Bolsa Cam. Ama, stock.move(285179), account.move(274896), 2024-09-19 13:58:05.713358
218633, [4527] Bolsa Cam,          0.0 ,            0.00, DIST/IN/04845 - Bolsa Cam. Ama, stock.move(286522), account.move(274897), 2024-09-19 14:04:23.297407
218635, [4527] Bolsa Cam,          0.0 ,            0.00, DIST/IN/04846 - Bolsa Cam. Ama, stock.move(286525), account.move(274902), 2024-09-19 14:20:54.380481
218785, [4527] Bolsa Cam,          0.0 ,            0.00, DIST/OUT/17653 - Bolsa Cam. Am, stock.move(286920), account.move(275250), 2024-09-23 14:46:42.992755
218907, [4527] Bolsa Cam,          0.0 ,            0.00, DEP1/IN/07381 - Bolsa Cam. Ama, stock.move(287170), account.move(275470), 2024-09-24 19:22:57.653769
218975, [4527] Bolsa Cam,          0.0 ,            0.00, DIST/OUT/17685 - Bolsa Cam. Am, stock.move(287251), account.move(275572), 2024-09-25 17:56:56.333797
218976, [4527] Bolsa Cam,          0.0 ,            0.00, DIST/OUT/17665 - Bolsa Cam. Am, stock.move(287065), account.move(275574), 2024-09-25 18:00:17.534338
218981, [4527] Bolsa Cam,          0.0 ,            0.00, DEP1/IN/07386 - Bolsa Cam. Ama, stock.move(287285), account.move(275586), 2024-09-25 18:36:40.023391
219050, [4527] Bolsa Cam,          0.0 ,            0.00, DEP1/IN/07391 - Bolsa Cam. Ama, stock.move(287472), account.move(275719), 2024-09-26 19:27:30.129084
219141, [4527] Bolsa Cam,          0.0 ,            0.00, DEP1/IN/07399 - Bolsa Cam. Ama, stock.move(287556), account.move(275872), 2024-09-27 18:06:49.628851
219152, [4527] Bolsa Cam,          0.0 ,            0.00, DIST/OUT/17716 - Bolsa Cam. Am, stock.move(287633), account.move(275904), 2024-09-27 18:50:16.192513
219318, [4527] Bolsa Cam,          0.0 ,            0.00, DIST/OUT/17726 - Bolsa Cam. Am, stock.move(287874), account.move(275999), 2024-10-01 11:23:39.646669
219320, [4527] Bolsa Cam,          0.0 ,            0.00, DIST/OUT/17728 - Bolsa Cam. Am, stock.move(287876), account.move(276003), 2024-10-01 11:31:42.434500
219368, [4527] Bolsa Cam,          0.0 ,            0.00, DEP1/IN/07402 - Bolsa Cam. Ama, stock.move(288021), account.move(276167), 2024-10-01 19:05:39.413986
219483, [4527] Bolsa Cam,          0.0 ,            0.00, DEP1/IN/07404 - Bolsa Cam. Ama, stock.move(288226), account.move(276371), 2024-10-02 18:57:19.938237
219621, [4527] Bolsa Cam,          0.0 ,            0.00, DEP1/IN/07408 - Bolsa Cam. Ama, stock.move(288553), account.move(276647), 2024-10-03 19:42:56.170100
219686, [4527] Bolsa Cam,          0.0 ,            0.00, DIST/OUT/17784 - Bolsa Cam. Am, stock.move(288612), account.move(276711), 2024-10-04 10:25:50.542877
219715, [4527] Bolsa Cam,          0.0 ,            0.00, DEP1/IN/07412 - Bolsa Cam. Ama, stock.move(288738), account.move(276837), 2024-10-04 19:06:00.846223
219848, [4527] Bolsa Cam,          0.0 ,            0.00, DEP1/IN/07419 - Bolsa Cam. Ama, stock.move(289058), account.move(277040), 2024-10-07 18:25:44.253394
219852, [4527] Bolsa Cam,          0.0 ,            0.00, DIST/OUT/17817 - Bolsa Cam. Am, stock.move(289062), account.move(277045), 2024-10-07 18:45:54.406459
219912, [4527] Bolsa Cam,          0.0 ,            0.00, DIST/OUT/17834 - Bolsa Cam. Am, stock.move(289119), account.move(277098), 2024-10-08 09:41:50.614843
219916, [4527] Bolsa Cam,          0.0 ,            0.00, DIST/OUT/17835 - Bolsa Cam. Am, stock.move(289126), account.move(277101), 2024-10-08 09:45:39.612218
219940, [4527] Bolsa Cam,          0.0 ,            0.00, DIST/IN/04912 - Bolsa Cam. Ama, stock.move(289156), account.move(277125), 2024-10-08 12:19:20.707749
219979, [4527] Bolsa Cam,          0.0 ,            0.00, DEP1/IN/07425 - Bolsa Cam. Ama, stock.move(289335), account.move(277214), 2024-10-08 17:55:35.380202
220054, [4527] Bolsa Cam,          0.0 ,            0.00, DIST/IN/04924 - Bolsa Cam. Ama, stock.move(289449), account.move(277310), 2024-10-09 10:59:12.696424
220062, [4527] Bolsa Cam,          0.0 ,            0.00, DIST/IN/04925 - Bolsa Cam. Ama, stock.move(289457), account.move(277314), 2024-10-09 11:10:13.824365
220115, [4527] Bolsa Cam,          0.0 ,            0.00, DEP1/IN/07438 - Bolsa Cam. Ama, stock.move(289605), account.move(277471), 2024-10-09 18:50:49.638209
220172, [4527] Bolsa Cam,          0.0 ,            0.00, DEP1/IN/07439 - Bolsa Cam. Ama, stock.move(289720), account.move(277626), 2024-10-10 17:40:41.314680
220241, [4527] Bolsa Cam,          0.0 ,            0.00, DEP1/IN/07445 - Bolsa Cam. Ama, stock.move(289900), account.move(277801), 2024-10-11 17:58:26.226448
220246, [4527] Bolsa Cam,          0.0 ,            0.00, DIST/OUT/17908 - Bolsa Cam. Am, stock.move(289905), account.move(277805), 2024-10-11 18:03:43.017264
220349, [4527] Bolsa Cam,          0.0 ,            0.00, DIST/OUT/17921 - Bolsa Cam. Am, stock.move(290220), account.move(277962), 2024-10-14 17:48:22.034888
220355, [4527] Bolsa Cam,          0.0 ,            0.00, DIST/OUT/17924 - Bolsa Cam. Am, stock.move(290235), account.move(277970), 2024-10-14 17:58:46.360689
220383, [4527] Bolsa Cam,          0.0 ,            0.00, DEP1/IN/07451 - Bolsa Cam. Ama, stock.move(290260), account.move(278011), 2024-10-14 18:44:01.807400
220458, [4527] Bolsa Cam,          0.0 ,            0.00, DEP1/IN/07455 - Bolsa Cam. Ama, stock.move(290440), account.move(278162), 2024-10-15 18:44:25.281122
220537, [4527] Bolsa Cam,          0.0 ,            0.00, DEP1/IN/07467 - Bolsa Cam. Ama, stock.move(290583), account.move(278330), 2024-10-16 17:42:59.479988
220661, [4527] Bolsa Cam,          0.0 ,            0.00, DIST/OUT/17969 - Bolsa Cam. Am, stock.move(290876), account.move(278589), 2024-10-18 18:06:06.180567
220664, [4527] Bolsa Cam,          0.0 ,            0.00, DEP1/IN/07477 - Bolsa Cam. Ama, stock.move(290878), account.move(278599), 2024-10-18 18:24:12.520610
220733, [4527] Bolsa Cam,          0.0 ,            0.00, DEP1/IN/07480 - Bolsa Cam. Ama, stock.move(291003), account.move(278698), 2024-10-21 16:30:32.806044
220774, [4527] Bolsa Cam,          0.0 ,            0.00, DIST/OUT/17988 - Bolsa Cam. Am, stock.move(291085), account.move(278728), 2024-10-21 19:10:00.446934
220794, [4527] Bolsa Cam,          0.0 ,            0.00, DIST/OUT/17992 - Bolsa Cam. Am, stock.move(291117), account.move(278740), 2024-10-22 08:28:23.765910
220880, [4527] Bolsa Cam,          0.0 ,            0.00, DEP1/IN/07489 - Bolsa Cam. Ama, stock.move(291393), account.move(279171), 2024-10-23 17:31:46.122064
220913, [4527] Bolsa Cam,          0.0 ,            0.00, DIST/OUT/18035 - Bolsa Cam. Am, stock.move(291436), account.move(279213), 2024-10-23 18:51:44.871246
220942, [4527] Bolsa Cam,          0.0 ,            0.00, DEP1/IN/07494 - Bolsa Cam. Ama, stock.move(291554), account.move(279335), 2024-10-24 18:27:21.741551
221041, [4527] Bolsa Cam,          0.0 ,            0.00, DEP1/IN/07501 - Bolsa Cam. Ama, stock.move(291697), account.move(279512), 2024-10-25 18:09:29.488616
221066, [4527] Bolsa Cam,          0.0 ,            0.00, DIST/OUT/18066 - Bolsa Cam. Am, stock.move(291771), account.move(279550), 2024-10-28 09:04:49.208969
221116, [4527] Bolsa Cam,          0.0 ,            0.00, DEP1/IN/07507 - Bolsa Cam. Ama, stock.move(291869), account.move(279661), 2024-10-28 17:35:14.259410
221118, [4527] Bolsa Cam,          0.0 ,            0.00, DIST/OUT/18079 - Bolsa Cam. Am, stock.move(291870), account.move(279671), 2024-10-28 18:20:06.568048
221140, [4527] Bolsa Cam,          0.0 ,            0.00, DIST/OUT/18087 - Bolsa Cam. Am, stock.move(291958), account.move(279696), 2024-10-29 08:50:31.223182
221363, [4527] Bolsa Cam,          0.0 ,            0.00, DIST/OUT/18140 - Bolsa Cam. Am, stock.move(292519), account.move(280179), 2024-11-01 09:17:33.731281
221463, [4527] Bolsa Cam,          0.0 ,            0.00, DIST/IN/05004 - Bolsa Cam. Ama, stock.move(292694), account.move(280426), 2024-11-01 18:21:22.090921
221591, [4527] Bolsa Cam,          0.0 ,            0.00, DIST/IN/05012 - Bolsa Cam. Ama, stock.move(292989), account.move(280695), 2024-11-04 18:07:29.126652
221664, [4527] Bolsa Cam,          0.0 ,            0.00, DIST/OUT/18175 - Bolsa Cam. Am, stock.move(293087), account.move(280764), 2024-11-05 09:25:32.751383
221668, [4527] Bolsa Cam,          0.0 ,            0.00, DIST/OUT/18176 - Bolsa Cam. Am, stock.move(293094), account.move(280768), 2024-11-05 09:28:23.077001
221714, [4527] Bolsa Cam,          0.0 ,            0.00, DIST/IN/05017 - Bolsa Cam. Ama, stock.move(293128), account.move(280797), 2024-11-05 13:51:11.627344
221715, [4527] Bolsa Cam,          0.0 ,            0.00, DIST/IN/05018 - Bolsa Cam. Ama, stock.move(293136), account.move(280799), 2024-11-05 13:55:53.332927
221717, [4527] Bolsa Cam,          0.0 ,            0.00, DIST/IN/05019 - Bolsa Cam. Ama, stock.move(293158), account.move(280810), 2024-11-05 14:20:26.409749
221718, [4527] Bolsa Cam,          0.0 ,            0.00, DIST/IN/05020 - Bolsa Cam. Ama, stock.move(293159), account.move(280813), 2024-11-05 14:27:18.756252
221726, [4527] Bolsa Cam,          0.0 ,            0.00, DIST/IN/05022 - Bolsa Cam. Ama, stock.move(293239), account.move(280850), 2024-11-05 18:14:15.160988
221800, [4527] Bolsa Cam,          0.0 ,            0.00, DIST/OUT/18192 - Bolsa Cam. Am, stock.move(293299), account.move(280907), 2024-11-06 09:26:31.919868
221813, [4527] Bolsa Cam,          0.0 ,            0.00, DEP1/IN/07537 - Bolsa Cam. Ama, stock.move(293435), account.move(280978), 2024-11-06 18:01:02.077953
221817, [4527] Bolsa Cam,          0.0 ,            0.00, DEP1/IN/07539 - Bolsa Cam. Ama, stock.move(293439), account.move(280982), 2024-11-06 18:04:55.702045
221926, [4527] Bolsa Cam,          0.0 ,            0.00, DIST/IN/05032 - Bolsa Cam. Ama, stock.move(293619), account.move(281143), 2024-11-07 17:23:55.025836
222090, [4527] Bolsa Cam,          0.0 ,            0.00, DIST/OUT/18245 - Bolsa Cam. Am, stock.move(293942), account.move(281412), 2024-11-11 09:59:18.270335
222132, [4527] Bolsa Cam,          0.0 ,            0.00, DEP1/IN/07556 - Bolsa Cam. Ama, stock.move(294072), account.move(281484), 2024-11-11 18:23:04.881343
222143, [4527] Bolsa Cam,          0.0 ,            0.00, DIST/OUT/18256 - Bolsa Cam. Am, stock.move(294084), account.move(281509), 2024-11-11 18:40:59.178040
222158, [4527] Bolsa Cam,          0.0 ,            0.00, DIST/OUT/18261 - Bolsa Cam. Am, stock.move(294101), account.move(281539), 2024-11-11 18:59:17.438154
222287, [4527] Bolsa Cam,          0.0 ,            0.00, DEP1/IN/07568 - Bolsa Cam. Ama, stock.move(294469), account.move(281896), 2024-11-13 18:04:52.405383
222408, [4527] Bolsa Cam,          0.0 ,            0.00, DEP1/IN/07571 - Bolsa Cam. Ama, stock.move(294693), account.move(282079), 2024-11-14 17:50:39.529055
222488, [4527] Bolsa Cam,          0.0 ,            0.00, DIST/OUT/18329 - Bolsa Cam. Am, stock.move(294854), account.move(282252), 2024-11-15 18:00:02.801294
222614, [4527] Bolsa Cam,          0.0 ,            0.00, DIST/IN/05077 - Bolsa Cam. Ama, stock.move(295141), account.move(282429), 2024-11-18 18:39:41.066697
222617, [4527] Bolsa Cam,          0.0 ,            0.00, DIST/OUT/18342 - Bolsa Cam. Am, stock.move(295144), account.move(282436), 2024-11-18 18:47:36.190426
222618, [4527] Bolsa Cam,          0.0 ,            0.00, DIST/OUT/18344 - Bolsa Cam. Am, stock.move(295148), account.move(282439), 2024-11-18 18:50:46.186244
222701, [4527] Bolsa Cam,          0.0 ,            0.00, DIST/IN/05091 - Bolsa Cam. Ama, stock.move(295353), account.move(282585), 2024-11-19 18:04:05.308187
222811, [4527] Bolsa Cam,          0.0 ,            0.00, DIST/IN/05095 - Bolsa Cam. Ama, stock.move(295553), account.move(282782), 2024-11-20 18:59:12.746374
222877, [4527] Bolsa Cam,          0.0 ,            0.00, DIST/OUT/18389 - Bolsa Cam. Am, stock.move(295624), account.move(282814), 2024-11-21 09:37:28.906499
223061, [4527] Bolsa Cam,          0.0 ,            0.00, DIST/OUT/18427 - Bolsa Cam. Am, stock.move(296012), account.move(283166), 2024-11-25 09:46:14.377156
223099, [4527] Bolsa Cam,          0.0 ,            0.00, DIST/IN/05117 - Bolsa Cam. Ama, stock.move(296130), account.move(283242), 2024-11-25 18:40:38.774649
223118, [4527] Bolsa Cam,          0.0 ,            0.00, DIST/OUT/18444 - Bolsa Cam. Am, stock.move(296157), account.move(283294), 2024-11-26 09:43:35.138149
223119, [4527] Bolsa Cam,          0.0 ,            0.00, DIST/OUT/18445 - Bolsa Cam. Am, stock.move(296158), account.move(283296), 2024-11-26 09:47:15.142545
223433, [4527] Bolsa Cam,          0.0 ,            0.00, DIST/OUT/18516 - Bolsa Cam. Am, stock.move(296889), account.move(284125), 2024-12-02 10:48:10.345331
223576, [4527] Bolsa Cam,          0.0 ,            0.00, DIST/OUT/18535 - Bolsa Cam. Am, stock.move(297204), account.move(284387), 2024-12-03 09:50:42.452681
223581, [4527] Bolsa Cam,          0.0 ,            0.00, DIST/OUT/18537 - Bolsa Cam. Am, stock.move(297208), account.move(284394), 2024-12-03 09:57:10.114040
223596, [4527] Bolsa Cam,          0.0 ,            0.00, DIST/IN/05141 - Bolsa Cam. Ama, stock.move(297238), account.move(284470), 2024-12-03 12:37:57.407827
223597, [4527] Bolsa Cam,          0.0 ,            0.00, DIST/IN/05142 - Bolsa Cam. Ama, stock.move(297239), account.move(284476), 2024-12-03 12:45:09.211482
223598, [4527] Bolsa Cam,          0.0 ,            0.00, DIST/IN/05144 - Bolsa Cam. Ama, stock.move(297251), account.move(284485), 2024-12-03 13:59:32.501940
223637, [4527] Bolsa Cam,          0.0 ,            0.00, DEP1/IN/07634 - Bolsa Cam. Ama, stock.move(297372), account.move(284595), 2024-12-03 19:04:14.438860
223845, [4527] Bolsa Cam,          0.0 ,            0.00, DEP1/IN/07639 - Bolsa Cam. Ama, stock.move(297827), account.move(284962), 2024-12-05 19:32:30.173395
223946, [4527] Bolsa Cam,          0.0 ,            0.00, DIST/IN/05171 - Bolsa Cam. Ama, stock.move(297997), account.move(285144), 2024-12-06 19:20:52.160467
223982, [4527] Bolsa Cam,          0.0 ,            0.00, DIST/OUT/18617 - Bolsa Cam. Am, stock.move(298036), account.move(285188), 2024-12-07 09:29:55.109280
224162, [4527] Bolsa Cam,          0.0 ,            0.00, DIST/OUT/18644 - Bolsa Cam. Am, stock.move(298411), account.move(285399), 2024-12-10 10:10:04.484075
224167, [4527] Bolsa Cam,          0.0 ,            0.00, DIST/OUT/18645 - Bolsa Cam. Am, stock.move(298414), account.move(285402), 2024-12-10 10:13:37.089301
224230, [4527] Bolsa Cam,          0.0 ,            0.00, DIST/IN/05187 - Bolsa Cam. Ama, stock.move(298583), account.move(285570), 2024-12-10 19:55:40.132741
224423, [4527] Bolsa Cam,          0.0 ,            0.00, DEP1/IN/07657 - Bolsa Cam. Ama, stock.move(298991), account.move(285956), 2024-12-12 18:54:59.932462
224477, [4527] Bolsa Cam,          0.0 ,            0.00, DIST/OUT/18680 - Bolsa Cam. Am, stock.move(298910), account.move(286020), 2024-12-13 09:56:32.839295
224541, [4527] Bolsa Cam,          0.0 ,            0.00, DEP1/IN/07668 - Bolsa Cam. Ama, stock.move(299160), account.move(286158), 2024-12-13 19:03:13.174854
224616, [4527] Bolsa Cam,          0.0 ,            0.00, DEP1/IN/07670 - Bolsa Cam. Ama, stock.move(299377), account.move(286287), 2024-12-16 18:50:02.482172
224631, [4527] Bolsa Cam,          0.0 ,            0.00, DIST/OUT/18723 - Bolsa Cam. Am, stock.move(299392), account.move(286294), 2024-12-16 18:59:57.840306
224639, [4527] Bolsa Cam,          0.0 ,            0.00, DIST/OUT/18727 - Bolsa Cam. Am, stock.move(299405), account.move(286319), 2024-12-17 09:58:36.812748
224700, [4527] Bolsa Cam,          0.0 ,            0.00, DIST/IN/05222 - Bolsa Cam. Ama, stock.move(299552), account.move(286358), 2024-12-17 18:31:36.132747
224798, [4527] Bolsa Cam,          0.0 ,            0.00, DIST/IN/05225 - Bolsa Cam. Ama, stock.move(299788), account.move(286528), 2024-12-18 17:41:33.163998
224839, [4527] Bolsa Cam,          0.0 ,            0.00, DIST/OUT/18755 - Bolsa Cam. Am, stock.move(299862), account.move(286584), 2024-12-19 10:50:40.546281
224863, [4527] Bolsa Cam,          0.0 ,            0.00, DEP1/IN/07686 - Bolsa Cam. Ama, stock.move(300051), account.move(286633), 2024-12-19 18:47:41.828427
224971, [4527] Bolsa Cam,          0.0 ,            0.00, DEP1/IN/07694 - Bolsa Cam. Ama, stock.move(300336), account.move(286839), 2024-12-20 18:08:08.000183
224999, [4527] Bolsa Cam,          0.0 ,            0.00, DIST/OUT/18793 - Bolsa Cam. Am, stock.move(300354), account.move(286865), 2024-12-21 09:36:01.358698
225024, [4527] Bolsa Cam,          0.0 ,            0.00, DIST/OUT/18797 - Bolsa Cam. Am, stock.move(300410), account.move(286883), 2024-12-23 10:07:52.507710
225025, [4527] Bolsa Cam,          0.0 ,            0.00, DIST/OUT/18798 - Bolsa Cam. Am, stock.move(300411), account.move(286885), 2024-12-23 10:12:08.524607
225097, [4527] Bolsa Cam,          0.0 ,            0.00, DEP1/IN/07699 - Bolsa Cam. Ama, stock.move(300635), account.move(286969), 2024-12-23 19:03:17.380396
225175, [4527] Bolsa Cam,          0.0 ,            0.00, DEP1/IN/07702 - Bolsa Cam. Ama, stock.move(300861), account.move(287358), 2024-12-26 18:34:48.582068
225250, [4527] Bolsa Cam,          0.0 ,            0.00, DEP1/IN/07704 - Bolsa Cam. Ama, stock.move(301093), account.move(287583), 2024-12-27 18:51:19.970608
225307, [4527] Bolsa Cam,          0.0 ,            0.00, DIST/OUT/18841 - Bolsa Cam. Am, stock.move(301245), account.move(287638), 2024-12-30 10:01:34.606547
225308, [4527] Bolsa Cam,          0.0 ,            0.00, DIST/OUT/18842 - Bolsa Cam. Am, stock.move(301248), account.move(287641), 2024-12-30 10:04:41.873354
225309, [4527] Bolsa Cam,          0.0 ,            0.00, DIST/OUT/18843 - Bolsa Cam. Am, stock.move(301249), account.move(287645), 2024-12-30 10:08:14.537351
225411, [4527] Bolsa Cam,          0.0 ,            0.00, DEP1/IN/07710 - Bolsa Cam. Ama, stock.move(301516), account.move(287805), 2024-12-30 18:40:29.224968
225719, [4527] Bolsa Cam,          0.0 ,            0.00, DIST/IN/05269 - Bolsa Cam. Ama, stock.move(301980), account.move(288397), 2025-01-06 17:46:34.002086
225826, [4527] Bolsa Cam,          0.0 ,            0.00, DIST/OUT/18908 - Bolsa Cam. Am, stock.move(302101), account.move(288482), 2025-01-07 09:43:52.070677
226186, [4527] Bolsa Cam,          0.0 ,            0.00, DEP1/IN/07725 - Bolsa Cam. Ama, stock.move(302690), account.move(289067), 2025-01-10 11:27:18.076375
226446, [4527] Bolsa Cam,          0.0 ,            0.00, DEP1/IN/07741 - Bolsa Cam. Ama, stock.move(303392), account.move(289535), 2025-01-15 12:22:25.814949
226467, [4527] Bolsa Cam,          0.0 ,            0.00, DIST/OUT/19000 - Bolsa Cam. Am, stock.move(303484), account.move(289616), 2025-01-15 18:38:57.020559
226473, [4527] Bolsa Cam,          0.0 ,            0.00, DIST/OUT/19001 - Bolsa Cam. Am, stock.move(303485), account.move(289624), 2025-01-15 18:49:12.869269
226527, [4527] Bolsa Cam,          0.0 ,            0.00, DEP1/IN/07747 - Bolsa Cam. Ama, stock.move(303555), account.move(289703), 2025-01-16 12:56:23.680940
226603, [4527] Bolsa Cam,          0.0 ,            0.00, DEP1/IN/07751 - Bolsa Cam. Ama, stock.move(303720), account.move(289880), 2025-01-17 13:51:30.245216
226620, [4527] Bolsa Cam,          0.0 ,            0.00, DIST/OUT/19029 - Bolsa Cam. Am, stock.move(303798), account.move(289961), 2025-01-17 17:51:56.732238
226838, [4527] Bolsa Cam,          0.0 ,            0.00, DIST/OUT/19078 - Bolsa Cam. Am, stock.move(304349), account.move(290508), 2025-01-21 21:25:43.848242
226839, [4527] Bolsa Cam,          0.0 ,            0.00, DIST/OUT/19079 - Bolsa Cam. Am, stock.move(304350), account.move(290510), 2025-01-21 21:30:38.489591
226971, [4527] Bolsa Cam,          0.0 ,            0.00, DEP1/IN/07774 - Bolsa Cam. Ama, stock.move(304554), account.move(290740), 2025-01-23 15:00:46.722671
227062, [4527] Bolsa Cam,          0.0 ,            0.00, DIST/OUT/19121 - Bolsa Cam. Am, stock.move(304764), account.move(290996), 2025-01-24 18:04:21.772458
227149, [4527] Bolsa Cam,          0.0 ,            0.00, DIST/OUT/19141 - Bolsa Cam. Am, stock.move(304966), account.move(291164), 2025-01-27 18:17:35.570470
227153, [4527] Bolsa Cam,          0.0 ,            0.00, DIST/OUT/19144 - Bolsa Cam. Am, stock.move(304970), account.move(291171), 2025-01-27 18:35:43.726178
227154, [4527] Bolsa Cam,          0.0 ,            0.00, DIST/OUT/19145 - Bolsa Cam. Am, stock.move(304971), account.move(291173), 2025-01-27 18:39:12.953726
227240, [4527] Bolsa Cam,          0.0 ,            0.00, DEP1/IN/07786 - Bolsa Cam. Ama, stock.move(305128), account.move(291292), 2025-01-28 18:55:55.526791
227317, [4527] Bolsa Cam,          0.0 ,            0.00, DIST/IN/05391 - Bolsa Cam. Ama, stock.move(305282), account.move(291457), 2025-01-29 19:03:49.414278
227381, [4527] Bolsa Cam,          0.0 ,            0.00, DEP1/IN/07800 - Bolsa Cam. Ama, stock.move(305355), account.move(291556), 2025-01-30 13:05:56.191599
227383, [4527] Bolsa Cam,          0.0 ,            0.00, DIST/IN/05397 - Bolsa Cam. Ama, stock.move(305357), account.move(291559), 2025-01-30 13:07:11.235224
227384, [4527] Bolsa Cam,          0.0 ,            0.00, DIST/IN/05398 - Bolsa Cam. Ama, stock.move(305358), account.move(291560), 2025-01-30 13:08:09.429043
227569, [4527] Bolsa Cam,          0.0 ,            0.00, DIST/OUT/19234 - Bolsa Cam. Am, stock.move(305873), account.move(292065), 2025-02-03 18:33:14.045270
227645, [4527] Bolsa Cam,          0.0 ,            0.00, DIST/OUT/19243 - Bolsa Cam. Am, stock.move(305981), account.move(292344), 2025-02-04 11:21:28.248713
227646, [4527] Bolsa Cam,          0.0 ,            0.00, DIST/OUT/19244 - Bolsa Cam. Am, stock.move(305982), account.move(292351), 2025-02-04 11:24:51.525567
227938, [4527] Bolsa Cam,          0.0 ,            0.00, DIST/IN/05428 - Bolsa Cam. Ama, stock.move(306566), account.move(292891), 2025-02-07 13:06:44.428870
227939, [4527] Bolsa Cam,          0.0 ,            0.00, DIST/IN/05429 - Bolsa Cam. Ama, stock.move(306567), account.move(292894), 2025-02-07 13:10:56.648163
228001, [4527] Bolsa Cam,          0.0 ,            0.00, DIST/OUT/19291 - Bolsa Cam. Am, stock.move(306744), account.move(293017), 2025-02-08 16:32:25.748659
228044, [4527] Bolsa Cam,          0.0 ,            0.00, DIST/OUT/19295 - Bolsa Cam. Am, stock.move(306804), account.move(293174), 2025-02-10 12:40:09.903904
228135, [4527] Bolsa Cam,          0.0 ,            0.00, DIST/OUT/19313 - Bolsa Cam. Am, stock.move(306984), account.move(293331), 2025-02-11 10:28:43.331953
228136, [4527] Bolsa Cam,          0.0 ,            0.00, DIST/OUT/19314 - Bolsa Cam. Am, stock.move(306985), account.move(293349), 2025-02-11 10:57:54.626792
228388, [4527] Bolsa Cam,          0.0 ,            0.00, DEP1/IN/07825 - Bolsa Cam. Ama, stock.move(307474), account.move(294008), 2025-02-14 11:41:35.959116
228393, [4527] Bolsa Cam,          0.0 ,            0.00, DIST/IN/05447 - Bolsa Cam. Ama, stock.move(307479), account.move(294015), 2025-02-14 11:48:45.298584
228397, [4527] Bolsa Cam,          0.0 ,            0.00, DIST/IN/05449 - Bolsa Cam. Ama, stock.move(307483), account.move(294020), 2025-02-14 11:56:36.781043
228398, [4527] Bolsa Cam,          0.0 ,            0.00, DIST/IN/05450 - Bolsa Cam. Ama, stock.move(307484), account.move(294022), 2025-02-14 12:01:22.535456
228402, [4527] Bolsa Cam,          0.0 ,            0.00, DIST/IN/05452 - Bolsa Cam. Ama, stock.move(307493), account.move(294028), 2025-02-14 12:11:44.207156
228415, [4527] Bolsa Cam,          0.0 ,            0.00, DIST/OUT/19379 - Bolsa Cam. Am, stock.move(307556), account.move(294170), 2025-02-15 09:10:51.757404
228490, [4527] Bolsa Cam,          0.0 ,            0.00, DIST/OUT/19411 - Bolsa Cam. Am, stock.move(307850), account.move(294299), 2025-02-17 17:48:14.897883
228518, [4527] Bolsa Cam,          0.0 ,            0.00, DIST/OUT/19419 - Bolsa Cam. Am, stock.move(307889), account.move(294337), 2025-02-17 18:52:09.628225
228559, [4527] Bolsa Cam,          0.0 ,            0.00, DIST/OUT/19422 - Bolsa Cam. Am, stock.move(307928), account.move(294360), 2025-02-18 10:43:24.976114
228838, [4527] Bolsa Cam,          0.0 ,            0.00, DIST/IN/05475 - Bolsa Cam. Ama, stock.move(308488), account.move(294808), 2025-02-21 12:49:17.642411
228849, [4527] Bolsa Cam,          0.0 ,            0.00, DIST/IN/05478 - Bolsa Cam. Ama, stock.move(308497), account.move(294827), 2025-02-21 13:04:35.091913
228854, [4527] Bolsa Cam,          0.0 ,            0.00, DEP1/IN/07852 - Bolsa Cam. Ama, stock.move(308505), account.move(294833), 2025-02-21 13:11:22.203779
228859, [4527] Bolsa Cam,          0.0 ,            0.00, DIST/IN/05479 - Bolsa Cam. Ama, stock.move(308509), account.move(294840), 2025-02-21 13:18:32.637714
228871, [4527] Bolsa Cam,          0.0 ,            0.00, DIST/IN/05480 - Bolsa Cam. Ama, stock.move(308516), account.move(294852), 2025-02-21 13:26:10.024343
229000, [4527] Bolsa Cam,          0.0 ,            0.00, DIST/OUT/19506 - Bolsa Cam. Am, stock.move(308897), account.move(295145), 2025-02-24 18:32:34.933776
229009, [4527] Bolsa Cam,          0.0 ,            0.00, DIST/OUT/19508 - Bolsa Cam. Am, stock.move(308904), account.move(295157), 2025-02-24 18:42:54.277393
229029, [4527] Bolsa Cam,          0.0 ,            0.00, DIST/OUT/19512 - Bolsa Cam. Am, stock.move(308930), account.move(295195), 2025-02-25 09:44:11.142838
229031, [4527] Bolsa Cam,          0.0 ,            0.00, DIST/OUT/19514 - Bolsa Cam. Am, stock.move(308932), account.move(295200), 2025-02-25 10:12:44.780729
229033, [4527] Bolsa Cam,          0.0 ,            0.00, DIST/IN/05490 - Bolsa Cam. Ama, stock.move(308937), account.move(295244), 2025-02-25 12:36:27.549016
229214, [4527] Bolsa Cam,          0.0 ,            0.00, DIST/IN/05506 - Bolsa Cam. Ama, stock.move(309396), account.move(295715), 2025-02-28 13:13:55.540481
229221, [4527] Bolsa Cam,          0.0 ,            0.00, DEP1/IN/07879 - Bolsa Cam. Ama, stock.move(309403), account.move(295725), 2025-02-28 13:18:12.562784
229223, [4527] Bolsa Cam,          0.0 ,            0.00, DEP1/IN/07880 - Bolsa Cam. Ama, stock.move(309406), account.move(295727), 2025-02-28 13:24:43.943959
229231, [4527] Bolsa Cam,          0.0 ,            0.00, DEP1/IN/07881 - Bolsa Cam. Ama, stock.move(309413), account.move(295737), 2025-02-28 13:34:36.893806
229240, [4527] Bolsa Cam,          0.0 ,            0.00, DEP1/IN/07882 - Bolsa Cam. Ama, stock.move(309424), account.move(295753), 2025-02-28 13:48:59.004818
229247, [4527] Bolsa Cam,          0.0 ,            0.00, DEP1/IN/07884 - Bolsa Cam. Ama, stock.move(309430), account.move(295764), 2025-02-28 14:01:17.807610
229278, [4527] Bolsa Cam,          0.0 ,            0.00, DIST/OUT/19588 - Bolsa Cam. Am, stock.move(309537), account.move(295912), 2025-03-01 04:24:21.057493
229335, [4527] Bolsa Cam,          0.0 ,            0.00, DIST/OUT/19597 - Bolsa Cam. Am, stock.move(309682), account.move(295965), 2025-03-04 10:07:03.573655
229336, [4527] Bolsa Cam,          0.0 ,            0.00, DIST/OUT/19598 - Bolsa Cam. Am, stock.move(309683), account.move(295967), 2025-03-04 10:13:58.706379
229481, [4527] Bolsa Cam,          0.0 ,            0.00, DIST/IN/05525 - Bolsa Cam. Ama, stock.move(310017), account.move(296277), 2025-03-05 11:44:58.460423
229482, [4527] Bolsa Cam,          0.0 ,            0.00, DIST/IN/05526 - Bolsa Cam. Ama, stock.move(310018), account.move(296282), 2025-03-05 11:50:39.118110
229483, [4527] Bolsa Cam,          0.0 ,            0.00, DIST/IN/05527 - Bolsa Cam. Ama, stock.move(310019), account.move(296286), 2025-03-05 11:55:56.505185
229484, [4527] Bolsa Cam,          0.0 ,            0.00, DIST/IN/05528 - Bolsa Cam. Ama, stock.move(310021), account.move(296296), 2025-03-05 12:22:21.576790
229485, [4527] Bolsa Cam,          0.0 ,            0.00, DIST/IN/05529 - Bolsa Cam. Ama, stock.move(310022), account.move(296298), 2025-03-05 12:24:49.808396
229486, [4527] Bolsa Cam,          0.0 ,            0.00, DIST/IN/05530 - Bolsa Cam. Ama, stock.move(310023), account.move(296300), 2025-03-05 12:26:53.049727
229699, [4527] Bolsa Cam,          0.0 ,            0.00, DEP1/IN/07898 - Bolsa Cam. Ama, stock.move(310506), account.move(296566), 2025-03-07 10:04:50.286494
229704, [4527] Bolsa Cam,          0.0 ,            0.00, DEP1/IN/07900 - Bolsa Cam. Ama, stock.move(310510), account.move(296574), 2025-03-07 10:09:28.831127
229729, [4527] Bolsa Cam,          0.0 ,            0.00, DEP1/IN/07905 - Bolsa Cam. Ama, stock.move(310544), account.move(296598), 2025-03-07 10:31:29.989315
229786, [4527] Bolsa Cam,          0.0 ,            0.00, DIST/OUT/19669 - Bolsa Cam. Am, stock.move(310646), account.move(296672), 2025-03-07 18:08:24.526281
229915, [4527] Bolsa Cam,          0.0 ,            0.00, DIST/OUT/19699 - Bolsa Cam. Am, stock.move(311014), account.move(296830), 2025-03-10 18:21:38.706759
230143, [4527] Bolsa Cam,          0.0 ,            0.00, DEP1/IN/07930 - Bolsa Cam. Ama, stock.move(311581), account.move(297452), 2025-03-13 18:35:43.468911
230149, [4527] Bolsa Cam,          0.0 ,            0.00, DEP1/IN/07931 - Bolsa Cam. Ama, stock.move(311586), account.move(297460), 2025-03-13 18:41:37.768111
230166, [4527] Bolsa Cam,          0.0 ,            0.00, DEP1/IN/07935 - Bolsa Cam. Ama, stock.move(311600), account.move(297476), 2025-03-13 18:51:14.546025
230196, [4527] Bolsa Cam,          0.0 ,            0.00, DIST/OUT/19744 - Bolsa Cam. Am, stock.move(311621), account.move(297516), 2025-03-14 09:20:45.459141
230299, [4527] Bolsa Cam,          0.0 ,            0.00, DIST/OUT/19780 - Bolsa Cam. Am, stock.move(312005), account.move(297726), 2025-03-17 18:20:10.230767
230304, [4527] Bolsa Cam,          0.0 ,            0.00, DIST/OUT/19781 - Bolsa Cam. Am, stock.move(312010), account.move(297729), 2025-03-17 18:23:26.786167
230437, [4527] Bolsa Cam,          0.0 ,            0.00, DIST/OUT/19797 - Bolsa Cam. Am, stock.move(312239), account.move(297925), 2025-03-19 09:50:59.513760
230551, [4527] Bolsa Cam,          0.0 ,            0.00, DIST/IN/05606 - Bolsa Cam. Ama, stock.move(312532), account.move(298149), 2025-03-20 17:01:08.715818
230651, [4527] Bolsa Cam,          0.0 ,            0.00, DIST/IN/05609 - Bolsa Cam. Ama, stock.move(312625), account.move(298293), 2025-03-21 11:38:08.036429
230730, [4527] Bolsa Cam,          0.0 ,            0.00, DIST/OUT/19857 - Bolsa Cam. Am, stock.move(312813), account.move(298514), 2025-03-24 10:08:33.433560
230789, [4527] Bolsa Cam,          0.0 ,            0.00, DIST/OUT/19867 - Bolsa Cam. Am, stock.move(313005), account.move(298639), 2025-03-24 18:22:05.275811
230823, [4527] Bolsa Cam,          0.0 ,            0.00, DIST/OUT/19872 - Bolsa Cam. Am, stock.move(313053), account.move(298717), 2025-03-25 09:40:13.804183
230839, [4527] Bolsa Cam,          0.0 ,            0.00, DIST/IN/05615 - Bolsa Cam. Ama, stock.move(313200), account.move(298792), 2025-03-25 17:04:24.091876
230840, [4527] Bolsa Cam,          0.0 ,            0.00, DIST/IN/05616 - Bolsa Cam. Ama, stock.move(313201), account.move(298794), 2025-03-25 17:09:19.640883
230841, [4527] Bolsa Cam,          0.0 ,            0.00, DIST/IN/05617 - Bolsa Cam. Ama, stock.move(313202), account.move(298796), 2025-03-25 17:13:31.229215
230844, [4527] Bolsa Cam,          0.0 ,            0.00, DIST/IN/05618 - Bolsa Cam. Ama, stock.move(313203), account.move(298798), 2025-03-25 17:18:31.023679
230845, [4527] Bolsa Cam,          0.0 ,            0.00, DIST/IN/05619 - Bolsa Cam. Ama, stock.move(313204), account.move(298801), 2025-03-25 17:29:39.104986
231050, [4527] Bolsa Cam,          0.0 ,            0.00, DIST/IN/05638 - Bolsa Cam. Ama, stock.move(313554), account.move(299160), 2025-03-28 11:48:30.197194
231095, [4527] Bolsa Cam,          0.0 ,            0.00, DIST/OUT/19931 - Bolsa Cam. Am, stock.move(313700), account.move(299285), 2025-03-31 09:20:33.898014
231177, [4527] Bolsa Cam,          0.0 ,            0.00, DIST/OUT/19946 - Bolsa Cam. Am, stock.move(313941), account.move(299494), 2025-04-01 09:59:37.673288
231178, [4527] Bolsa Cam,          0.0 ,            0.00, DIST/OUT/19947 - Bolsa Cam. Am, stock.move(313942), account.move(299496), 2025-04-01 10:06:18.036898
231523, [4527] Bolsa Cam,          0.0 ,            0.00, DIST/IN/05660 - Bolsa Cam. Ama, stock.move(314566), account.move(300072), 2025-04-03 18:30:49.467318
231592, [4527] Bolsa Cam,          0.0 ,            0.00, DIST/OUT/20019 - Bolsa Cam. Am, stock.move(314628), account.move(300130), 2025-04-04 10:07:31.838693
231679, [4527] Bolsa Cam,          0.0 ,            0.00, DIST/OUT/20032 - Bolsa Cam. Am, stock.move(314859), account.move(300310), 2025-04-05 12:42:10.080890
231820, [4527] Bolsa Cam,          0.0 ,            0.00, DIST/OUT/20047 - Bolsa Cam. Am, stock.move(315143), account.move(300593), 2025-04-08 09:51:45.137993
231823, [4527] Bolsa Cam,          0.0 ,            0.00, DIST/OUT/20049 - Bolsa Cam. Am, stock.move(315145), account.move(300599), 2025-04-08 10:04:55.424512
231851, [4527] Bolsa Cam,          0.0 ,            0.00, DIST/IN/05670 - Bolsa Cam. Ama, stock.move(315171), account.move(300652), 2025-04-08 12:25:11.790960
231993, [4527] Bolsa Cam,          0.0 ,            0.00, DIST/OUT/20086 - Bolsa Cam. Am, stock.move(315563), account.move(300885), 2025-04-09 19:05:45.118575
232216, [4527] Bolsa Cam,          0.0 ,            0.00, DIST/IN/05687 - Bolsa Cam. Ama, stock.move(315874), account.move(301283), 2025-04-11 12:52:10.492157
232218, [4527] Bolsa Cam,          0.0 ,            0.00, DIST/IN/05689 - Bolsa Cam. Ama, stock.move(315876), account.move(301286), 2025-04-11 12:59:34.268667
232224, [4527] Bolsa Cam,          0.0 ,            0.00, DIST/IN/05690 - Bolsa Cam. Ama, stock.move(315881), account.move(301294), 2025-04-11 13:13:06.161480
232230, [4527] Bolsa Cam,          0.0 ,            0.00, DEP1/IN/08044 - Bolsa Cam. Ama, stock.move(315888), account.move(301301), 2025-04-11 13:21:11.254493
232236, [4527] Bolsa Cam,          0.0 ,            0.00, DEP1/IN/08046 - Bolsa Cam. Ama, stock.move(315892), account.move(301308), 2025-04-11 13:31:11.809674
232294, [4527] Bolsa Cam,          0.0 ,            0.00, DIST/OUT/20140 - Bolsa Cam. Am, stock.move(316069), account.move(301373), 2025-04-14 09:53:44.325318
232304, [4527] Bolsa Cam,          0.0 ,            0.00, DIST/OUT/20143 - Bolsa Cam. Am, stock.move(316082), account.move(301389), 2025-04-14 10:26:53.399112
232305, [4527] Bolsa Cam,          0.0 ,            0.00, DIST/IN/05697 - Bolsa Cam. Ama, stock.move(316083), account.move(301391), 2025-04-14 10:28:31.393873
232358, [4527] Bolsa Cam,          0.0 ,            0.00, DIST/OUT/20154 - Bolsa Cam. Am, stock.move(316289), account.move(301491), 2025-04-14 18:03:40.106681
232359, [4527] Bolsa Cam,          0.0 ,            0.00, DIST/OUT/20155 - Bolsa Cam. Am, stock.move(316290), account.move(301494), 2025-04-14 18:06:41.291823
232482, [4527] Bolsa Cam,          0.0 ,            0.00, DEP1/IN/08057 - Bolsa Cam. Ama, stock.move(316478), account.move(301798), 2025-04-16 09:17:54.952951
232486, [4527] Bolsa Cam,          0.0 ,            0.00, DEP1/IN/08059 - Bolsa Cam. Ama, stock.move(316482), account.move(301803), 2025-04-16 09:23:51.646632
232488, [4527] Bolsa Cam,          0.0 ,            0.00, DEP1/IN/08060 - Bolsa Cam. Ama, stock.move(316484), account.move(301806), 2025-04-16 09:26:59.044564
232593, [4527] Bolsa Cam,          0.0 ,            0.00, DIST/OUT/20193 - Bolsa Cam. Am, stock.move(316744), account.move(301957), 2025-04-22 09:12:41.171516
232594, [4527] Bolsa Cam,          0.0 ,            0.00, DIST/OUT/20194 - Bolsa Cam. Am, stock.move(316745), account.move(301959), 2025-04-22 09:16:07.297014
232848, [4527] Bolsa Cam,          0.0 ,            0.00, DIST/IN/05727 - Bolsa Cam. Ama, stock.move(317317), account.move(302457), 2025-04-25 11:55:24.697121
232855, [4527] Bolsa Cam,          0.0 ,            0.00, DEP1/IN/08078 - Bolsa Cam. Ama, stock.move(317323), account.move(302469), 2025-04-25 12:03:22.916075
232861, [4527] Bolsa Cam,          0.0 ,            0.00, DEP1/IN/08080 - Bolsa Cam. Ama, stock.move(317329), account.move(302476), 2025-04-25 12:07:44.569356
232868, [4527] Bolsa Cam,          0.0 ,            0.00, DEP1/IN/08083 - Bolsa Cam. Ama, stock.move(317333), account.move(302480), 2025-04-25 12:14:35.901901
232949, [4527] Bolsa Cam,          0.0 ,            0.00, DIST/OUT/20260 - Bolsa Cam. Am, stock.move(317503), account.move(302711), 2025-04-28 10:19:13.493148
233051, [4527] Bolsa Cam,          0.0 ,            0.00, DIST/OUT/20274 - Bolsa Cam. Am, stock.move(317712), account.move(302921), 2025-04-29 09:59:22.773145
233052, [4527] Bolsa Cam,          0.0 ,            0.00, DIST/OUT/20275 - Bolsa Cam. Am, stock.move(317713), account.move(302923), 2025-04-29 10:13:43.958272
233298, [4527] Bolsa Cam,          0.0 ,            0.00, DIST/IN/05742 - Bolsa Cam. Ama, stock.move(318170), account.move(303330), 2025-05-02 14:41:30.582366
233302, [4527] Bolsa Cam,          0.0 ,            0.00, DIST/IN/05743 - Bolsa Cam. Ama, stock.move(318173), account.move(303334), 2025-05-02 14:53:01.792614
233308, [4527] Bolsa Cam,          0.0 ,            0.00, DIST/IN/05744 - Bolsa Cam. Ama, stock.move(318178), account.move(303340), 2025-05-02 14:58:50.520012
233318, [4527] Bolsa Cam,          0.0 ,            0.00, DIST/IN/05746 - Bolsa Cam. Ama, stock.move(318186), account.move(303361), 2025-05-02 16:19:03.991111
233324, [4527] Bolsa Cam,          0.0 ,            0.00, DIST/IN/05747 - Bolsa Cam. Ama, stock.move(318196), account.move(303368), 2025-05-02 16:26:09.812505
233399, [4527] Bolsa Cam,          0.0 ,            0.00, DIST/OUT/20342 - Bolsa Cam. Am, stock.move(318419), account.move(303734), 2025-05-05 09:56:53.932388
233538, [4527] Bolsa Cam,          0.0 ,            0.00, DIST/OUT/20361 - Bolsa Cam. Am, stock.move(318637), account.move(303862), 2025-05-06 09:54:33.692215
233539, [4527] Bolsa Cam,          0.0 ,            0.00, DIST/OUT/20362 - Bolsa Cam. Am, stock.move(318638), account.move(303864), 2025-05-06 09:57:02.452433
233559, [4527] Bolsa Cam,          0.0 ,            0.00, DIST/IN/05754 - Bolsa Cam. Ama, stock.move(318762), account.move(303899), 2025-05-06 17:37:06.350115
233560, [4527] Bolsa Cam,          0.0 ,            0.00, DIST/IN/05755 - Bolsa Cam. Ama, stock.move(318766), account.move(303901), 2025-05-06 17:44:20.580593
233561, [4527] Bolsa Cam,          0.0 ,            0.00, DIST/IN/05756 - Bolsa Cam. Ama, stock.move(318777), account.move(303904), 2025-05-06 17:51:48.247509
233801, [4527] Bolsa Cam,          0.0 ,            0.00, DEP1/IN/08124 - Bolsa Cam. Ama, stock.move(319191), account.move(304271), 2025-05-09 14:00:48.576220
233809, [4527] Bolsa Cam,          0.0 ,            0.00, DEP1/IN/08127 - Bolsa Cam. Ama, stock.move(319198), account.move(304281), 2025-05-09 14:13:09.945076
233811, [4527] Bolsa Cam,          0.0 ,            0.00, DIST/IN/05763 - Bolsa Cam. Ama, stock.move(319204), account.move(304292), 2025-05-09 14:28:13.474936
233815, [4527] Bolsa Cam,          0.0 ,            0.00, DEP1/IN/08131 - Bolsa Cam. Ama, stock.move(319214), account.move(304305), 2025-05-09 14:34:02.929867
233829, [4527] Bolsa Cam,          0.0 ,            0.00, DEP1/IN/08137 - Bolsa Cam. Ama, stock.move(319235), account.move(304333), 2025-05-09 14:53:22.467072
233831, [4527] Bolsa Cam,          0.0 ,            0.00, DEP1/IN/08138 - Bolsa Cam. Ama, stock.move(319238), account.move(304350), 2025-05-09 14:56:48.204181
233904, [4527] Bolsa Cam,          0.0 ,            0.00, DIST/OUT/20434 - Bolsa Cam. Am, stock.move(319384), account.move(304442), 2025-05-12 09:53:25.601103
233997, [4527] Bolsa Cam,          0.0 ,            0.00, DIST/OUT/20451 - Bolsa Cam. Am, stock.move(319573), account.move(304626), 2025-05-13 10:01:43.374968
233999, [4527] Bolsa Cam,          0.0 ,            0.00, DIST/OUT/20453 - Bolsa Cam. Am, stock.move(319575), account.move(304630), 2025-05-13 10:08:20.871465
234136, [4527] Bolsa Cam,          0.0 ,            0.00, DIST/IN/05790 - Bolsa Cam. Ama, stock.move(319921), account.move(304867), 2025-05-16 13:07:15.997088
234141, [4527] Bolsa Cam,          0.0 ,            0.00, DIST/IN/05791 - Bolsa Cam. Ama, stock.move(319926), account.move(304874), 2025-05-16 13:10:08.107048
234147, [4527] Bolsa Cam,          0.0 ,            0.00, DEP1/IN/08160 - Bolsa Cam. Ama, stock.move(319934), account.move(304880), 2025-05-16 13:24:29.266742
234153, [4527] Bolsa Cam,          0.0 ,            0.00, DIST/IN/05793 - Bolsa Cam. Ama, stock.move(319941), account.move(304889), 2025-05-16 13:34:33.227341
234173, [4527] Bolsa Cam,          0.0 ,            0.00, DIST/OUT/20495 - Bolsa Cam. Am, stock.move(319996), account.move(304927), 2025-05-16 18:18:02.177896
234256, [4527] Bolsa Cam,          0.0 ,            0.00, DIST/OUT/20511 - Bolsa Cam. Am, stock.move(320377), account.move(305062), 2025-05-19 18:39:46.453207
234268, [4527] Bolsa Cam,          0.0 ,            0.00, DIST/OUT/20514 - Bolsa Cam. Am, stock.move(320384), account.move(305077), 2025-05-19 18:50:25.985492
234354, [4527] Bolsa Cam,          0.0 ,            0.00, DIST/IN/05800 - Bolsa Cam. Ama, stock.move(320550), account.move(305235), 2025-05-20 18:06:45.765475
234355, [4527] Bolsa Cam,          0.0 ,            0.00, DIST/IN/05801 - Bolsa Cam. Ama, stock.move(320551), account.move(305237), 2025-05-20 18:11:01.427341
234360, [4527] Bolsa Cam,          0.0 ,            0.00, DIST/IN/05803 - Bolsa Cam. Ama, stock.move(320571), account.move(305242), 2025-05-20 18:46:45.521565
234563, [4527] Bolsa Cam,          0.0 ,            0.00, DIST/IN/05812 - Bolsa Cam. Ama, stock.move(320940), account.move(305678), 2025-05-23 11:28:45.615610
234571, [4527] Bolsa Cam,          0.0 ,            0.00, DIST/IN/05813 - Bolsa Cam. Ama, stock.move(320947), account.move(305687), 2025-05-23 11:48:47.744252
234584, [4527] Bolsa Cam,          0.0 ,            0.00, DEP1/IN/08198 - Bolsa Cam. Ama, stock.move(320957), account.move(305698), 2025-05-23 11:57:40.577212
234627, [4527] Bolsa Cam,          0.0 ,            0.00, DIST/OUT/20569 - Bolsa Cam. Am, stock.move(321037), account.move(305841), 2025-05-23 18:41:35.408741
234713, [4527] Bolsa Cam,          0.0 ,            0.00, DIST/OUT/20587 - Bolsa Cam. Am, stock.move(321229), account.move(306057), 2025-05-26 18:10:08.077714
234721, [4527] Bolsa Cam,          0.0 ,            0.00, DIST/OUT/20589 - Bolsa Cam. Am, stock.move(321247), account.move(306065), 2025-05-26 18:17:41.365688
234843, [4527] Bolsa Cam,          0.0 ,            0.00, DIST/IN/05830 - Bolsa Cam. Ama, stock.move(321439), account.move(306239), 2025-05-28 10:56:09.376732
234844, [4527] Bolsa Cam,          0.0 ,            0.00, DIST/IN/05831 - Bolsa Cam. Ama, stock.move(321440), account.move(306242), 2025-05-28 11:00:50.575723
234845, [4527] Bolsa Cam,          0.0 ,            0.00, DIST/IN/05832 - Bolsa Cam. Ama, stock.move(321441), account.move(306252), 2025-05-28 11:10:31.679190
234846, [4527] Bolsa Cam,          0.0 ,            0.00, DIST/IN/05833 - Bolsa Cam. Ama, stock.move(321442), account.move(306258), 2025-05-28 11:17:12.843796
234847, [4527] Bolsa Cam,          0.0 ,            0.00, DIST/IN/05834 - Bolsa Cam. Ama, stock.move(321443), account.move(306260), 2025-05-28 11:28:36.332085
234848, [4527] Bolsa Cam,          0.0 ,            0.00, DIST/IN/05835 - Bolsa Cam. Ama, stock.move(321444), account.move(306262), 2025-05-28 11:32:22.276119
234849, [4527] Bolsa Cam,          0.0 ,            0.00, DIST/IN/05836 - Bolsa Cam. Ama, stock.move(321445), account.move(306264), 2025-05-28 11:35:49.928657
234850, [4527] Bolsa Cam,          0.0 ,            0.00, DIST/IN/05837 - Bolsa Cam. Ama, stock.move(321446), account.move(306271), 2025-05-28 11:39:39.900295
234903, [4527] Bolsa Cam,          0.0 ,            0.00, DEP1/IN/08210 - Bolsa Cam. Ama, stock.move(321601), account.move(306529), 2025-05-29 18:16:04.027237
234908, [4527] Bolsa Cam,          0.0 ,            0.00, DEP1/IN/08212 - Bolsa Cam. Ama, stock.move(321618), account.move(306535), 2025-05-29 18:23:14.831779
234915, [4527] Bolsa Cam,          0.0 ,            0.00, DEP1/IN/08214 - Bolsa Cam. Ama, stock.move(321630), account.move(306543), 2025-05-29 18:31:32.951291
235094, [4527] Bolsa Cam,          0.0 ,            0.00, DIST/OUT/20677 - Bolsa Cam. Am, stock.move(322079), account.move(306867), 2025-06-02 18:30:04.495458
235095, [4527] Bolsa Cam,          0.0 ,            0.00, DIST/OUT/20678 - Bolsa Cam. Am, stock.move(322080), account.move(306870), 2025-06-02 18:33:44.230395
235205, [4527] Bolsa Cam,          0.0 ,            0.00, DIST/IN/05866 - Bolsa Cam. Ama, stock.move(322230), account.move(307055), 2025-06-03 17:14:38.926541
235547, [4527] Bolsa Cam,          0.0 ,            0.00, DIST/IN/05878 - Bolsa Cam. Ama, stock.move(322809), account.move(307601), 2025-06-06 14:29:44.003070
235563, [4527] Bolsa Cam,          0.0 ,            0.00, DIST/OUT/20755 - Bolsa Cam. Am, stock.move(322851), account.move(307637), 2025-06-06 18:56:11.573265
235698, [4527] Bolsa Cam,          0.0 ,            0.00, DIST/OUT/20791 - Bolsa Cam. Am, stock.move(323234), account.move(307840), 2025-06-10 09:30:29.954677
235704, [4527] Bolsa Cam,          0.0 ,            0.00, DIST/OUT/20794 - Bolsa Cam. Am, stock.move(323240), account.move(307850), 2025-06-10 09:46:19.618393
236018, [4527] Bolsa Cam,          0.0 ,            0.00, DEP1/IN/08266 - Bolsa Cam. Ama, stock.move(323799), account.move(308521), 2025-06-13 11:35:23.114200
236023, [4527] Bolsa Cam,          0.0 ,            0.00, DIST/IN/05908 - Bolsa Cam. Ama, stock.move(323804), account.move(308528), 2025-06-13 11:39:26.081173
236050, [4527] Bolsa Cam,          0.0 ,            0.00, DIST/IN/05912 - Bolsa Cam. Ama, stock.move(323829), account.move(308586), 2025-06-13 12:12:04.325440
236065, [4527] Bolsa Cam,          0.0 ,            0.00, DIST/OUT/20853 - Bolsa Cam. Am, stock.move(323877), account.move(308646), 2025-06-13 17:59:23.421787
236110, [4527] Bolsa Cam,          0.0 ,            0.00, DIST/OUT/20862 - Bolsa Cam. Am, stock.move(324015), account.move(308676), 2025-06-17 09:56:29.136391
236111, [4527] Bolsa Cam,          0.0 ,            0.00, DIST/OUT/20863 - Bolsa Cam. Am, stock.move(324016), account.move(308678), 2025-06-17 09:58:57.191852
236489, [4527] Bolsa Cam,          0.0 ,            0.00, DIST/IN/05929 - Bolsa Cam. Ama, stock.move(324805), account.move(309329), 2025-06-20 13:24:02.616314
236508, [4527] Bolsa Cam,          0.0 ,            0.00, DIST/IN/05931 - Bolsa Cam. Ama, stock.move(324819), account.move(309346), 2025-06-20 13:42:29.655228
236509, [4527] Bolsa Cam,          0.0 ,            0.00, DIST/IN/05932 - Bolsa Cam. Ama, stock.move(324820), account.move(309349), 2025-06-20 13:50:07.872204
236537, [4527] Bolsa Cam,          0.0 ,            0.00, DIST/OUT/20933 - Bolsa Cam. Am, stock.move(324874), account.move(309401), 2025-06-20 17:57:50.932405
236638, [4527] Bolsa Cam,          0.0 ,            0.00, DIST/OUT/20954 - Bolsa Cam. Am, stock.move(325177), account.move(309592), 2025-06-23 18:13:45.154009
236699, [4527] Bolsa Cam,          0.0 ,            0.00, DIST/OUT/20959 - Bolsa Cam. Am, stock.move(325233), account.move(309647), 2025-06-24 09:15:20.019143
236779, [4527] Bolsa Cam,          0.0 ,            0.00, DIST/IN/05946 - Bolsa Cam. Ama, stock.move(325391), account.move(309854), 2025-06-25 12:02:50.076368
236943, [4527] Bolsa Cam,          0.0 ,            0.00, DIST/IN/05956 - Bolsa Cam. Ama, stock.move(325653), account.move(310099), 2025-06-27 10:15:12.718961
236954, [4527] Bolsa Cam,          0.0 ,            0.00, DIST/IN/05958 - Bolsa Cam. Ama, stock.move(325662), account.move(310116), 2025-06-27 10:24:00.918925
236967, [4527] Bolsa Cam,          0.0 ,            0.00, DIST/IN/05961 - Bolsa Cam. Ama, stock.move(325674), account.move(310132), 2025-06-27 10:35:39.922676
237007, [4527] Bolsa Cam,          0.0 ,            0.00, DIST/OUT/21010 - Bolsa Cam. Am, stock.move(325770), account.move(310270), 2025-06-27 18:00:43.533160
237071, [4527] Bolsa Cam,          0.0 ,            0.00, DIST/IN/05975 - Bolsa Cam. Ama, stock.move(325979), account.move(310505), 2025-06-30 18:43:24.059785
238121, [4527] Bolsa Cam,          0.0 ,            0.00, DIST/OUT/21040 - Bolsa Cam. Am, stock.move(326151), account.move(310569), 2025-07-01 09:10:10.913192
238130, [4527] Bolsa Cam,          0.0 ,            0.00, DIST/OUT/21044 - Bolsa Cam. Am, stock.move(326155), account.move(310584), 2025-07-01 09:34:15.945874
238521, [4527] Bolsa Cam,          0.0 ,            0.00, DIST/IN/05997 - Bolsa Cam. Ama, stock.move(326876), account.move(311201), 2025-07-04 16:23:06.376061
238526, [4527] Bolsa Cam,          0.0 ,            0.00, DIST/IN/05998 - Bolsa Cam. Ama, stock.move(326880), account.move(311207), 2025-07-04 16:31:04.823343
238557, [4527] Bolsa Cam,          0.0 ,            0.00, DIST/OUT/21118 - Bolsa Cam. Am, stock.move(326927), account.move(311281), 2025-07-04 18:46:13.727507
238659, [4527] Bolsa Cam,          0.0 ,            0.00, DIST/OUT/21136 - Bolsa Cam. Am, stock.move(327164), account.move(311506), 2025-07-07 18:09:41.744225
238744, [4527] Bolsa Cam,          0.0 ,            0.00, DIST/OUT/21149 - Bolsa Cam. Am, stock.move(327259), account.move(311574), 2025-07-08 09:19:29.658661
239030, [4527] Bolsa Cam,          0.0 ,            0.00, DIST/IN/06023 - Bolsa Cam. Ama, stock.move(327803), account.move(312193), 2025-07-11 12:50:42.859665
239034, [4527] Bolsa Cam,          0.0 ,            0.00, DIST/IN/06024 - Bolsa Cam. Ama, stock.move(327808), account.move(312199), 2025-07-11 12:58:09.844788
239038, [4527] Bolsa Cam,          0.0 ,            0.00, DIST/IN/06025 - Bolsa Cam. Ama, stock.move(327812), account.move(312204), 2025-07-11 13:02:12.860218
239055, [4527] Bolsa Cam,          0.0 ,            0.00, DIST/IN/06028 - Bolsa Cam. Ama, stock.move(327825), account.move(312226), 2025-07-11 13:19:39.854400
239064, [4527] Bolsa Cam,          0.0 ,            0.00, DIST/OUT/21209 - Bolsa Cam. Am, stock.move(327857), account.move(312260), 2025-07-11 17:33:32.703557
239142, [4527] Bolsa Cam,          0.0 ,            0.00, DIST/OUT/21223 - Bolsa Cam. Am, stock.move(328141), account.move(312432), 2025-07-14 18:12:27.803536
239220, [4527] Bolsa Cam,          0.0 ,            0.00, DIST/OUT/21232 - Bolsa Cam. Am, stock.move(328213), account.move(312491), 2025-07-15 09:19:28.142593
239359, [4527] Bolsa Cam,          0.0 ,            0.00, DIST/IN/06040 - Bolsa Cam. Ama, stock.move(328520), account.move(312704), 2025-07-16 11:11:25.485795
239360, [4527] Bolsa Cam,          0.0 ,            0.00, DIST/IN/06041 - Bolsa Cam. Ama, stock.move(328521), account.move(312712), 2025-07-16 11:18:48.198101
239361, [4527] Bolsa Cam,          0.0 ,            0.00, DIST/IN/06042 - Bolsa Cam. Ama, stock.move(328522), account.move(312720), 2025-07-16 11:22:46.808540
239362, [4527] Bolsa Cam,          0.0 ,            0.00, DIST/IN/06043 - Bolsa Cam. Ama, stock.move(328523), account.move(312722), 2025-07-16 11:32:58.245431
239363, [4527] Bolsa Cam,          0.0 ,            0.00, DIST/IN/06044 - Bolsa Cam. Ama, stock.move(328524), account.move(312724), 2025-07-16 11:37:18.730211
239364, [4527] Bolsa Cam,          0.0 ,            0.00, DIST/IN/06045 - Bolsa Cam. Ama, stock.move(328525), account.move(312726), 2025-07-16 11:39:45.576004
239532, [4527] Bolsa Cam,          0.0 ,            0.00, DIST/IN/06055 - Bolsa Cam. Ama, stock.move(328833), account.move(313043), 2025-07-18 12:21:42.017470
239538, [4527] Bolsa Cam,          0.0 ,            0.00, DEP1/IN/08377 - Bolsa Cam. Ama, stock.move(328835), account.move(313052), 2025-07-18 12:42:11.266194
239543, [4527] Bolsa Cam,          0.0 ,            0.00, DIST/IN/06056 - Bolsa Cam. Ama, stock.move(328839), account.move(313058), 2025-07-18 12:48:17.570229
239552, [4527] Bolsa Cam,          0.0 ,            0.00, DIST/IN/06057 - Bolsa Cam. Ama, stock.move(328848), account.move(313071), 2025-07-18 12:58:35.112777
239559, [4527] Bolsa Cam,          0.0 ,            0.00, DEP1/IN/08378 - Bolsa Cam. Ama, stock.move(328856), account.move(313082), 2025-07-18 13:35:20.136495
239564, [4527] Bolsa Cam,          0.0 ,            0.00, DIST/IN/06058 - Bolsa Cam. Ama, stock.move(328860), account.move(313088), 2025-07-18 13:41:08.992850
239579, [4527] Bolsa Cam,          0.0 ,            0.00, DIST/OUT/21295 - Bolsa Cam. Am, stock.move(328924), account.move(313154), 2025-07-18 17:56:51.332308
239666, [4527] Bolsa Cam,          0.0 ,            0.00, DIST/OUT/21310 - Bolsa Cam. Am, stock.move(329137), account.move(313293), 2025-07-21 18:33:25.142809
239709, [4527] Bolsa Cam,          0.0 ,            0.00, DIST/OUT/21316 - Bolsa Cam. Am, stock.move(329177), account.move(313346), 2025-07-22 09:46:02.734537
239915, [4527] Bolsa Cam,          0.0 ,            0.00, DIST/IN/06080 - Bolsa Cam. Ama, stock.move(329658), account.move(313776), 2025-07-25 14:37:00.382849
239919, [4527] Bolsa Cam,          0.0 ,            0.00, DIST/IN/06081 - Bolsa Cam. Ama, stock.move(329662), account.move(313781), 2025-07-25 14:40:42.176142
239923, [4527] Bolsa Cam,          0.0 ,            0.00, DIST/IN/06082 - Bolsa Cam. Ama, stock.move(329666), account.move(313786), 2025-07-25 14:44:19.172676
239926, [4527] Bolsa Cam,          0.0 ,            0.00, DIST/IN/06083 - Bolsa Cam. Ama, stock.move(329669), account.move(313791), 2025-07-25 14:48:16.153091
239930, [4527] Bolsa Cam,          0.0 ,            0.00, DIST/IN/06084 - Bolsa Cam. Ama, stock.move(329674), account.move(313796), 2025-07-25 14:52:00.361498
239934, [4527] Bolsa Cam,          0.0 ,            0.00, DIST/IN/06085 - Bolsa Cam. Ama, stock.move(329678), account.move(313801), 2025-07-25 14:55:21.971455
239942, [4527] Bolsa Cam,          0.0 ,            0.00, DIST/OUT/21368 - Bolsa Cam. Am, stock.move(329707), account.move(313819), 2025-07-25 18:03:45.174155
240006, [4527] Bolsa Cam,          0.0 ,            0.00, DIST/OUT/21383 - Bolsa Cam. Am, stock.move(329936), account.move(314019), 2025-07-28 18:45:12.455887
240007, [4527] Bolsa Cam,          0.0 ,            0.00, DIST/OUT/21384 - Bolsa Cam. Am, stock.move(329937), account.move(314022), 2025-07-28 18:48:14.917140
240245, [4527] Bolsa Cam,          0.0 ,            0.00, DIST/IN/06102 - Bolsa Cam. Ama, stock.move(330407), account.move(314646), 2025-08-01 12:48:20.320148
240252, [4527] Bolsa Cam,          0.0 ,            0.00, DEP1/IN/08411 - Bolsa Cam. Ama, stock.move(330414), account.move(314654), 2025-08-01 12:54:48.913647
240254, [4527] Bolsa Cam,          0.0 ,            0.00, DEP1/IN/08412 - Bolsa Cam. Ama, stock.move(330416), account.move(314657), 2025-08-01 12:59:02.203516
240259, [4527] Bolsa Cam,          0.0 ,            0.00, DIST/IN/06103 - Bolsa Cam. Ama, stock.move(330421), account.move(314664), 2025-08-01 13:03:18.881485
240266, [4527] Bolsa Cam,          0.0 ,            0.00, DEP1/IN/08413 - Bolsa Cam. Ama, stock.move(330428), account.move(314674), 2025-08-01 13:07:32.966067
240270, [4527] Bolsa Cam,          0.0 ,            0.00, DIST/IN/06104 - Bolsa Cam. Ama, stock.move(330434), account.move(314679), 2025-08-01 13:12:24.575803
240346, [4527] Bolsa Cam,          0.0 ,            0.00, DIST/OUT/21457 - Bolsa Cam. Am, stock.move(330568), account.move(314765), 2025-08-01 18:16:38.405521
240530, [4527] Bolsa Cam,          0.0 ,            0.00, DIST/OUT/21472 - Bolsa Cam. Am, stock.move(330952), account.move(315084), 2025-08-05 09:22:49.041235
240531, [4527] Bolsa Cam,          0.0 ,            0.00, DIST/OUT/21473 - Bolsa Cam. Am, stock.move(330953), account.move(315086), 2025-08-05 09:26:29.144248
240769, [4527] Bolsa Cam,          0.0 ,            0.00, DIST/OUT/21530 - Bolsa Cam. Am, stock.move(331547), account.move(315613), 2025-08-07 18:29:51.312454
240770, [4527] Bolsa Cam,          0.0 ,            0.00, DIST/OUT/21531 - Bolsa Cam. Am, stock.move(331548), account.move(315614), 2025-08-07 18:31:26.884161
240866, [4527] Bolsa Cam,          0.0 ,            0.00, DIST/IN/06131 - Bolsa Cam. Ama, stock.move(331642), account.move(315752), 2025-08-08 16:28:33.891551
240889, [4527] Bolsa Cam,          0.0 ,            0.00, DIST/OUT/21545 - Bolsa Cam. Am, stock.move(331695), account.move(315833), 2025-08-08 19:07:43.110506
240973, [4527] Bolsa Cam,          0.0 ,            0.00, DIST/OUT/21557 - Bolsa Cam. Am, stock.move(332026), account.move(315944), 2025-08-11 18:05:17.288105
240974, [4527] Bolsa Cam,          0.0 ,            0.00, DIST/OUT/21558 - Bolsa Cam. Am, stock.move(332027), account.move(315946), 2025-08-11 18:16:07.681699
241059, [4527] Bolsa Cam,          0.0 ,            0.00, DIST/IN/06142 - Bolsa Cam. Ama, stock.move(332123), account.move(316033), 2025-08-12 12:14:47.230116
241060, [4527] Bolsa Cam,          0.0 ,            0.00, DIST/IN/06143 - Bolsa Cam. Ama, stock.move(332124), account.move(316036), 2025-08-12 12:28:39.015461
241262, [4527] Bolsa Cam,          0.0 ,            0.00, DIST/IN/06158 - Bolsa Cam. Ama, stock.move(332502), account.move(316581), 2025-08-14 14:13:34.808639
241283, [4527] Bolsa Cam,          0.0 ,            0.00, DIST/OUT/21607 - Bolsa Cam. Am, stock.move(332587), account.move(316615), 2025-08-14 18:28:03.547777
241404, [4527] Bolsa Cam,          0.0 ,            0.00, DIST/OUT/21621 - Bolsa Cam. Am, stock.move(332868), account.move(316830), 2025-08-19 09:05:44.460587
241405, [4527] Bolsa Cam,          0.0 ,            0.00, DIST/OUT/21622 - Bolsa Cam. Am, stock.move(332869), account.move(316832), 2025-08-19 09:09:01.997892
241808, [4527] Bolsa Cam,          0.0 ,            0.00, DIST/IN/06197 - Bolsa Cam. Ama, stock.move(333597), account.move(317615), 2025-08-22 16:26:46.364675
241825, [4527] Bolsa Cam,          0.0 ,            0.00, DIST/IN/06200 - Bolsa Cam. Ama, stock.move(333629), account.move(317632), 2025-08-22 16:46:51.079901
241853, [4527] Bolsa Cam,          0.0 ,            0.00, DIST/OUT/21713 - Bolsa Cam. Am, stock.move(333703), account.move(317687), 2025-08-22 18:38:15.672449
241952, [4527] Bolsa Cam,          0.0 ,            0.00, DIST/OUT/21735 - Bolsa Cam. Am, stock.move(333969), account.move(317921), 2025-08-25 18:27:18.132279
241956, [4527] Bolsa Cam,          0.0 ,            0.00, DIST/OUT/21738 - Bolsa Cam. Am, stock.move(333972), account.move(317935), 2025-08-25 18:38:50.436572
241992, [4527] Bolsa Cam,          0.0 ,            0.00, DIST/IN/06214 - Bolsa Cam. Ama, stock.move(334010), account.move(317980), 2025-08-26 11:25:13.495855
242217, [4527] Bolsa Cam,          0.0 ,            0.00, DIST/IN/06219 - Bolsa Cam. Ama, stock.move(334417), account.move(318473), 2025-08-29 12:02:50.482216
242228, [4527] Bolsa Cam,          0.0 ,            0.00, DIST/IN/06222 - Bolsa Cam. Ama, stock.move(334427), account.move(318487), 2025-08-29 12:20:03.045936
242274, [4527] Bolsa Cam,          0.0 ,            0.00, DIST/OUT/21799 - Bolsa Cam. Am, stock.move(334555), account.move(318610), 2025-08-29 18:10:41.277363
242422, [4527] Bolsa Cam,          0.0 ,            0.00, DIST/OUT/21829 - Bolsa Cam. Am, stock.move(334868), account.move(318805), 2025-09-01 18:44:37.653405
242423, [4527] Bolsa Cam,          0.0 ,            0.00, DIST/OUT/21830 - Bolsa Cam. Am, stock.move(334869), account.move(318810), 2025-09-01 18:47:14.819667
242770, [4527] Bolsa Cam,          0.0 ,            0.00, DIST/IN/06245 - Bolsa Cam. Ama, stock.move(335505), account.move(319493), 2025-09-04 16:38:37.394058
242792, [4527] Bolsa Cam,          0.0 ,            0.00, DIST/IN/06247 - Bolsa Cam. Ama, stock.move(335534), account.move(319510), 2025-09-04 16:54:26.187972
242814, [4527] Bolsa Cam,          0.0 ,            0.00, DIST/OUT/21902 - Bolsa Cam. Am, stock.move(335572), account.move(319558), 2025-09-04 17:56:34.830007
242936, [4527] Bolsa Cam,          0.0 ,            0.00, DIST/OUT/21918 - Bolsa Cam. Am, stock.move(335896), account.move(319765), 2025-09-08 18:13:28.309106
242995, [4527] Bolsa Cam,          0.0 ,            0.00, DIST/OUT/21927 - Bolsa Cam. Am, stock.move(335956), account.move(319811), 2025-09-09 09:46:42.115727
243290, [4527] Bolsa Cam,          0.0 ,            0.00, DIST/IN/06266 - Bolsa Cam. Ama, stock.move(336578), account.move(320405), 2025-09-12 14:07:39.270916
243295, [4527] Bolsa Cam,          0.0 ,            0.00, DIST/IN/06267 - Bolsa Cam. Ama, stock.move(336583), account.move(320411), 2025-09-12 14:12:08.892831
243325, [4527] Bolsa Cam,          0.0 ,            0.00, DIST/OUT/21982 - Bolsa Cam. Am, stock.move(336635), account.move(320446), 2025-09-12 18:15:37.891280
243424, [4527] Bolsa Cam,          0.0 ,            0.00, DIST/OUT/21999 - Bolsa Cam. Am, stock.move(336980), account.move(320721), 2025-09-15 18:28:43.616508
243425, [4527] Bolsa Cam,          0.0 ,            0.00, DIST/OUT/22000 - Bolsa Cam. Am, stock.move(336981), account.move(320723), 2025-09-15 18:31:30.760079
243550, [4527] Bolsa Cam,          0.0 ,            0.00, DIST/IN/06293 - Bolsa Cam. Ama, stock.move(337232), account.move(320920), 2025-09-16 18:14:58.708067
243551, [4527] Bolsa Cam,          0.0 ,            0.00, DIST/IN/06294 - Bolsa Cam. Ama, stock.move(337233), account.move(320922), 2025-09-16 18:18:15.800699
243552, [4527] Bolsa Cam,          0.0 ,            0.00, DIST/IN/06296 - Bolsa Cam. Ama, stock.move(337238), account.move(320927), 2025-09-16 18:30:52.586566
243553, [4527] Bolsa Cam,          0.0 ,            0.00, DIST/IN/06297 - Bolsa Cam. Ama, stock.move(337239), account.move(320930), 2025-09-16 18:37:12.616229
243554, [4527] Bolsa Cam,          0.0 ,            0.00, DIST/IN/06298 - Bolsa Cam. Ama, stock.move(337240), account.move(320932), 2025-09-16 18:40:48.675613
243555, [4527] Bolsa Cam,          0.0 ,            0.00, DIST/IN/06299 - Bolsa Cam. Ama, stock.move(337242), account.move(320935), 2025-09-16 18:49:22.510466
243557, [4527] Bolsa Cam,          0.0 ,            0.00, DIST/IN/06300 - Bolsa Cam. Ama, stock.move(337243), account.move(320937), 2025-09-16 18:52:44.265246
243558, [4527] Bolsa Cam,          0.0 ,            0.00, DIST/IN/06301 - Bolsa Cam. Ama, stock.move(337244), account.move(320939), 2025-09-16 18:57:12.564233
243852, [4527] Bolsa Cam,          0.0 ,            0.00, DIST/OUT/22072 - Bolsa Cam. Am, stock.move(337772), account.move(321465), 2025-09-19 18:17:39.183905
243928, [4527] Bolsa Cam,          0.0 ,            0.00, DIST/OUT/22082 - Bolsa Cam. Am, stock.move(338014), account.move(321623), 2025-09-22 18:05:05.452265
243931, [4527] Bolsa Cam,          0.0 ,            0.00, DIST/OUT/22085 - Bolsa Cam. Am, stock.move(338019), account.move(321629), 2025-09-22 18:14:16.484036
244201, [4527] Bolsa Cam,          0.0 ,            0.00, DEP1/IN/08580 - Bolsa Cam. Ama, stock.move(338564), account.move(322108), 2025-09-25 18:01:24.326645
244205, [4527] Bolsa Cam,          0.0 ,            0.00, DEP1/IN/08582 - Bolsa Cam. Ama, stock.move(338567), account.move(322112), 2025-09-25 18:06:13.397541
244213, [4527] Bolsa Cam,          0.0 ,            0.00, DEP1/IN/08584 - Bolsa Cam. Ama, stock.move(338569), account.move(322120), 2025-09-25 18:12:56.721788
244221, [4527] Bolsa Cam,          0.0 ,            0.00, DEP1/IN/08587 - Bolsa Cam. Ama, stock.move(338575), account.move(322127), 2025-09-25 18:21:09.095773
244226, [4527] Bolsa Cam,          0.0 ,            0.00, DEP1/IN/08589 - Bolsa Cam. Ama, stock.move(338577), account.move(322132), 2025-09-25 18:26:22.944866
244306, [4527] Bolsa Cam,          0.0 ,            0.00, DIST/OUT/22153 - Bolsa Cam. Am, stock.move(338751), account.move(322238), 2025-09-26 17:49:01.458191
244342, [4527] Bolsa Cam,          0.0 ,            0.00, DIST/OUT/22157 - Bolsa Cam. Am, stock.move(338823), account.move(322260), 2025-09-30 09:19:04.809175
244352, [4527] Bolsa Cam,          0.0 ,            0.00, DIST/OUT/22164 - Bolsa Cam. Am, stock.move(338833), account.move(322277), 2025-09-30 09:54:18.829571
244588, [4527] Bolsa Cam,          0.0 ,            0.00, DIST/IN/06352 - Bolsa Cam. Ama, stock.move(339348), account.move(322907), 2025-10-02 11:42:41.680400
244650, [4527] Bolsa Cam,          0.0 ,            0.00, DIST/OUT/22228 - Bolsa Cam. Am, stock.move(339498), account.move(323066), 2025-10-03 09:35:15.647649
244746, [4527] Bolsa Cam,          0.0 ,            0.00, DIST/IN/06358 - Bolsa Cam. Ama, stock.move(339593), account.move(323208), 2025-10-03 16:48:58.227933
244753, [4527] Bolsa Cam,          0.0 ,            0.00, DIST/IN/06359 - Bolsa Cam. Ama, stock.move(339602), account.move(323216), 2025-10-03 16:55:19.718066
244760, [4527] Bolsa Cam,          0.0 ,            0.00, DIST/IN/06360 - Bolsa Cam. Ama, stock.move(339614), account.move(323225), 2025-10-03 17:00:10.122922
244768, [4527] Bolsa Cam,          0.0 ,            0.00, DIST/IN/06361 - Bolsa Cam. Ama, stock.move(339623), account.move(323234), 2025-10-03 17:07:45.709765
244776, [4527] Bolsa Cam,          0.0 ,            0.00, DIST/OUT/22245 - Bolsa Cam. Am, stock.move(339645), account.move(323260), 2025-10-03 18:16:46.659142
244864, [4527] Bolsa Cam,          0.0 ,            0.00, DIST/OUT/22264 - Bolsa Cam. Am, stock.move(339847), account.move(323392), 2025-10-06 10:09:54.531157
244865, [4527] Bolsa Cam,          0.0 ,            0.00, DIST/OUT/22265 - Bolsa Cam. Am, stock.move(339857), account.move(323397), 2025-10-06 10:12:17.042292
245107, [4527] Bolsa Cam,          0.0 ,            0.00, DIST/IN/06386 - Bolsa Cam. Ama, stock.move(340359), account.move(323829), 2025-10-08 11:00:03.356400
245346, [4527] Bolsa Cam,          0.0 ,            0.00, DIST/IN/06393 - Bolsa Cam. Ama, stock.move(340887), account.move(324380), 2025-10-10 17:23:04.992389
245353, [4527] Bolsa Cam,          0.0 ,            0.00, DIST/IN/06394 - Bolsa Cam. Ama, stock.move(340893), account.move(324387), 2025-10-10 17:29:51.237190
245359, [4527] Bolsa Cam,          0.0 ,            0.00, DIST/IN/06395 - Bolsa Cam. Ama, stock.move(340898), account.move(324393), 2025-10-10 17:35:14.785733
245365, [4527] Bolsa Cam,          0.0 ,            0.00, DIST/IN/06397 - Bolsa Cam. Ama, stock.move(340902), account.move(324398), 2025-10-10 17:42:42.663987
245367, [4527] Bolsa Cam,          0.0 ,            0.00, DIST/IN/06398 - Bolsa Cam. Ama, stock.move(340903), account.move(324401), 2025-10-10 17:45:54.494733
245395, [4527] Bolsa Cam,          0.0 ,            0.00, DIST/OUT/22348 - Bolsa Cam. Am, stock.move(340946), account.move(324453), 2025-10-11 09:52:45.244179
245429, [4527] Bolsa Cam,          0.0 ,            0.00, DIST/OUT/22354 - Bolsa Cam. Am, stock.move(341034), account.move(324484), 2025-10-13 10:00:35.978619
245430, [4527] Bolsa Cam,          0.0 ,            0.00, DIST/OUT/22355 - Bolsa Cam. Am, stock.move(341035), account.move(324486), 2025-10-13 10:03:12.495952
245864, [4527] Bolsa Cam,          0.0 ,            0.00, DIST/OUT/22458 - Bolsa Cam. Am, stock.move(341953), account.move(325464), 2025-10-18 10:04:33.476948
245889, [4527] Bolsa Cam,          0.0 ,            0.00, DIST/OUT/22463 - Bolsa Cam. Am, stock.move(342048), account.move(325490), 2025-10-20 10:11:28.969105
245897, [4527] Bolsa Cam,          0.0 ,            0.00, DIST/OUT/22464 - Bolsa Cam. Am, stock.move(342062), account.move(325498), 2025-10-20 10:38:48.324919
246384, [4527] Bolsa Cam,          0.0 ,            0.00, DIST/IN/06445 - Bolsa Cam. Ama, stock.move(343010), account.move(326302), 2025-10-24 17:29:17.368437
246403, [4527] Bolsa Cam,          0.0 ,            0.00, DIST/OUT/22549 - Bolsa Cam. Am, stock.move(343030), account.move(326335), 2025-10-24 18:20:59.004200
246404, [4527] Bolsa Cam,          0.0 ,            0.00, DIST/OUT/22550 - Bolsa Cam. Am, stock.move(343031), account.move(326337), 2025-10-24 18:24:10.025580
246461, [4527] Bolsa Cam,          0.0 ,            0.00, DIST/OUT/22558 - Bolsa Cam. Am, stock.move(343188), account.move(326427), 2025-10-27 09:55:57.141409
246851, [4527] Bolsa Cam,          0.0 ,            0.00, DEP1/IN/08725 - Bolsa Cam. Ama, stock.move(344035), account.move(327319), 2025-10-31 17:37:27.032677
246891, [4527] Bolsa Cam,          0.0 ,            0.00, DIST/OUT/22641 - Bolsa Cam. Am, stock.move(344059), account.move(327418), 2025-11-01 08:58:16.688276
246892, [4527] Bolsa Cam,          0.0 ,            0.00, DIST/OUT/22647 - Bolsa Cam. Am, stock.move(344104), account.move(327420), 2025-11-01 09:01:16.641328
246984, [4527] Bolsa Cam,          0.0 ,            0.00, DIST/OUT/22657 - Bolsa Cam. Am, stock.move(344213), account.move(327476), 2025-11-03 10:25:30.661651
247044, [4527] Bolsa Cam,      55235.28,    677887512.00, DIST/OUT/22664 - Bolsa Cam. Am, stock.move(344279), account.move(327541), 2025-11-03 12:58:13.168264
247177, [4527] Bolsa Cam,          8.9 ,       109230.00, DIST/IN/06488 - Bolsa Cam. Ama, stock.move(344633), account.move(328002), 2025-11-04 16:58:57.662895
247178, [4527] Bolsa Cam,         15.0 ,       184095.00, DIST/IN/06489 - Bolsa Cam. Ama, stock.move(344655), account.move(328007), 2025-11-04 17:16:23.693976
247179, [4527] Bolsa Cam,          0.0 ,            0.00, DIST/OUT/22691 - Bolsa Cam. Am, stock.move(344661), account.move(328009), 2025-11-04 17:18:32.244122
247531, [4527] Bolsa Cam,          0.0 ,            0.00, DIST/OUT/22764 - Bolsa Cam. Am, stock.move(345290), account.move(328566), 2025-11-07 17:51:10.224225
247544, [4527] Bolsa Cam,          0.0 ,            0.00, DIST/OUT/22771 - Bolsa Cam. Am, stock.move(345305), account.move(328585), 2025-11-07 18:16:18.239295
247623, [4527] Bolsa Cam,          0.0 ,            0.00, DIST/OUT/22783 - Bolsa Cam. Am, stock.move(345454), account.move(328671), 2025-11-10 09:58:03.104201
248019, [4527] Bolsa Cam,       1006.0 ,     12346364.00, DIST/IN/06533 - Bolsa Cam. Ama, stock.move(346299), account.move(329654), 2025-11-14 10:33:12.501845
248067, [4527] Bolsa Cam,          0.0 ,            0.00, DIST/OUT/22878 - Bolsa Cam. Am, stock.move(346402), account.move(329723), 2025-11-14 18:33:28.667672
248075, [4527] Bolsa Cam,          0.0 ,            0.00, DIST/OUT/22881 - Bolsa Cam. Am, stock.move(346410), account.move(329735), 2025-11-14 18:46:24.869124
248132, [4527] Bolsa Cam,          0.0 ,            0.00, DIST/OUT/22886 - Bolsa Cam. Am, stock.move(346549), account.move(329765), 2025-11-17 09:26:01.028979
260934, [4527] Bolsa Cam,         12.2 ,       149731.00, DIST/IN/06718 - Bolsa Cam. Ama, stock.move(353745), account.move(336747), 2026-01-06 16:59:33.379327
260935, [4527] Bolsa Cam,         10.9 ,       133776.00, DIST/IN/06719 - Bolsa Cam. Ama, stock.move(353746), account.move(336752), 2026-01-06 17:09:19.142426
260938, [4527] Bolsa Cam,          4.7 ,        57683.00, DIST/IN/06721 - Bolsa Cam. Ama, stock.move(353757), account.move(336756), 2026-01-06 17:29:31.407316
