id    , name     , moneda      , estado    , producto                                                                                                                             , cantidad   , precio_unitario
"1821", "PO01818", "USD-COMPRA", "done"    , "PADRE"                                                                                                                              , ""         , ""
""    , ""       , ""          , ""        , "  └─ Cable de Conexion Tipo C Blanco INVUE"                                                                                         , "16.0"     , "9.05"
""    , ""       , ""          , ""        , "  └─ Pedestal de alarma para movil Blanco INVUE"                                                                                    , "15.0"     , "58.75"
""    , ""       , ""          , ""        , "  └─ Estacion de programacion de llave INVUE"                                                                                       , "15.0"     , "35.3"
"1817", "PO01814", "USD-COMPRA", "done"    , "PADRE"                                                                                                                              , ""         , ""
""    , ""       , ""          , ""        , "  └─ Pedestal Synergy Primario 2.5  Gris - Sensormatic"                                                                             , "4.0"      , "934.49"
""    , ""       , ""          , ""        , "  └─ Pedestal Synergy Secundario 2.5   Gris - Sensormatic"                                                                          , "4.0"      , "723.86"
""    , ""       , ""          , ""        , "  └─ SS Cable - Sensormatic"                                                                                                        , "4.0"      , "57.78"
"1813", "PO01810", "USD-COMPRA", "done"    , "PADRE"                                                                                                                              , ""         , ""
""    , ""       , ""          , ""        , "  └─ Detector RF portátil  "                                                                                                        , "2.0"      , "30.0"
"1811", "PO01808", "USD-COMPRA", "done"    , "PADRE"                                                                                                                              , ""         , ""
""    , ""       , ""          , ""        , "  └─ Humo test"                                                                                                                     , "25.0"     , "18.0"
"1810", "PO01807", "USD-COMPRA", "done"    , "PADRE"                                                                                                                              , ""         , ""
""    , ""       , ""          , ""        , "  └─ DESACTIVADOR ELECTRONICO 230V/50HZ"                                                                                            , "10.0"     , "70.0"
""    , ""       , ""          , ""        , "  └─ SEPARADOR MANUAL TIPO SUPERTAG MK225"                                                                                          , "40.0"     , "14.0"
""    , ""       , ""          , ""        , "  └─ PEDESTAL AM - PRIMARIO"                                                                                                        , "10.0"     , "130.0"
""    , ""       , ""          , ""        , "  └─ PEDESTAL AM - SECUNDARIO"                                                                                                      , "5.0"      , "60.0"
""    , ""       , ""          , ""        , "  └─ TACHUELA AM 16MM"                                                                                                              , "40000.0"  , "0.0048"
""    , ""       , ""          , ""        , "  └─ ETIQUETA AM 16MM"                                                                                                              , "50000.0"  , "0.0738"
"1809", "PO01806", "USD-COMPRA", "done"    , "PADRE"                                                                                                                              , ""         , ""
""    , ""       , ""          , ""        , "  └─ Adhesivos de reemplazo p/ sensores - INVUE"                                                                                    , "6.0"      , "27.5"
""    , ""       , ""          , ""        , "  └─ ADHESIVO PARA SENSORES S855V - Requiere DNTX93 para la extracción del sensor"                                                  , "13.0"     , "5.27"
""    , ""       , ""          , ""        , "  └─ S855V VERTICAL HANDHELD ALARMING STAND - WHITE"                                                                                , "30.0"     , "37.04"
""    , ""       , ""          , ""        , "  └─ S855V ULP LONG TYPE-C BLADE SENSOR - WHITE"                                                                                    , "24.0"     , "21.02"
""    , ""       , ""          , ""        , "  └─ Adhesivo de baja energía superficial "                                                                                         , "60.0"     , "10.4"
""    , ""       , ""          , ""        , "  └─ Placa de ataque L410  accesorio ancho  65 mm - 110 mm"                                                                         , "20.0"     , "6.35"
""    , ""       , ""          , ""        , "  └─ SENSOR DE PENGUIN APPLE PERSONALIZADO BLANCO "                                                                                 , "6.0"      , "29.12"
""    , ""       , ""          , ""        , "  └─ Sensor flexible universal WS2 Negro - INVUE"                                                                                   , "200.0"    , "3.02"
""    , ""       , ""          , ""        , "  └─ Sensor flexible Zips - Adhesivo de repuesto transparente  "                                                                    , "8.0"      , "34.2"
""    , ""       , ""          , ""        , "  └─ IR Safer - 4.6`H x 4.1`W x 1.0`D inch  AM transparente"                                                                        , "60.0"     , "6.6"
""    , ""       , ""          , ""        , "  └─ IR Safer - 10.25`H x 7.25`W x 2.5`D inch transparente"                                                                         , "108.0"    , "13.8"
""    , ""       , ""          , ""        , "  └─ L440 Cerradura InVue para puertas de cristal abatibles"                                                                        , "60.0"     , "41.0"
""    , ""       , ""          , ""        , "  └─ L440 Kit accesorios de Fijación InVue"                                                                                         , "50.0"     , "5.85"
""    , ""       , ""          , ""        , "  └─ Sensor Zips Flex  Micro USB  Cable Enrollado negro "                                                                           , "25.0"     , "15.85"
""    , ""       , ""          , ""        , "  └─  KIT DE VENTA DE OnePOD Max - UE"                                                                                              , "1.0"      , "1270.0"
""    , ""       , ""          , ""        , "  └─ IR SAFER - 8.5H x 6.0W x 0.9D inch  Transparente - Invue"                                                                      , "200.0"    , "6.75"
"1805", "PO01802", "USD-COMPRA", "done"    , "PADRE"                                                                                                                              , ""         , ""
""    , ""       , ""          , ""        , "  └─ Panel Asenware 8 Zonas "                                                                                                       , "5.0"      , "250.0"
"1804", "PO01801", "USD-COMPRA", "done"    , "PADRE"                                                                                                                              , ""         , ""
""    , ""       , ""          , ""        , "  └─ Placa HS2032 de 8 expandible a 32 zonas cableadas o inalambricas + Teclado HS2INC LCD a Icono"                                 , "10.0"     , "123.0"
"1800", "PO01797", "USD-COMPRA", "done"    , "PADRE"                                                                                                                              , ""         , ""
""    , ""       , ""          , ""        , "  └─ Panel de control Direccionable (50 Direcciones) MX"                                                                            , "3.0"      , "407.53"
"1794", "PO01791", "USD-COMPRA", "done"    , "PADRE"                                                                                                                              , ""         , ""
""    , ""       , ""          , ""        , "  └─ Panel Direccionable FC506 500 Puntos"                                                                                          , "4.0"      , "860.38"
"1793", "PO01790", "USD-COMPRA", "done"    , "PADRE"                                                                                                                              , ""         , ""
""    , ""       , ""          , ""        , "  └─ Humo test"                                                                                                                     , "12.0"     , "18.0"
""    , ""       , ""          , ""        , "  └─ Gabinete metalico P/PC 1832/1864 - DSC"                                                                                        , "10.0"     , "18.0"
"1791", "PO01788", "USD-COMPRA", "done"    , "PADRE"                                                                                                                              , ""         , ""
""    , ""       , ""          , ""        , "  └─ Fuente para AMB2011 -  Sensormatic"                                                                                            , "15.0"     , "48.5355"
"1790", "PO01787", "USD-COMPRA", "done"    , "PADRE"                                                                                                                              , ""         , ""
""    , ""       , ""          , ""        , "  └─ Pedestal 1170 intergrated Primario - Sensormatic - negro"                                                                      , "5.0"      , "966.511"
"1786", "PO01783", "USD-COMPRA", "done"    , "PADRE"                                                                                                                              , ""         , ""
""    , ""       , ""          , ""        , "  └─ Barrera Detectora de Humo - OSI-90 - 80 ° Soporta Hasta 7 Emisores"                                                            , "15.0"     , "542.5"
""    , ""       , ""          , ""        , "  └─ Emitter con pilas alcalinas"                                                                                                   , "15.0"     , "276.25"
""    , ""       , ""          , ""        , "  └─ Bateria alcalina para emitter OSID"                                                                                            , "20.0"     , "68.75"
""    , ""       , ""          , ""        , "  └─ Gastos de Importacion"                                                                                                         , "1.0"      , "45.0"
"1782", "PO01779", "USD-COMPRA", "done"    , "PADRE"                                                                                                                              , ""         , ""
""    , ""       , ""          , ""        , "  └─ Controlador de acceso con reconocimiento facial"                                                                               , "1.0"      , "148.0"
"1781", "PO01778", "USD-COMPRA", "purchase", "PADRE"                                                                                                                              , ""         , ""
""    , ""       , ""          , ""        , "  └─ Panel Asenware 4 Zonas "                                                                                                       , "3.0"      , "200.0"
"1777", "PO01774", "USD-COMPRA", "done"    , "PADRE"                                                                                                                              , ""         , ""
""    , ""       , ""          , ""        , "  └─ Humo test"                                                                                                                     , "15.0"     , "18.0"
"1768", "PO01765", "USD-COMPRA", "done"    , "PADRE"                                                                                                                              , ""         , ""
""    , ""       , ""          , ""        , "  └─ Cámara IP tipo Domo 4MP - Micrófono Incorporado"                                                                               , "1.0"      , "48.3"
""    , ""       , ""          , ""        , "  └─ Sin nombre"                                                                                                                    , "0.0"      , "0.0"
"1767", "PO01764", "USD-COMPRA", "purchase", "PADRE"                                                                                                                              , ""         , ""
""    , ""       , ""          , ""        , "  └─ Modelo de interfaz de detector lineal"                                                                                         , "9.0"      , "55.02"
""    , ""       , ""          , ""        , "  └─ Modelo de final de línea de detector lineal"                                                                                   , "9.0"      , "37.1"
""    , ""       , ""          , ""        , "  └─ Cable detector de calor de 68 grados para uso convencional"                                                                    , "1200.0"   , "1.54"
"1766", "PO01763", "USD-COMPRA", "purchase", "PADRE"                                                                                                                              , ""         , ""
""    , ""       , ""          , ""        , "  └─ CONTADOR DE PERSONAS 3D PRO 2.0 (Blanco 160°)"                                                                                 , "10.0"     , "450.0"
""    , ""       , ""          , ""        , "  └─ CONTADOR DE PERSONAS 3D PLUS 140° FOOTFALL"                                                                                    , "1.0"      , "3.0"
""    , ""       , ""          , ""        , "  └─ Gastos por Envio/ Delivery"                                                                                                    , "1.0"      , "381.0"
"1760", "PO01757", "USD-COMPRA", "done"    , "PADRE"                                                                                                                              , ""         , ""
""    , ""       , ""          , ""        , "  └─ Placa NEO de 64 zonas"                                                                                                         , "1.0"      , "83.0"
"1749", "PO01746", "USD-COMPRA", "done"    , "PADRE"                                                                                                                              , ""         , ""
""    , ""       , ""          , ""        , "  └─ Radar para Barrera de Estacionamiento (Sensor para Detección de Obstáculos) - ZKTECO"                                          , "2.0"      , "220.0"
""    , ""       , ""          , ""        , "  └─ Sin nombre"                                                                                                                    , "0.0"      , "0.0"
"1748", "PO01745", "USD-COMPRA", "done"    , "PADRE"                                                                                                                              , ""         , ""
""    , ""       , ""          , ""        , "  └─ PROFESSIONAL software updates per IP camera  per year."                                                                        , "51.0"     , "23.4"
"1747", "PO01744", "USD-COMPRA", "done"    , "PADRE"                                                                                                                              , ""         , ""
""    , ""       , ""          , ""        , "  └─ Licencia abierta de cámara IP PROFESIONAL por cámara. para servidor exacqVision."                                              , "2.0"      , "110.4"
"1745", "PO01742", "USD-COMPRA", "done"    , "PADRE"                                                                                                                              , ""         , ""
""    , ""       , ""          , ""        , "  └─ ANTENA RFID SENSORMATIC"                                                                                                       , "2.0"      , "2136.9235"
""    , ""       , ""          , ""        , "  └─ Placa de Red RS435 - Sensormatic"                                                                                              , "2.0"      , "755.712"
""    , ""       , ""          , ""        , "  └─ Cable CAT6 PCH RJ45M 7 - Sensormatic"                                                                                          , "12.0"     , "6.9397"
""    , ""       , ""          , ""        , "  └─ Soporte Ajustable de 1' 6” a 2' 8”  VESA 75 y 100  Máx. 35 lb  Blanco  UL "                                                    , "2.0"      , "65.6208"
""    , ""       , ""          , ""        , "  └─ IMPINJ OHD  UNIV RDR W NA"                                                                                                     , "2.0"      , "2542.0"
""    , ""       , ""          , ""        , "  └─ Kit de Prueba para Tienda - Sensormatic"                                                                                       , "1.0"      , "25.3175"
""    , ""       , ""          , ""        , "  └─ Antena RFID - Sensormatic"                                                                                                     , "2.0"      , "2136.9235"
""    , ""       , ""          , ""        , "  └─ Cable de Alimentación - Sensormatic"                                                                                           , "2.0"      , "2.6322"
"1744", "PO01741", "USD-COMPRA", "done"    , "PADRE"                                                                                                                              , ""         , ""
""    , ""       , ""          , ""        , "  └─ Separador de etiqueta Sonar Snap tag"                                                                                          , "1.0"      , "108.42"
""    , ""       , ""          , ""        , "  └─ DESACTIVADOR COMPACT PAD PRO DE ESCRITORIO "                                                                                   , "1.0"      , "571.3"
""    , ""       , ""          , ""        , "  └─ Base para antenas - Sensormatic"                                                                                               , "4.0"      , "159.1876"
""    , ""       , ""          , ""        , "  └─ Bolsa de Prueba Cliente - Sensormatic"                                                                                         , "1.0"      , "27.6051"
""    , ""       , ""          , ""        , "  └─ ZASE-E25B2-12M 1180 DUAL 2.5M W/9060-BLK 12M SENSORMATIC"                                                                      , "2.0"      , "2466.7544"
""    , ""       , ""          , ""        , "  └─ Doble Chequeador (Inditex) - Sensormatic"                                                                                      , "2.0"      , "418.0"
""    , ""       , ""          , ""        , "  └─ Separador Manual AMD-3040 ST - Sensormatic"                                                                                    , "1.0"      , "62.3293"
""    , ""       , ""          , ""        , "  └─ Tablero de Detección de Lámina Metálica - Sensormatic"                                                                         , "2.0"      , "572.0"
""    , ""       , ""          , ""        , "  └─ Cable de Poder para RFID - Sensormatic"                                                                                        , "7.0"      , "4.9282"
""    , ""       , ""          , ""        , "  └─ Cable de Extensión 10ft. MCX to RP SMA - Sensormatic"                                                                          , "3.0"      , "39.9767"
""    , ""       , ""          , ""        , "  └─ Repetidora de Señal - Sensormatic"                                                                                             , "2.0"      , "121.2354"
""    , ""       , ""          , ""        , "  └─ Fuente 24/2A  100-240VAC - Sensormatic"                                                                                        , "3.0"      , "22.5515"
""    , ""       , ""          , ""        , "  └─ Antena RFID de Punto de Venta  Negro - Sensormatic"                                                                            , "3.0"      , "138.402"
""    , ""       , ""          , ""        , "  └─ Separador Eléctrico Supertag - Sensormatic"                                                                                    , "3.0"      , "241.8874"
""    , ""       , ""          , ""        , "  └─ Etiqueta Sonar Snap Tag 58Khz  Negro - Sensormatic"                                                                            , "30.0"     , "1.21"
""    , ""       , ""          , ""        , "  └─ Lector RFID UHF IDX-4000 - Sensormatic"                                                                                        , "3.0"      , "712.9173"
""    , ""       , ""          , ""        , "  └─ Fuente de Alimentación - Sensormatic"                                                                                          , "2.0"      , "18.571"
"1743", "PO01740", "USD-COMPRA", "done"    , "PADRE"                                                                                                                              , ""         , ""
""    , ""       , ""          , ""        , "  └─ Fuente para AMB2011 -  Sensormatic"                                                                                            , "30.0"     , "51.09"
"1738", "PO01735", "USD-COMPRA", "done"    , "PADRE"                                                                                                                              , ""         , ""
""    , ""       , ""          , ""        , "  └─ Panel de control Direccionable (250 Direcciones) MX"                                                                           , "5.0"      , "469.92"
"1737", "PO01734", "USD-COMPRA", "done"    , "PADRE"                                                                                                                              , ""         , ""
""    , ""       , ""          , ""        , "  └─ CABLE DE DATOS 18/2 AWG SIN MALLA"                                                                                             , "23485.0"  , "0.37472"
""    , ""       , ""          , ""        , "  └─ CABLE DE DATOS 18/2 AWG MALLADO"                                                                                               , "50935.0"  , "0.4858"
""    , ""       , ""          , ""        , "  └─ Gastos de envio.-"                                                                                                             , "1.0"      , "45.0"
""    , ""       , ""          , ""        , "  └─ Ajuste de precio"                                                                                                              , "1.0"      , "0.198"
"1736", "PO01733", "USD-COMPRA", "purchase", "PADRE"                                                                                                                              , ""         , ""
""    , ""       , ""          , ""        , "  └─ MODULO EXPANSOR DE 8 ZONAS CABLEADAS NEO"                                                                                      , "7.0"      , "32.0"
""    , ""       , ""          , ""        , "  └─ Humo test"                                                                                                                     , "10.0"     , "18.0"
"1734", "PO01731", "USD-COMPRA", "done"    , "PADRE"                                                                                                                              , ""         , ""
""    , ""       , ""          , ""        , "  └─ Impresora Multifunción Epson EcoTank L4260 3 en 1 - Negro"                                                                     , "1.0"      , "227.0"
""    , ""       , ""          , ""        , "  └─ Sin nombre"                                                                                                                    , "0.0"      , "0.0"
"1732", "PO01729", "USD-COMPRA", "done"    , "PADRE"                                                                                                                              , ""         , ""
""    , ""       , ""          , ""        , "  └─ Contacto Inalámbrico p/ puerta-ventana"                                                                                        , "1.0"      , "54.0"
"1730", "PO01727", "USD-COMPRA", "done"    , "PADRE"                                                                                                                              , ""         , ""
""    , ""       , ""          , ""        , "  └─ Detector de Humo Calor de 4 hilos sin UL"                                                                                      , "3500.0"   , "6.2"
""    , ""       , ""          , ""        , "  └─ Detector termovelocimétrico"                                                                                                   , "600.0"    , "5.9"
""    , ""       , ""          , ""        , "  └─ Detector de monóxido de carbono 4 hilos"                                                                                       , "50.0"     , "17.0"
""    , ""       , ""          , ""        , "  └─ Detector de Flama de 4 cables con salida de relé (12/24 VCC)"                                                                  , "5.0"      , "62.0"
""    , ""       , ""          , ""        , "  └─ Detector de humo convencional 2 Hilos - Sentek"                                                                                , "100.0"    , "6.6"
"1729", "PO01726", "USD-COMPRA", "done"    , "PADRE"                                                                                                                              , ""         , ""
""    , ""       , ""          , ""        , "  └─ Pulsador de alarma direccionable rearmable FC420CP-I FIRECLASS"                                                                , "160.0"    , "29.1"
""    , ""       , ""          , ""        , "  └─ Back Box for Callpoints SUS516W"                                                                                               , "150.0"    , "1.32"
""    , ""       , ""          , ""        , "  └─ FR2000 Espejo Para Barrera FireOne"                                                                                            , "40.0"     , "29.72"
""    , ""       , ""          , ""        , "  └─ Modulo de control de 2 entradas para FC500 FIRECLASS"                                                                          , "100.0"    , "31.24"
""    , ""       , ""          , ""        , "  └─ Panel direccionable FC501 para 128 puntos FIRECLASS"                                                                           , "4.0"      , "449.29"
""    , ""       , ""          , ""        , "  └─ Sirena de pared direccionable FC440AIR VID - Fireclass"                                                                        , "20.0"     , "87.1"
""    , ""       , ""          , ""        , "  └─ Barrera Detectora de Humo FireOne - Fireclass"                                                                                 , "10.0"     , "357.46"
""    , ""       , ""          , ""        , "  └─ Fuente de alimentación BXM24/50-U FIRECLASS"                                                                                   , "5.0"      , "193.0"
"1728", "PO01725", "USD-COMPRA", "done"    , "PADRE"                                                                                                                              , ""         , ""
""    , ""       , ""          , ""        , "  └─ Panel de control Direccionable (250 Direcciones) MX"                                                                           , "7.0"      , "469.92"
"1726", "PO01723", "USD-COMPRA", "done"    , "PADRE"                                                                                                                              , ""         , ""
""    , ""       , ""          , ""        , "  └─ Modelo de interfaz de detector lineal"                                                                                         , "1.0"      , "55.02"
""    , ""       , ""          , ""        , "  └─ Modelo de final de línea de detector lineal"                                                                                   , "1.0"      , "37.01"
""    , ""       , ""          , ""        , "  └─ GASTOS VARIOS"                                                                                                                 , "1.0"      , "30.09"
"1721", "PO01718", "USD-COMPRA", "done"    , "PADRE"                                                                                                                              , ""         , ""
""    , ""       , ""          , ""        , "  └─ Detector antirrobo volumétrico óptico Astra-5"                                                                                 , "60.0"     , "4.09"
""    , ""       , ""          , ""        , "  └─ Detector PIR cableado TEKO"                                                                                                    , "300.0"    , "3.65"
""    , ""       , ""          , ""        , "  └─ Detector de rotura de cristales Astra-GB - TEKO"                                                                               , "50.0"     , "4.68"
""    , ""       , ""          , ""        , "  └─ Detector de movimiento combinado Astra-621 - TEKO"                                                                             , "50.0"     , "11.9"
""    , ""       , ""          , ""        , "  └─ Botón de pánico"                                                                                                               , "300.0"    , "2.27"
""    , ""       , ""          , ""        , "  └─ Alarma de luz de señalización Astra-10 Ver3 TEKO"                                                                              , "200.0"    , "3.51"
""    , ""       , ""          , ""        , "  └─ Receptor inalambrico para el sistema Astra-RC 433"                                                                             , "30.0"     , "16.76"
""    , ""       , ""          , ""        , "  └─ Sistema de Incendio  intrusión y control de temperatura inalámbrico - Teko"                                                    , "200.0"    , "46.32"
""    , ""       , ""          , ""        , "  └─ Detector antirrobo de punto de contacto magnético -ASTRA-3321 - TEKO"                                                          , "200.0"    , "12.94"
""    , ""       , ""          , ""        , "  └─ Detector antirrobo - Astra-5121 - TEKO"                                                                                        , "200.0"    , "15.89"
""    , ""       , ""          , ""        , "  └─ Mando a distancia inalámbrico  433 MHz  botón de pánico - TEKO"                                                                , "100.0"    , "8.23"
""    , ""       , ""          , ""        , "  └─ Sirena audiovisual inalámbrica TEKO"                                                                                           , "100.0"    , "20.06"
""    , ""       , ""          , ""        , "  └─ Detector de humo inalámbrico TEKO"                                                                                             , "300.0"    , "17.66"
""    , ""       , ""          , ""        , "  └─ Detector termovelocimétrico inalámbrico TEKO"                                                                                  , "100.0"    , "23.02"
""    , ""       , ""          , ""        , "  └─ Pulsador manual de incendio inalámbrico TEKO"                                                                                  , "50.0"     , "25.33"
""    , ""       , ""          , ""        , "  └─ Gastos de envio.-"                                                                                                             , "1.0"      , "1503.55"
""    , ""       , ""          , ""        , "  └─ Botón de pánico inalámbrico(433 MHz) - TEKO"                                                                                   , "60.0"     , "8.39"
""    , ""       , ""          , ""        , "  └─ Soporte para Instalación de Sensores en Pared (Tipo Bola) - TEKO"                                                              , "1000.0"   , "0.46"
""    , ""       , ""          , ""        , "  └─ Detector de fugas de  agua  Alimentación desde  zona cableada"                                                                 , "20.0"     , "5.96"
""    , ""       , ""          , ""        , "  └─ Sensor de movimiento  PIR   inalámbrico  para  oficinas  433 MHz"                                                              , "50.0"     , "15.89"
""    , ""       , ""          , ""        , "  └─ Sensor de doble  tecnología   inalámbrico  combinado  (rotura vidrios +  movimiento PIR)  433  MHz"                            , "50.0"     , "25.99"
""    , ""       , ""          , ""        , "  └─ GASTOS VARIOS"                                                                                                                 , "1.0"      , "69.55"
"1718", "PO01715", "USD-COMPRA", "done"    , "PADRE"                                                                                                                              , ""         , ""
""    , ""       , ""          , ""        , "  └─ Detector controlador y Transductor de gases combustibles"                                                                      , "5.0"      , "433.75"
""    , ""       , ""          , ""        , "  └─ Gastos por Envio/ Delivery"                                                                                                    , "1.0"      , "45.0"
"1717", "PO01714", "USD-COMPRA", "done"    , "PADRE"                                                                                                                              , ""         , ""
""    , ""       , ""          , ""        , "  └─ RG- NCP RJ45 PATCH CORD CAT 6A S/FTP LSZH GRIS"                                                                                , "31.0"     , "9.24"
""    , ""       , ""          , ""        , "  └─ AMP-TWIST SLX MODULAR JACK CAT 6A "                                                                                            , "31.0"     , "5.22"
"1712", "PO01709", "USD-COMPRA", "done"    , "PADRE"                                                                                                                              , ""         , ""
""    , ""       , ""          , ""        , "  └─ Terminal de Control de Acceso y Asistencia con Reconocimiento Facial Visible Light"                                            , "1.0"      , "105.0"
"1706", "PO01703", "USD-COMPRA", "done"    , "PADRE"                                                                                                                              , ""         , ""
""    , ""       , ""          , ""        , "  └─ Pedestal Ultra 1.8 Primario SENSORMATIC"                                                                                       , "30.0"     , "657.3497"
""    , ""       , ""          , ""        , "  └─ Pedestal Ultra 1.8 Secundario SENSORMATIC"                                                                                     , "20.0"     , "291.2301"
""    , ""       , ""          , ""        , "  └─ Tachuela SuperTag Gris SENSORMATIC"                                                                                            , "80000.0"  , "0.0471"
""    , ""       , ""          , ""        , "  └─ Tachuela cabeza de plastico SENSORMATIC"                                                                                       , "100000.0" , "0.0377"
""    , ""       , ""          , ""        , "  └─ Separador Manual AMD-3040 ST - Sensormatic"                                                                                    , "15.0"     , "67.2876"
""    , ""       , ""          , ""        , "  └─ Etiquetas SuperTag 3 Gris SENSORMATIC"                                                                                         , "65000.0"  , "0.2238"
""    , ""       , ""          , ""        , "  └─ Separador universal negro SENSORMATIC 5kgaus"                                                                                  , "50.0"     , "19.2326"
""    , ""       , ""          , ""        , "  └─ Ajuste de Factura por Compras"                                                                                                 , "1.0"      , "0.003"
"1705", "PO01702", "USD-COMPRA", "done"    , "PADRE"                                                                                                                              , ""         , ""
""    , ""       , ""          , ""        , "  └─ DESACTIVADOR ELECTRONICO AMB 2011 - SENSORMATIC"                                                                               , "80.0"     , "284.05"
"1704", "PO01701", "USD-COMPRA", "done"    , "PADRE"                                                                                                                              , ""         , ""
""    , ""       , ""          , ""        , "  └─ Pedestal UltraPost VI Primario SENSORMATIC"                                                                                    , "12.0"     , "858.7335"
"1702", "PO01699", "USD-COMPRA", "done"    , "PADRE"                                                                                                                              , ""         , ""
""    , ""       , ""          , ""        , "  └─ Pedestal Primario AMS1146 Ultra 1.5"                                                                                           , "2.0"      , "546.7725"
""    , ""       , ""          , ""        , "  └─ Pedestal Secundario AMS1146 Ultra 1.5"                                                                                         , "6.0"      , "296.97"
""    , ""       , ""          , ""        , "  └─ Pedestal 1170 Intergared Secundario - Sensormatic  negro"                                                                      , "5.0"      , "734.4051"
"1700", "PO01697", "USD-COMPRA", "done"    , "PADRE"                                                                                                                              , ""         , ""
""    , ""       , ""          , ""        , "  └─ Etiqueta Dura AMT42 SENSORMATIC"                                                                                               , "80000.0"  , "0.1422"
"1699", "PO01696", "USD-COMPRA", "done"    , "PADRE"                                                                                                                              , ""         , ""
""    , ""       , ""          , ""        , "  └─ DESACTIVADOR ELECTRONICO AMB 2011 - SENSORMATIC"                                                                               , "80.0"     , "284.05"
"1693", "PO01690", "USD-COMPRA", "done"    , "PADRE"                                                                                                                              , ""         , ""
""    , ""       , ""          , ""        , "  └─ Monitor LED 32` SAMSUNG LS32CG552EN"                                                                                           , "2.0"      , "245.0"
"1690", "PO01687", "USD-COMPRA", "done"    , "PADRE"                                                                                                                              , ""         , ""
""    , ""       , ""          , ""        , "  └─ MODULO EXPANSOR DE 8 ZONAS CABLEADAS NEO"                                                                                      , "3.0"      , "34.0"
""    , ""       , ""          , ""        , "  └─ Gabinete metalico P/PC 1832/1864 - DSC"                                                                                        , "3.0"      , "17.0"
""    , ""       , ""          , ""        , "  └─ Humo test"                                                                                                                     , "5.0"      , "18.0"
""    , ""       , ""          , ""        , "  └─ Placa HS2032 de 8 expandible a 32 zonas cableadas o inalambricas + Teclado HS2INC LCD a Icono"                                 , "10.0"     , "123.0"
"1682", "PO01679", "USD-COMPRA", "done"    , "PADRE"                                                                                                                              , ""         , ""
""    , ""       , ""          , ""        , "  └─ MONITOR INTERACTIVO LED de 86” UNV"                                                                                            , "4.0"      , "890.0"
""    , ""       , ""          , ""        , "  └─ MONITOR INTERACTIVO LED de 65” UNV"                                                                                            , "3.0"      , "710.0"
""    , ""       , ""          , ""        , "  └─ Conector USB Alámbrico (Dongle) para Monitor Interactivo - UNV"                                                                , "7.0"      , "50.0"
""    , ""       , ""          , ""        , "  └─ SOPORTE PARA MONITOR UNV"                                                                                                      , "4.0"      , "82.0"
""    , ""       , ""          , ""        , "  └─ Bullet analógica de 2MP Color Hunter UNV"                                                                                      , "1.0"      , "0.0"
"1681", "PO01678", "USD-COMPRA", "done"    , "PADRE"                                                                                                                              , ""         , ""
""    , ""       , ""          , ""        , "  └─ Reloj Marcador biométrico ZK F22"                                                                                              , "1.0"      , "250.0"
"1680", "PO01677", "USD-COMPRA", "done"    , "PADRE"                                                                                                                              , ""         , ""
""    , ""       , ""          , ""        , "  └─ Etiquetas de contenedor exterior 2022"                                                                                         , "4.0"      , "0.0"
""    , ""       , ""          , ""        , "  └─ Etiquetas cargo para exterior"                                                                                                 , "4.0"      , "0.0"
""    , ""       , ""          , ""        , "  └─ Etiquetas RTI para exterior"                                                                                                   , "4.0"      , "0.0"
""    , ""       , ""          , ""        , "  └─ Gastos de envio.-"                                                                                                             , "1.0"      , "60.0"
""    , ""       , ""          , ""        , "  └─ Etiquetas POD TRAK 115"                                                                                                        , "5.0"      , "0.0"
""    , ""       , ""          , ""        , "  └─ Etiquetas POD TRAK 85"                                                                                                         , "5.0"      , "0.0"
""    , ""       , ""          , ""        , "  └─ Etiquetas POD TRAK 60"                                                                                                         , "5.0"      , "0.0"
""    , ""       , ""          , ""        , "  └─ Etiquetas de titanio con revestimiento metálico"                                                                               , "5.0"      , "0.0"
""    , ""       , ""          , ""        , "  └─ Etiquetas Platinum 64 Slim Metal Skin"                                                                                         , "5.0"      , "0.0"
"1678", "PO01675", "USD-COMPRA", "done"    , "PADRE"                                                                                                                              , ""         , ""
""    , ""       , ""          , ""        , "  └─ Sensor fotoeléctrico  de calor y de CO - MX"                                                                                   , "50.0"     , "79.82"
""    , ""       , ""          , ""        , "  └─ Pulsador Manual Doble Acción - MX - Simplex"                                                                                   , "50.0"     , "27.03"
""    , ""       , ""          , ""        , "  └─ Idenet2+250 point 4 loop mod. SIMPLEX"                                                                                         , "10.0"     , "255.3"
""    , ""       , ""          , ""        , "  └─ Alarma audiovisual SIMPLEX"                                                                                                    , "20.0"     , "37.6"
""    , ""       , ""          , ""        , "  └─ Módulo de Seis Puntos IDNET"                                                                                                   , "10.0"     , "59.93"
""    , ""       , ""          , ""        , "  └─ Sensor de temperatura Direccionado TV IDNET "                                                                                  , "20.0"     , "12.77"
""    , ""       , ""          , ""        , "  └─ LLave `B` cerrado"                                                                                                             , "100.0"    , "2.85"
""    , ""       , ""          , ""        , "  └─ Módulo adaptador ZAM MX"                                                                                                       , "20.0"     , "29.19"
""    , ""       , ""          , ""        , "  └─ Sensor Termovelocimetrico Direccionable MX"                                                                                    , "20.0"     , "11.89"
""    , ""       , ""          , ""        , "  └─ 4100ES MASTER CONTROLLER BD"                                                                                                   , "5.0"      , "587.58"
"1675", "PO01672", "USD-COMPRA", "done"    , "PADRE"                                                                                                                              , ""         , ""
""    , ""       , ""          , ""        , "  └─ Cable de conexión para Tablet USB Type C INVUE"                                                                                , "20.0"     , "12.0"
""    , ""       , ""          , ""        , "  └─ L440 Kit accesorios de Fijación InVue"                                                                                         , "24.0"     , "5.7"
""    , ""       , ""          , ""        , "  └─ NEW ZIPS Unidad de Alarma Cuatro Puertos - Blanco"                                                                             , "30.0"     , "39.85"
""    , ""       , ""          , ""        , "  └─ ZIPS Sensor Laptop recto - Blanco"                                                                                             , "40.0"     , "12.0"
""    , ""       , ""          , ""        , "  └─ Cable alarma para MacBook Blanco INVUE"                                                                                        , "50.0"     , "44.5"
""    , ""       , ""          , ""        , "  └─ Sensor Zips Flex  Micro USB  Cable Enrollado Blanco"                                                                           , "20.0"     , "15.85"
""    , ""       , ""          , ""        , "  └─ Sensor flexible universal WS2 Negro - INVUE"                                                                                   , "100.0"    , "3.25"
""    , ""       , ""          , ""        , "  └─ W2000 ALL ABOVE TABLE WEARABLE SOLUTION - WHITE"                                                                               , "20.0"     , "88.6"
""    , ""       , ""          , ""        , "  └─ Estación de Carga IR4 8 - InVue"                                                                                               , "5.0"      , "61.3"
""    , ""       , ""          , ""        , "  └─ IR SAFER - 8.5H x 6.0W x 0.9D inch  Transparente - Invue"                                                                      , "200.0"    , "6.55"
""    , ""       , ""          , ""        , "  └─ Wrap para paquetes pequeños  52 pulgadas  AM/RF "                                                                              , "800.0"    , "5.5"
""    , ""       , ""          , ""        , "  └─ L440 Kit de Montaje para vidrios InVue"                                                                                        , "9.0"      , "12.5"
""    , ""       , ""          , ""        , "  └─ Wrap para paquetes pequeños  52 pulgadas  AM/RF "                                                                              , "100.0"    , "5.5"
""    , ""       , ""          , ""        , "  └─ Safer tipo vitrina con tapa SM Blanco"                                                                                         , "10.0"     , "31.35"
""    , ""       , ""          , ""        , "  └─ Pedestal de alarma para movil Blanco INVUE"                                                                                    , "8.0"      , "57.05"
""    , ""       , ""          , ""        , "  └─ W2000 ALL ABOVE TABLE WEARABLE SOLUTION - WHITE"                                                                               , "4.0"      , "88.6"
""    , ""       , ""          , ""        , "  └─ Pedestal de alarma para movil Blanco INVUE"                                                                                    , "31.0"     , "48.49"
""    , ""       , ""          , ""        , "  └─ Adhesivo de baja energía superficial "                                                                                         , "80.0"     , "2.24"
"1673", "PO01670", "USD-COMPRA", "done"    , "PADRE"                                                                                                                              , ""         , ""
""    , ""       , ""          , ""        , "  └─ MONITOR 24` E-TECH A242 X24KN-IP (VGA+HDMI) "                                                                                  , "1.0"      , "76.35"
""    , ""       , ""          , ""        , "  └─ UPS APS POWER   2KVA TOWER ON LINE "                                                                                           , "1.0"      , "345.67"
"1671", "PO01668", "USD-COMPRA", "done"    , "PADRE"                                                                                                                              , ""         , ""
""    , ""       , ""          , ""        , "  └─ Placa HS2128 8 zonas expandible a 128 zonas"                                                                                   , "1.0"      , "233.0"
""    , ""       , ""          , ""        , "  └─ Teclado LCD Alfanumérico cableado con transceptor NEO"                                                                         , "1.0"      , "118.0"
""    , ""       , ""          , ""        , "  └─ MODULO EXPANSOR DE 8 ZONAS CABLEADAS NEO"                                                                                      , "3.0"      , "33.0"
"1669", "PO01666", "USD-COMPRA", "done"    , "PADRE"                                                                                                                              , ""         , ""
""    , ""       , ""          , ""        , "  └─ UPS VERTIV GXT MT PLUSTIPO TOWER 2000VA 1700W   "                                                                              , "4.0"      , "527.76"
"1664", "PO01661", "USD-COMPRA", "done"    , "PADRE"                                                                                                                              , ""         , ""
""    , ""       , ""          , ""        , "  └─ MOUSE FTX WIRELESS FTXM153 1200DPI/2 BOTONES NEGRO"                                                                            , "4.0"      , "3.0"
""    , ""       , ""          , ""        , "  └─ Monitor de 22 pulgadas FTX"                                                                                                    , "1.0"      , "55.0"
""    , ""       , ""          , ""        , "  └─ Impresora Termica Directa FTX Recibos 3` Con Cutter"                                                                           , "1.0"      , "65.0"
"1663", "PO01660", "USD-COMPRA", "done"    , "PADRE"                                                                                                                              , ""         , ""
""    , ""       , ""          , ""        , "  └─ Monitor de 22 pulgadas FTX"                                                                                                    , "4.0"      , "54.32"
""    , ""       , ""          , ""        , "  └─ Impresora Termica Directa FTX Recibos 3` Con Cutter"                                                                           , "4.0"      , "63.05"
""    , ""       , ""          , ""        , "  └─ UPS 220V 600VA 360W FTX 600VA"                                                                                                 , "5.0"      , "28.13"
""    , ""       , ""          , ""        , "  └─ UPS FTX 220V 800VA FTX-800VA / 480W "                                                                                          , "5.0"      , "36.38"
""    , ""       , ""          , ""        , "  └─ Teclado USB "                                                                                                                  , "5.0"      , "3.0"
"1662", "PO01659", "USD-COMPRA", "done"    , "PADRE"                                                                                                                              , ""         , ""
""    , ""       , ""          , ""        , "  └─ DISCO DURO 6TB PURPLE - WESTER DIGITAL"                                                                                        , "4.0"      , "126.99"
""    , ""       , ""          , ""        , "  └─ Sin nombre"                                                                                                                    , "0.0"      , "0.0"
"1653", "PO01650", "USD-COMPRA", "done"    , "PADRE"                                                                                                                              , ""         , ""
""    , ""       , ""          , ""        , "  └─ HDD SSD 2.0 TB BX 500 CRUCIAL"                                                                                                 , "1.0"      , "118.36"
"1652", "PO01649", "USD-COMPRA", "done"    , "PADRE"                                                                                                                              , ""         , ""
""    , ""       , ""          , ""        , "  └─ 2.5‘’ SATA SSD-512G"                                                                                                           , "1.0"      , "28.56"
""    , ""       , ""          , ""        , "  └─ Memoria RAM p/ pc crucial 8GB / DDR4/2666"                                                                                     , "1.0"      , "15.3"
"1648", "PO01645", "USD-COMPRA", "done"    , "PADRE"                                                                                                                              , ""         , ""
""    , ""       , ""          , ""        , "  └─ Placa HS2032 de 8 expandible a 32 zonas cableadas o inalambricas + Teclado HS2INC LCD a Icono"                                 , "3.0"      , "123.0"
""    , ""       , ""          , ""        , "  └─ TECLADO ALFANUMERICO CON PROXIMIDAD"                                                                                           , "3.0"      , "96.0"
""    , ""       , ""          , ""        , "  └─ Placa NEO de 64 zonas"                                                                                                         , "1.0"      , "83.0"
"1646", "PO01643", "USD-COMPRA", "done"    , "PADRE"                                                                                                                              , ""         , ""
""    , ""       , ""          , ""        , "  └─ Placa HS2032 de 8 expandible a 32 zonas cableadas o inalambricas + Teclado HS2INC LCD a Icono"                                 , "10.0"     , "123.0"
"1645", "PO01642", "USD-COMPRA", "done"    , "PADRE"                                                                                                                              , ""         , ""
""    , ""       , ""          , ""        , "  └─ Tarjeta de Proximidad 26bits IOPROX KANTECH"                                                                                   , "50.0"     , "2.13"
"1644", "PO01641", "USD-COMPRA", "done"    , "PADRE"                                                                                                                              , ""         , ""
""    , ""       , ""          , ""        , "  └─ Switch L2 24 Ptos"                                                                                                             , "1.0"      , "298.0"
"1631", "PO01628", "USD-COMPRA", "done"    , "PADRE"                                                                                                                              , ""         , ""
""    , ""       , ""          , ""        , "  └─ MicroSD de 128 Gb"                                                                                                             , "10.0"     , "13.77"
""    , ""       , ""          , ""        , "  └─ Micro SD 64GB"                                                                                                                 , "10.0"     , "5.61"
""    , ""       , ""          , ""        , "  └─ DISCO DURO 4TB PURPLE - WESTER DIGITAL"                                                                                        , "10.0"     , "84.91"
"1630", "PO01627", "USD-COMPRA", "done"    , "PADRE"                                                                                                                              , ""         , ""
""    , ""       , ""          , ""        , "  └─ DISCO DURO 2TB SURVEILLANCE - SEAGATE"                                                                                         , "4.0"      , "57.87"
""    , ""       , ""          , ""        , "  └─ DISCO DURO 4TB SURVEILLANCE - SEAGATE"                                                                                         , "6.0"      , "87.84"
""    , ""       , ""          , ""        , "  └─ Micro SD 64GB"                                                                                                                 , "10.0"     , "5.61"
"1623", "PO01620", "USD-COMPRA", "done"    , "PADRE"                                                                                                                              , ""         , ""
""    , ""       , ""          , ""        , "  └─ Modulo repetidor IDNET"                                                                                                        , "1.0"      , "220.11"
""    , ""       , ""          , ""        , "  └─ 4009A CPU BD"                                                                                                                  , "2.0"      , "577.21"
""    , ""       , ""          , ""        , "  └─ OVERVOLTAGE SUPPRESSOR"                                                                                                        , "6.0"      , "22.62"
"1622", "PO01619", "USD-COMPRA", "done"    , "PADRE"                                                                                                                              , ""         , ""
""    , ""       , ""          , ""        , "  └─ Tarjeta de Proximidad 26bits IOPROX KANTECH"                                                                                   , "50.0"     , "2.25"
"1621", "PO01618", "USD-COMPRA", "done"    , "PADRE"                                                                                                                              , ""         , ""
""    , ""       , ""          , ""        , "  └─ Módulo de monitor de 2 zonas con interfaz digital"                                                                             , "1.0"      , "446.73"
""    , ""       , ""          , ""        , "  └─ Caja EOL de conexiones LHD"                                                                                                    , "1.0"      , "63.81"
""    , ""       , ""          , ""        , "  └─ Caja EOL digital LHD de 1 o 2 zonas"                                                                                           , "1.0"      , "106.36"
""    , ""       , ""          , ""        , "  └─ Cable LHD 105°C PVC - 100m"                                                                                                    , "1.0"      , "209.0"
"1620", "PO01617", "USD-COMPRA", "done"    , "PADRE"                                                                                                                              , ""         , ""
""    , ""       , ""          , ""        , "  └─ Barrera infrarroja 2 haces 37cm altura 40mts de ZUDSEC"                                                                        , "20.0"     , "16.9"
""    , ""       , ""          , ""        , "  └─ Barrera Infrarroja 4 haces 40 mts ZUDSEC"                                                                                      , "20.0"     , "22.5"
""    , ""       , ""          , ""        , "  └─ Barrera infrarroja 10 haces 2mts altura 40mts de ZUDSEC"                                                                       , "30.0"     , "52.0"
""    , ""       , ""          , ""        , "  └─ Controlador de Acceso RFID huella/tarjeta/contraseña"                                                                          , "20.0"     , "22.5"
""    , ""       , ""          , ""        , "  └─ Control de acceso con lector de huellas dactilares"                                                                            , "20.0"     , "34.9"
""    , ""       , ""          , ""        , "  └─ Teclado Multifuncion standalone con luz azul ZUDSEC"                                                                           , "20.0"     , "8.9"
""    , ""       , ""          , ""        , "  └─ Control de acceso con huella digital y teclado táctil"                                                                         , "50.0"     , "34.9"
""    , ""       , ""          , ""        , "  └─ Control de acceso Biometrico ZUDSEC"                                                                                           , "20.0"     , "41.9"
""    , ""       , ""          , ""        , "  └─ Fuente de alimentación de control de acceso ZUDSEC"                                                                            , "200.0"    , "8.9"
""    , ""       , ""          , ""        , "  └─ Fuente de alimentación 12v 5A con ranura para batería 12v7A"                                                                   , "50.0"     , "9.9"
""    , ""       , ""          , ""        , "  └─ Tarjeta de proximidad tipo llavero EM ZUDSEC"                                                                                  , "300.0"    , "0.25"
""    , ""       , ""          , ""        , "  └─ Control de rondas para guardias con lector RFID ZUDSEC"                                                                        , "20.0"     , "45.9"
""    , ""       , ""          , ""        , "  └─ Etiquetas para control de Rondas - ZUDSEC"                                                                                     , "200.0"    , "0.8"
""    , ""       , ""          , ""        , "  └─ Fuente de 12v 10amper 8ch con gabinete y fusilera ZUDSEC"                                                                      , "20.0"     , "12.6"
""    , ""       , ""          , ""        , "  └─ FUENTE DE ALIMENTACION DE 9 CANALES 12V 10A ZUDSEC"                                                                            , "20.0"     , "16.9"
""    , ""       , ""          , ""        , "  └─ Fuente de 12v 20amper 18ch con gabinete y fusilera"                                                                            , "20.0"     , "24.9"
""    , ""       , ""          , ""        , "  └─ Fuente de alimentación DC12V  3A"                                                                                              , "20.0"     , "0.0"
""    , ""       , ""          , ""        , "  └─ Detector de movimiento inalámbrico"                                                                                            , "20.0"     , "4.95"
""    , ""       , ""          , ""        , "  └─ Detector humo/calor inalámbrico ZUDSEC"                                                                                        , "20.0"     , "8.8"
""    , ""       , ""          , ""        , "  └─ Detector de Calor Autónomo ZUDSEC"                                                                                             , "200.0"    , "5.95"
""    , ""       , ""          , ""        , "  └─ Contacto magnetico de metal ZUDSEC"                                                                                            , "600.0"    , "2.49"
""    , ""       , ""          , ""        , "  └─ Sensor de puerta para embutir color blanco"                                                                                    , "100.0"    , "0.59"
""    , ""       , ""          , ""        , "  └─ Transformador 220v 16 5v 2amper ZUDSEC"                                                                                        , "200.0"    , "3.45"
""    , ""       , ""          , ""        , "  └─ Cargador inteligente USB"                                                                                                      , "600.0"    , "4.35"
""    , ""       , ""          , ""        , "  └─ Brazo hidráulico para puertas de 60-80kg. Aluminio de alta durabilidad  1 6 kg. Ángulo máximo de 180°"                         , "30.0"     , "10.9"
""    , ""       , ""          , ""        , "  └─ Interruptor de pánico tipo pedal ZUDSEC"                                                                                       , "20.0"     , "2.2"
""    , ""       , ""          , ""        , "  └─ Botón de salida Touch - Black"                                                                                                 , "30.0"     , "3.68"
""    , ""       , ""          , ""        , "  └─ Cerradura Electromagnetica 180kg ZUDSEC"                                                                                       , "100.0"    , "9.5"
""    , ""       , ""          , ""        , "  └─ Cerradura electromagnética de 500kg con LED - ZUDSEC"                                                                          , "30.0"     , "25.9"
""    , ""       , ""          , ""        , "  └─ Soporte en L para cerradura de 180kg ZUDSEC"                                                                                   , "100.0"    , "2.5"
""    , ""       , ""          , ""        , "  └─ Soporte en Z paara cerradura de 180kg ZUDSEC"                                                                                  , "50.0"     , "4.2"
""    , ""       , ""          , ""        , "  └─ Interruptor de control inalambrico 4 ch OUTPUT ZUDSEC"                                                                         , "20.0"     , "5.95"
""    , ""       , ""          , ""        , "  └─ Mando a distancia inalámbrico"                                                                                                 , "20.0"     , "2.19"
""    , ""       , ""          , ""        , "  └─ Sirena Audiovisual Incendio 3 tonos 110dB 12V ZUDSEC"                                                                          , "300.0"    , "5.98"
""    , ""       , ""          , ""        , "  └─ Sirena audio visual fire  DC24V ZUDSEC"                                                                                        , "300.0"    , "5.98"
""    , ""       , ""          , ""        , "  └─ Tarjeta de proximidad EM 125KHz Delgada"                                                                                       , "500.0"    , "0.18"
""    , ""       , ""          , ""        , "  └─ Tarjeta de proximidad EM 125KHz gruesa"                                                                                        , "500.0"    , "0.18"
""    , ""       , ""          , ""        , "  └─ Tag de proximidad Mifare"                                                                                                      , "300.0"    , "0.29"
""    , ""       , ""          , ""        , "  └─ Cámara PTZ exterior 4G con panel solar integrado 2.0MP  - Zudsec"                                                              , "1.0"      , "0.0"
""    , ""       , ""          , ""        , "  └─ Tarjeta de proximidad EM 125KHz Delgada"                                                                                       , "30.0"     , "0.0"
""    , ""       , ""          , ""        , "  └─ Detector fotoeléctrico de 3 ases"                                                                                              , "1.0"      , "0.0"
""    , ""       , ""          , ""        , "  └─ Inyector PoE1000E ZUDSEC"                                                                                                      , "3.0"      , "0.0"
""    , ""       , ""          , ""        , "  └─ Cámara PTZ exterior Wifi con panel solar integrado 2.0MP  - Zudsec"                                                            , "1.0"      , "0.0"
"1618", "PO01615", "USD-COMPRA", "done"    , "PADRE"                                                                                                                              , ""         , ""
""    , ""       , ""          , ""        , "  └─ Detector de Humo Calor con UL SV"                                                                                              , "3000.0"   , "8.2"
""    , ""       , ""          , ""        , "  └─ Detector termovelocimétrico"                                                                                                   , "1500.0"   , "5.9"
""    , ""       , ""          , ""        , "  └─ Detector de Humo Calor SD218"                                                                                                  , "150.0"    , "4.5"
""    , ""       , ""          , ""        , "  └─ Detector termovelocimétrico 2 hilos económico"                                                                                 , "300.0"    , "5.0"
""    , ""       , ""          , ""        , "  └─ Detector de monóxido de carbono 4 hilos"                                                                                       , "100.0"    , "17.0"
""    , ""       , ""          , ""        , "  └─ Pulsador manual de incendio convencional "                                                                                     , "150.0"    , "4.5"
"1617", "PO01614", "USD-COMPRA", "done"    , "PADRE"                                                                                                                              , ""         , ""
""    , ""       , ""          , ""        , "  └─ Bateria alcalina para emitter OSID"                                                                                            , "16.0"     , "66.07"
"1615", "PO01612", "USD-COMPRA", "purchase", "PADRE"                                                                                                                              , ""         , ""
""    , ""       , ""          , ""        , "  └─ Tachuela SuperTag Gris SENSORMATIC"                                                                                            , "50000.0"  , "0.05"
""    , ""       , ""          , ""        , "  └─ Etiqueta con Lazos de seguridad de acero SENSORMATIC"                                                                          , "5000.0"   , "0.431"
""    , ""       , ""          , ""        , "  └─ Pedestal 1170 intergrated Primario - Sensormatic - negro"                                                                      , "5.0"      , "1017.38"
""    , ""       , ""          , ""        , "  └─ Tachuela cabeza de plastico SENSORMATIC"                                                                                       , "20000.0"  , "0.04"
""    , ""       , ""          , ""        , "  └─ Pedestal Ultra 1.8 Primario SENSORMATIC"                                                                                       , "22.0"     , "691.947"
""    , ""       , ""          , ""        , "  └─ DESACTIVADOR ELECTRONICO AMB 2011 - SENSORMATIC"                                                                               , "20.0"     , "286.52"
""    , ""       , ""          , ""        , "  └─ Separador Manual AMD-3040 ST - Sensormatic"                                                                                    , "10.0"     , "70.829"
""    , ""       , ""          , ""        , "  └─ Pedestal 1170 Intergared Secundario - Sensormatic  negro"                                                                      , "5.0"      , "773.058"
""    , ""       , ""          , ""        , "  └─ Pedestal Ultra 1.8 Secundario SENSORMATIC"                                                                                     , "25.0"     , "306.558"
""    , ""       , ""          , ""        , "  └─ Separador universal negro SENSORMATIC 5kgaus"                                                                                  , "40.0"     , "20.245"
""    , ""       , ""          , ""        , "  └─ Etiqueta Dura AMT42 SENSORMATIC"                                                                                               , "20000.0"  , "0.15"
""    , ""       , ""          , ""        , "  └─ Etiquetas SuperTag 3 Gris SENSORMATIC"                                                                                         , "20000.0"  , "0.236"
""    , ""       , ""          , ""        , "  └─ Fuente para AMB2011 -  Sensormatic"                                                                                            , "30.0"     , "51.09"
""    , ""       , ""          , ""        , "  └─ Etiqueta Adhesiva AM DR SENSORMATIC"                                                                                           , "420000.0" , "0.02356"
"1614", "PO01611", "USD-COMPRA", "done"    , "PADRE"                                                                                                                              , ""         , ""
""    , ""       , ""          , ""        , "  └─ Concealed Door Loop System"                                                                                                    , "1.0"      , "2614.94"
"1609", "PO01606", "USD-COMPRA", "done"    , "PADRE"                                                                                                                              , ""         , ""
""    , ""       , ""          , ""        , "  └─ Placa HS2032 de 8 expandible a 32 zonas cableadas o inalambricas + Teclado HS2INC LCD a Icono"                                 , "6.0"      , "123.0"
""    , ""       , ""          , ""        , "  └─ Placa NEO de 64 zonas"                                                                                                         , "1.0"      , "85.0"
"1606", "PO01603", "USD-COMPRA", "done"    , "PADRE"                                                                                                                              , ""         , ""
""    , ""       , ""          , ""        , "  └─ Placa HS2032 de 8 expandible a 32 zonas cableadas o inalambricas + Teclado HS2INC LCD a Icono"                                 , "2.0"      , "123.0"
"1600", "PO01597", "USD-COMPRA", "done"    , "PADRE"                                                                                                                              , ""         , ""
""    , ""       , ""          , ""        , "  └─ Monitor de 24 pulgadas FTX"                                                                                                    , "1.0"      , "65.1"
"1598", "PO01595", "USD-COMPRA", "done"    , "PADRE"                                                                                                                              , ""         , ""
""    , ""       , ""          , ""        , "  └─ FR2000 Espejo Para Barrera FireOne"                                                                                            , "10.0"     , "29.72"
""    , ""       , ""          , ""        , "  └─ Sensor Dual Optico Termico FC460PH FIRECLASS"                                                                                  , "500.0"    , "28.27"
"1597", "PO01594", "USD-COMPRA", "done"    , "PADRE"                                                                                                                              , ""         , ""
""    , ""       , ""          , ""        , "  └─ Pantalla LCD 55'' de pie para interiores - No touch"                                                                           , "9.0"      , "585.0"
""    , ""       , ""          , ""        , "  └─ Pantalla LCD 55'' para interiores con base de pie - Touch"                                                                     , "1.0"      , "647.0"
""    , ""       , ""          , ""        , "  └─ Gastos de Importacion"                                                                                                         , "1.0"      , "250.0"
"1594", "PO01591", "USD-COMPRA", "done"    , "PADRE"                                                                                                                              , ""         , ""
""    , ""       , ""          , ""        , "  └─ Pedestal Synergy Secundario 2.5   Gris - Sensormatic"                                                                          , "12.0"     , "773.058"
""    , ""       , ""          , ""        , "  └─ Pedestal Synergy Primario 2.5  Gris - Sensormatic"                                                                             , "3.0"      , "998.001"
"1593", "PO01590", "USD-COMPRA", "done"    , "PADRE"                                                                                                                              , ""         , ""
""    , ""       , ""          , ""        , "  └─ Pedestal Synergy Primario 2.5  Gris - Sensormatic"                                                                             , "12.0"     , "998.001"
""    , ""       , ""          , ""        , "  └─ Etiqueta Adhesiva AM DR SENSORMATIC"                                                                                           , "580000.0" , "0.02356"
"1592", "PO01589", "USD-COMPRA", "done"    , "PADRE"                                                                                                                              , ""         , ""
""    , ""       , ""          , ""        , "  └─ Cable de Poder para RFID - Sensormatic"                                                                                        , "5.0"      , "4.928"
""    , ""       , ""          , ""        , "  └─ Separador Manual AMD-3040 ST - Sensormatic"                                                                                    , "1.0"      , "62.3293"
""    , ""       , ""          , ""        , "  └─ Cable de Extensión 10ft. MCX to RP SMA - Sensormatic"                                                                          , "2.0"      , "39.9767"
""    , ""       , ""          , ""        , "  └─ Base para antenas - Sensormatic"                                                                                               , "6.0"      , "159.1876"
""    , ""       , ""          , ""        , "  └─ Fuente de Alimentación - Sensormatic"                                                                                          , "2.0"      , "18.571"
""    , ""       , ""          , ""        , "  └─ Tablero de Detección de Lámina Metálica - Sensormatic"                                                                         , "2.0"      , "572.0"
""    , ""       , ""          , ""        , "  └─ Separador Eléctrico Supertag - Sensormatic"                                                                                    , "2.0"      , "241.8874"
""    , ""       , ""          , ""        , "  └─ Fuente 24/2A  100-240VAC - Sensormatic"                                                                                        , "2.0"      , "22.5515"
""    , ""       , ""          , ""        , "  └─ Bolsa de Prueba Cliente - Sensormatic"                                                                                         , "1.0"      , "27.6051"
""    , ""       , ""          , ""        , "  └─ Synergy 1180 Grey Split - Primario"                                                                                            , "2.0"      , "1703.9125"
""    , ""       , ""          , ""        , "  └─ Synergy 1180 Grey Split - Secundario"                                                                                          , "2.0"      , "1703.9125"
""    , ""       , ""          , ""        , "  └─ Controlador Synergy ZE9060"                                                                                                    , "2.0"      , "0.0"
""    , ""       , ""          , ""        , "  └─ Synergy Interconnect"                                                                                                          , "6.0"      , "0.0"
""    , ""       , ""          , ""        , "  └─ 1190 eas ant acrylic cg ins"                                                                                                   , "6.0"      , "0.0"
""    , ""       , ""          , ""        , "  └─ Doble Chequeador (Inditex) - Sensormatic"                                                                                      , "1.0"      , "418.0"
""    , ""       , ""          , ""        , "  └─ Lector RFID UHF IDX-4000 - Sensormatic"                                                                                        , "2.0"      , "712.9173"
""    , ""       , ""          , ""        , "  └─ Repetidora de Señal - Sensormatic"                                                                                             , "2.0"      , "121.2354"
""    , ""       , ""          , ""        , "  └─ Kit de Módulo de Alarma Remota - Sensormatic"                                                                                  , "1.0"      , "33.3285"
""    , ""       , ""          , ""        , "  └─ Desactivador de Etiquetas AMB 9010 - Sensormatic"                                                                              , "1.0"      , "376.7573"
""    , ""       , ""          , ""        , "  └─ Powerpad Pro Antena - Sensormatic"                                                                                             , "1.0"      , "201.7253"
""    , ""       , ""          , ""        , "  └─ PWR SPLY 18V/1.7A ESD IMPV L/S"                                                                                                , "1.0"      , "44.9592"
"1591", "PO01588", "USD-COMPRA", "done"    , "PADRE"                                                                                                                              , ""         , ""
""    , ""       , ""          , ""        , "  └─ IMPINJ OHD  UNIV RDR W NA"                                                                                                     , "4.0"      , "2532.7"
""    , ""       , ""          , ""        , "  └─ Placa de Red RS435 - Sensormatic"                                                                                              , "2.0"      , "752.9472"
""    , ""       , ""          , ""        , "  └─ Kit de actualización Pedestal Synergy RFID  Detección lado izquierdo - Gris (NA)"                                              , "2.0"      , "2129.1055"
""    , ""       , ""          , ""        , "  └─ Antena RFID de Punto de Venta  Negro - Sensormatic"                                                                            , "2.0"      , "128.4937"
""    , ""       , ""          , ""        , "  └─ Antena RFID - Right - Sensormatic"                                                                                             , "2.0"      , "2129.1055"
""    , ""       , ""          , ""        , "  └─ Cable CAT6 PCH RJ45M 7 - Sensormatic"                                                                                          , "16.0"     , "6.9143"
""    , ""       , ""          , ""        , "  └─ Cable de Alimentación - Sensormatic"                                                                                           , "2.0"      , "2.6226"
""    , ""       , ""          , ""        , "  └─ Kit de Prueba para Tienda - Sensormatic"                                                                                       , "1.0"      , "25.2249"
"1588", "PO01585", "USD-COMPRA", "done"    , "PADRE"                                                                                                                              , ""         , ""
""    , ""       , ""          , ""        , "  └─ Adhesivos de reemplazo p/ sensores - INVUE"                                                                                    , "300.0"    , "1.4825"
""    , ""       , ""          , ""        , "  └─ Sensores universales  PSA  - S960"                                                                                             , "104.0"    , "0.7875"
""    , ""       , ""          , ""        , "  └─ Red Anti Hurtos Pequeño  35 cm  AM/RF"                                                                                         , "15.0"     , "11.35"
""    , ""       , ""          , ""        , "  └─ Red Anti Hurtos Grande  70 cm  AM/RF"                                                                                          , "15.0"     , "16.5"
""    , ""       , ""          , ""        , "  └─ L440 Kit de Montaje para vidrios InVue"                                                                                        , "1.0"      , "12.5"
""    , ""       , ""          , ""        , "  └─ Gastos de Importacion"                                                                                                         , "1.0"      , "38.53"
"1587", "PO01584", "USD-COMPRA", "done"    , "PADRE"                                                                                                                              , ""         , ""
""    , ""       , ""          , ""        , "  └─ ESNET NTWK INTERFACE CARD FLAT"                                                                                                , "1.0"      , "562.16"
""    , ""       , ""          , ""        , "  └─ ES NET SM FIBER MEDIA CARD"                                                                                                    , "1.0"      , "357.89"
""    , ""       , ""          , ""        , "  └─ IDNET2+2 MODULO DE 4 BUCLES DE 250 PUNTOS"                                                                                     , "10.0"     , "248.27"
""    , ""       , ""          , ""        , "  └─ IDNAC CARD"                                                                                                                    , "5.0"      , "278.59"
""    , ""       , ""          , ""        , "  └─ Módulo de interfaz - MX"                                                                                                       , "5.0"      , "241.56"
"1586", "PO01583", "USD-COMPRA", "done"    , "PADRE"                                                                                                                              , ""         , ""
""    , ""       , ""          , ""        , "  └─ Gabinete metalico P/PC 1832/1864 - DSC"                                                                                        , "19.0"     , "17.0"
"1582", "PO01579", "USD-COMPRA", "done"    , "PADRE"                                                                                                                              , ""         , ""
""    , ""       , ""          , ""        , "  └─ Placa HS2032 de 8 expandible a 32 zonas cableadas o inalambricas + Teclado HS2INC LCD a Icono"                                 , "1.0"      , "123.0"
""    , ""       , ""          , ""        , "  └─ CONTACTO MAGNETICO INAL. NEO"                                                                                                  , "6.0"      , "32.0"
""    , ""       , ""          , ""        , "  └─ Botón de pánico inalámbrico Power NEO"                                                                                         , "1.0"      , "40.0"
"1578", "PO01575", "USD-COMPRA", "done"    , "PADRE"                                                                                                                              , ""         , ""
""    , ""       , ""          , ""        , "  └─ Televisor de  32` JVC LT32N750U HD DIG/SMART/HDMI"                                                                             , "1.0"      , "106.12"
""    , ""       , ""          , ""        , "  └─ Soporte para TV klip "                                                                                                         , "1.0"      , "7.8"
"1577", "PO01574", "USD-COMPRA", "done"    , "PADRE"                                                                                                                              , ""         , ""
""    , ""       , ""          , ""        , "  └─ Altavoz de Conferencia - Sala de Reuniones"                                                                                    , "1.0"      , "67.09"
"1573", "PO01570", "USD-COMPRA", "done"    , "PADRE"                                                                                                                              , ""         , ""
""    , ""       , ""          , ""        , "  └─ Etiquetas SuperTag 3 Gris SENSORMATIC"                                                                                         , "20000.0"  , "0.2168"
""    , ""       , ""          , ""        , "  └─ Tachuela SuperTag Gris SENSORMATIC"                                                                                            , "25000.0"  , "0.0456"
"1571", "PO01568", "USD-COMPRA", "done"    , "PADRE"                                                                                                                              , ""         , ""
""    , ""       , ""          , ""        , "  └─ Etiqueta Adhesiva AM SENSORMATIC (VPL)"                                                                                        , "800000.0" , "0.01284"
""    , ""       , ""          , ""        , "  └─ Ajuste de Factura por Compras"                                                                                                 , "1.0"      , "3.94"
"1564", "PO01561", "USD-COMPRA", "done"    , "PADRE"                                                                                                                              , ""         , ""
""    , ""       , ""          , ""        , "  └─ CONECTOR OPTICO DE CAMPO CLICK SM-SC/UPC P/ CABLE DROP DPR"                                                                    , "10.0"     , "1.5"
""    , ""       , ""          , ""        , "  └─ TRANSCEIVER SM-WDM 10/100/100 P01 PELO FO SC-20KM-1550"                                                                        , "1.0"      , "99.0"
""    , ""       , ""          , ""        , "  └─ TRANSCEIVER SM-WDM 10/100/100 P01 PELO FO SC-20KM-1550"                                                                        , "1.0"      , "99.0"
"1556", "PO01553", "USD-COMPRA", "done"    , "PADRE"                                                                                                                              , ""         , ""
""    , ""       , ""          , ""        , "  └─ HELIX Dispensador de 12 pulg. Pegboard americano  20 mm"                                                                       , "48.0"     , "6.6"
""    , ""       , ""          , ""        , "  └─ Pedestal de alarma para movil Blanco INVUE"                                                                                    , "155.0"    , "48.49"
""    , ""       , ""          , ""        , "  └─ L440 Kit accesorios de Fijación InVue"                                                                                         , "10.0"     , "5.7"
"1555", "PO01552", "USD-COMPRA", "done"    , "PADRE"                                                                                                                              , ""         , ""
""    , ""       , ""          , ""        , "  └─ T1050 Dispensador de 12 pulg. Pegboard americano  30mm (incluye T1041 y varilla T1046-A)"                                      , "48.0"     , "20.0"
""    , ""       , ""          , ""        , "  └─ Cable de Conexion Tipo C Blanco INVUE"                                                                                         , "150.0"    , "7.48"
""    , ""       , ""          , ""        , "  └─ Estacion de programacion de llave INVUE"                                                                                       , "10.0"     , "29.11"
""    , ""       , ""          , ""        , "  └─ L440 Cerradura InVue para puertas de cristal abatibles"                                                                        , "15.0"     , "49.43"
""    , ""       , ""          , ""        , "  └─ L440 Kit de Montaje para vidrios InVue"                                                                                        , "4.0"      , "10.63"
""    , ""       , ""          , ""        , "  └─ Fuente de alimentacion Micro USB 5.3V INVUE"                                                                                   , "30.0"     , "9.73"
""    , ""       , ""          , ""        , "  └─ Cable alarma para MacBook Blanco INVUE"                                                                                        , "30.0"     , "37.83"
""    , ""       , ""          , ""        , "  └─ Llave de desactivacion IR4 INVUE"                                                                                              , "50.0"     , "50.79"
""    , ""       , ""          , ""        , "  └─ Cable de Carga Individual IR4 Cable de Comunicación y Alimentación - InVue"                                                    , "20.0"     , "16.36"
""    , ""       , ""          , ""        , "  └─ Estación de de carga - InVue"                                                                                                  , "10.0"     , "33.49"
""    , ""       , ""          , ""        , "  └─ WS2 Expositor con cordón blanco largo CBL"                                                                                     , "50.0"     , "51.51"
""    , ""       , ""          , ""        , "  └─ Pedestal de alarma para movil Blanco INVUE"                                                                                    , "64.0"     , "48.49"
"1554", "PO01551", "USD-COMPRA", "done"    , "PADRE"                                                                                                                              , ""         , ""
""    , ""       , ""          , ""        , "  └─ Panel de control direccionable para 254 puntos"                                                                                , "3.0"      , "846.15"
""    , ""       , ""          , ""        , "  └─ Panel de control direccionable para 127 puntos "                                                                               , "2.0"      , "394.17"
""    , ""       , ""          , ""        , "  └─ Módulo expansor direccionable a 508 puntos y 4 lazos"                                                                          , "2.0"      , "665.71"
""    , ""       , ""          , ""        , "  └─ Módulo de entradas múltiples"                                                                                                  , "10.0"     , "28.95"
""    , ""       , ""          , ""        , "  └─ Módulo de salida direccionable de alta potencia"                                                                               , "15.0"     , "28.99"
""    , ""       , ""          , ""        , "  └─ Placa de Expansión ADR / SAVER 127 direcciones."                                                                               , "5.0"      , "168.03"
""    , ""       , ""          , ""        , "  └─ Detector de calor direccionable"                                                                                               , "300.0"    , "19.4"
""    , ""       , ""          , ""        , "  └─ Detector fotoeléctrico/calor direccionable analógico"                                                                          , "1000.0"   , "19.2"
""    , ""       , ""          , ""        , "  └─ Base de detector estándar "                                                                                                    , "1300.0"   , "0.0"
""    , ""       , ""          , ""        , "  └─ Pulsador direccionable"                                                                                                        , "60.0"     , "21.15"
""    , ""       , ""          , ""        , "  └─ Seccionador de línea (Base Aisladora)"                                                                                         , "50.0"     , "34.95"
""    , ""       , ""          , ""        , "  └─ Cable de Programador de dirección de dispositivo para panel de control serie 7."                                               , "4.0"      , "19.05"
""    , ""       , ""          , ""        , "  └─ Fuente de alimentación auxiliar direccionable"                                                                                 , "2.0"      , "187.78"
"1553", "PO01550", "USD-COMPRA", "done"    , "PADRE"                                                                                                                              , ""         , ""
""    , ""       , ""          , ""        , "  └─ CONTADOR DE PERSONAS 3D MINI PARA BUS (BLE) FOOTFALL"                                                                          , "1.0"      , "198.0"
""    , ""       , ""          , ""        , "  └─ Cámara de vigilancia 3D Pro2 (autobús) (160 grados) FOOTFALL"                                                                  , "1.0"      , "450.0"
""    , ""       , ""          , ""        , "  └─ FaceCam (68grados) FOOTFALL"                                                                                                   , "1.0"      , "249.0"
""    , ""       , ""          , ""        , "  └─ FootfallCam 3D Pro2 (1.5) (blanco  160 grados)"                                                                                , "1.0"      , "450.0"
""    , ""       , ""          , ""        , "  └─ Gastos de Importacion"                                                                                                         , "1.0"      , "166.82"
"1552", "PO01549", "USD-COMPRA", "done"    , "PADRE"                                                                                                                              , ""         , ""
""    , ""       , ""          , ""        , "  └─ NVR 64 Canales  8 Interfaces SATA  Negro  UNV"                                                                                 , "1.0"      , "378.0"
"1550", "PO01547", "USD-COMPRA", "done"    , "PADRE"                                                                                                                              , ""         , ""
""    , ""       , ""          , ""        , "  └─ Etiqueta Focus 2.6 GL111  Ng/Rj/Bl (Carcasa Blanca) Imagotag"                                                                  , "240.0"    , "7.33"
""    , ""       , ""          , ""        , "  └─ Etiqueta Vusion 2.6 Negro Blanco Rojo GU140 Blanco"                                                                            , "720.0"    , "7.88"
""    , ""       , ""          , ""        , "  └─ Vusion foostand small (transparent)"                                                                                           , "700.0"    , "0.15"
""    , ""       , ""          , ""        , "  └─ Clip Universal Adhesivo (1 6` - 2 9`) - Imagotag"                                                                              , "200.0"    , "0.88"
""    , ""       , ""          , ""        , "  └─ Vusion Paquete de abrazaderas Scorpion - negro"                                                                                , "50.0"     , "3.28"
""    , ""       , ""          , ""        , "  └─ Herramienta para Remover Etiquetas Imagotag"                                                                                   , "10.0"     , "4.46"
""    , ""       , ""          , ""        , "  └─ VUSION Easy UnLock Tool"                                                                                                       , "2.0"      , "35.87"
""    , ""       , ""          , ""        , "  └─ Cloudpoint USA/ Canada bundle incl"                                                                                            , "3.0"      , "299.48"
""    , ""       , ""          , ""        , "  └─ Etiqueta Vusion 2.6 GU140  Ng/Rj/Bl/Am Imagotag "                                                                              , "5.0"      , "8.28"
""    , ""       , ""          , ""        , "  └─ Etiqueta Vusion 4.2 GU140  Ng/Rj/Bl/Am Imagotag  "                                                                             , "5.0"      , "17.46"
""    , ""       , ""          , ""        , "  └─ Etiqueta Vusion 9.7 GU110  F/SW B/SW Imagotag   "                                                                              , "5.0"      , "62.58"
"1549", "PO01546", "USD-COMPRA", "done"    , "PADRE"                                                                                                                              , ""         , ""
""    , ""       , ""          , ""        , "  └─ UPS VERTIV PSL 1500VA PSL1500BX-230"                                                                                           , "1.0"      , "201.36"
""    , ""       , ""          , ""        , "  └─ Sin nombre"                                                                                                                    , "0.0"      , "0.0"
"1546", "PO01543", "USD-COMPRA", "done"    , "PADRE"                                                                                                                              , ""         , ""
""    , ""       , ""          , ""        , "  └─ Anunciador Remoto SIMPLEX"                                                                                                     , "1.0"      , "1594.4"
"1545", "PO01542", "USD-COMPRA", "done"    , "PADRE"                                                                                                                              , ""         , ""
""    , ""       , ""          , ""        , "  └─ RANURA PARA TARJETA DE INTERFAZ ESNET NTWK"                                                                                    , "4.0"      , "595.88"
""    , ""       , ""          , ""        , "  └─ TARJETA DE MEDIOS DE FIBRA ES NET SM"                                                                                          , "3.0"      , "379.36"
""    , ""       , ""          , ""        , "  └─ TARJETA DE MEDIOS ETHERNET ES NET"                                                                                             , "1.0"      , "96.9"
""    , ""       , ""          , ""        , "  └─ Sistema de Aspiración - VESDA - XTRALIS"                                                                                       , "1.0"      , "4649.49"
"1544", "PO01541", "USD-COMPRA", "done"    , "PADRE"                                                                                                                              , ""         , ""
""    , ""       , ""          , ""        , "  └─ TARJETA"                                                                                                                       , "3.0"      , "150.45"
"1543", "PO01540", "USD-COMPRA", "done"    , "PADRE"                                                                                                                              , ""         , ""
""    , ""       , ""          , ""        , "  └─ Gabinete de 2 bahias Rojo - SIMPLEX"                                                                                           , "1.0"      , "523.4"
""    , ""       , ""          , ""        , "  └─ TSW SOFTWARE ONLY"                                                                                                             , "1.0"      , "6931.68"
"1539", "PO01536", "USD-COMPRA", "done"    , "PADRE"                                                                                                                              , ""         , ""
""    , ""       , ""          , ""        , "  └─ Placa HS2032 de 8 expandible a 32 zonas cableadas o inalambricas + Teclado HS2INC LCD a Icono"                                 , "10.0"     , "122.0"
""    , ""       , ""          , ""        , "  └─ MODULO EXPANSOR DE 8 ZONAS CABLEADAS NEO"                                                                                      , "7.0"      , "32.0"
""    , ""       , ""          , ""        , "  └─ Gabinete metalico P/PC 1832/1864 - DSC"                                                                                        , "6.0"      , "17.0"
""    , ""       , ""          , ""        , "  └─ Humo test"                                                                                                                     , "24.0"     , "18.0"
"1537", "PO01534", "USD-COMPRA", "done"    , "PADRE"                                                                                                                              , ""         , ""
""    , ""       , ""          , ""        , "  └─ Safer tipo vitrina con tapa SM Blanco"                                                                                         , "2.0"      , "33.23"
""    , ""       , ""          , ""        , "  └─ Gastos de Importacion"                                                                                                         , "1.0"      , "24.59"
"1529", "PO01526", "USD-COMPRA", "done"    , "PADRE"                                                                                                                              , ""         , ""
""    , ""       , ""          , ""        , "  └─ CONTADOR DE PERSONAS 3D PRO 2.0 (Blanco 160°)"                                                                                 , "16.0"     , "450.0"
""    , ""       , ""          , ""        , "  └─ Gastos de Importacion"                                                                                                         , "1.0"      , "277.18"
"1522", "PO01519", "USD-COMPRA", "purchase", "PADRE"                                                                                                                              , ""         , ""
""    , ""       , ""          , ""        , "  └─ Sensor de fotos analógico Humo/Calor SIMPLEX IDNET"                                                                            , "268.0"    , "9.0"
"1521", "PO01518", "USD-COMPRA", "purchase", "PADRE"                                                                                                                              , ""         , ""
""    , ""       , ""          , ""        , "  └─ Sensor de fotos analógico Humo/Calor SIMPLEX IDNET"                                                                            , "12.0"     , "9.0"
"1520", "PO01517", "USD-COMPRA", "purchase", "PADRE"                                                                                                                              , ""         , ""
""    , ""       , ""          , ""        , "  └─ Sensor de fotos analógico Humo/Calor SIMPLEX IDNET"                                                                            , "720.0"    , "9.0"
"1519", "PO01516", "USD-COMPRA", "purchase", "PADRE"                                                                                                                              , ""         , ""
""    , ""       , ""          , ""        , "  └─ Sensor humo y calor - MX"                                                                                                      , "600.0"    , "17.25"
""    , ""       , ""          , ""        , "  └─ Base de sensor MX"                                                                                                             , "600.0"    , "1.73"
""    , ""       , ""          , ""        , "  └─ Módulo adaptador ZAM MX"                                                                                                       , "100.0"    , "31.05"
""    , ""       , ""          , ""        , "  └─ Pulsador Manual Doble Acción - MX - Simplex"                                                                                   , "50.0"     , "28.75"
"1517", "PO01514", "USD-COMPRA", "purchase", "PADRE"                                                                                                                              , ""         , ""
""    , ""       , ""          , ""        , "  └─ Safer 12 5cm*12 5cm*7cm"                                                                                                       , "168.0"    , "1.3"
""    , ""       , ""          , ""        , "  └─ Safer 15cm*12cm*4 5cm"                                                                                                         , "100.0"    , "2.18"
""    , ""       , ""          , ""        , "  └─ Safer 20cm*11cm*08cm"                                                                                                          , "300.0"    , "1.6"
""    , ""       , ""          , ""        , "  └─ Safer 25cm*20cm*15cm"                                                                                                          , "64.0"     , "3.8"
"1515", "PO01512", "USD-COMPRA", "purchase", "PADRE"                                                                                                                              , ""         , ""
""    , ""       , ""          , ""        , "  └─ Camera IP WIFI PTZ 3MP UNIARCH"                                                                                                , "20.0"     , "19.75"
""    , ""       , ""          , ""        , "  └─ Kit de intercomunicador con video para villa (estación de puerta de un botón  estación interior  interruptor)"                 , "5.0"      , "112.21"
""    , ""       , ""          , ""        , "  └─ MONITOR INTERACTIVO LED de 65” UNV"                                                                                            , "3.0"      , "637.32"
""    , ""       , ""          , ""        , "  └─ Fisheye IP 5MP 1.4mm POE. ranura para micro SD. con MIC."                                                                      , "5.0"      , "103.22"
""    , ""       , ""          , ""        , "  └─ MONITOR INTERACTIVO LED de 86” UNV"                                                                                            , "1.0"      , "798.89"
""    , ""       , ""          , ""        , "  └─ Bullet Network Camera 4MP Double Light WDR Intelligence"                                                                       , "10.0"     , "32.32"
""    , ""       , ""          , ""        , "  └─ Cámara analógica ColorHunter HD PT de 2 MP"                                                                                    , "30.0"     , "17.05"
""    , ""       , ""          , ""        , "  └─ Conector USB Alámbrico (Dongle) para Monitor Interactivo - UNV"                                                                , "5.0"      , "44.9"
""    , ""       , ""          , ""        , "  └─ Cámara PT Smart de audio y vídeo HD de 2 MP"                                                                                   , "100.0"    , "10.77"
""    , ""       , ""          , ""        , "  └─ Cámara PT para exteriores con doble lente y Wi-Fi de 3 MP + 3 MP"                                                              , "5.0"      , "29.63"
""    , ""       , ""          , ""        , "  └─ Cámara bullet fija gran angular ColorHunter HD de 4 MP"                                                                        , "2.0"      , "64.46"
""    , ""       , ""          , ""        , "  └─ Bullet analógica de 2MP Color Hunter UNV"                                                                                      , "1083.0"   , "6.82"
""    , ""       , ""          , ""        , "  └─ SOPORTE PARA MONITOR UNV"                                                                                                      , "1.0"      , "76.03"
""    , ""       , ""          , ""        , "  └─ NVR Grabador de vídeo en red inteligente de 9 canales y 2 discos duros"                                                        , "2.0"      , "71.82"
"1514", "PO01511", "USD-COMPRA", "purchase", "PADRE"                                                                                                                              , ""         , ""
""    , ""       , ""          , ""        , "  └─ Detector de Metales Portátil - ZKTECO"                                                                                         , "30.0"     , "12.0"
""    , ""       , ""          , ""        , "  └─ Cerradura Inteligente con Huella Digital y Wi-Fi - ZKTECO"                                                                     , "20.0"     , "54.0"
""    , ""       , ""          , ""        , "  └─ Terminal para Gestión de Asistencia con Reconocimiento de Huella Digital - ZKTECO"                                             , "10.0"     , "36.4"
""    , ""       , ""          , ""        , "  └─ Arco Detector 18 Zonas  256 Niveles de Sensibilidad - ZKTECO"                                                                  , "5.0"      , "378.0"
""    , ""       , ""          , ""        , "  └─ Arco Detector 18 Zonas  500 Niveles de Sensibilidad - ZKTECO"                                                                  , "3.0"      , "540.0"
""    , ""       , ""          , ""        , "  └─ Radar para Barrera de Estacionamiento (Sensor para Detección de Obstáculos) - ZKTECO"                                          , "2.0"      , "104.0"
""    , ""       , ""          , ""        , "  └─ Panel IP para Control de Acceso"                                                                                               , "1.0"      , "197.0"
""    , ""       , ""          , ""        , "  └─ Panel IP para Control de Acceso (4 puerta)"                                                                                    , "1.0"      , "236.0"
""    , ""       , ""          , ""        , "  └─ Gastos de Importacion"                                                                                                         , "1.0"      , "35.0"
"1511", "PO01508", "USD-COMPRA", "purchase", "PADRE"                                                                                                                              , ""         , ""
""    , ""       , ""          , ""        , "  └─ Transformador 220-16. 5V 4A"                                                                                                   , "5.0"      , "10.0"
""    , ""       , ""          , ""        , "  └─ Humo test"                                                                                                                     , "20.0"     , "18.0"
""    , ""       , ""          , ""        , "  └─ Gabinete metalico P/PC 1832/1864 - DSC"                                                                                        , "3.0"      , "17.0"
"1508", "PO01505", "USD-COMPRA", "purchase", "PADRE"                                                                                                                              , ""         , ""
""    , ""       , ""          , ""        , "  └─ Transformador 220-16. 5V 4A"                                                                                                   , "5.0"      , "10.0"
"1506", "PO01503", "USD-COMPRA", "purchase", "PADRE"                                                                                                                              , ""         , ""
""    , ""       , ""          , ""        , "  └─ Módulo adaptador ZAM MX"                                                                                                       , "20.0"     , "31.05"
"1504", "PO01501", "USD-COMPRA", "purchase", "PADRE"                                                                                                                              , ""         , ""
""    , ""       , ""          , ""        , "  └─ Placa HS2032 de 8 expandible a 32 zonas cableadas o inalambricas + Teclado HS2INC LCD a Icono"                                 , "10.0"     , "124.0"
""    , ""       , ""          , ""        , "  └─ MODULO EXPANSOR DE 8 ZONAS CABLEADAS NEO"                                                                                      , "15.0"     , "32.0"
""    , ""       , ""          , ""        , "  └─ Gabinete metalico P/PC 1832/1864 - DSC"                                                                                        , "12.0"     , "17.0"
""    , ""       , ""          , ""        , "  └─ Humo test"                                                                                                                     , "12.0"     , "18.0"
""    , ""       , ""          , ""        , "  └─ Teclado LCD Alfanumérico cableado NEO"                                                                                         , "1.0"      , "95.0"
"1498", "PO01495", "USD-COMPRA", "purchase", "PADRE"                                                                                                                              , ""         , ""
""    , ""       , ""          , ""        , "  └─ Teclado LCD Alfanumérico cableado NEO"                                                                                         , "2.0"      , "95.0"
""    , ""       , ""          , ""        , "  └─ REPETIDOR INALAMB POWERG NEO"                                                                                                  , "6.0"      , "115.0"
"1497", "PO01494", "USD-COMPRA", "purchase", "PADRE"                                                                                                                              , ""         , ""
""    , ""       , ""          , ""        , "  └─ Escritorio Operativo"                                                                                                          , "1.0"      , "193.5"
""    , ""       , ""          , ""        , "  └─ Cajonera Rodante"                                                                                                              , "1.0"      , "189.0"
"1495", "PO01492", "USD-COMPRA", "purchase", "PADRE"                                                                                                                              , ""         , ""
""    , ""       , ""          , ""        , "  └─ Separador Electrico SuperTag SENSORMATIC"                                                                                      , "1.0"      , "243.04"
"1493", "PO01490", "USD-COMPRA", "purchase", "PADRE"                                                                                                                              , ""         , ""
""    , ""       , ""          , ""        , "  └─ UPS VERTIV PSL 1500VA PSL1500BX-230"                                                                                           , "1.0"      , "220.0"
"1492", "PO01489", "USD-COMPRA", "purchase", "PADRE"                                                                                                                              , ""         , ""
""    , ""       , ""          , ""        , "  └─ Software - Hotelería inteligente inalámbrica"                                                                                  , "10.0"     , "7.0"
"1490", "PO01487", "USD-COMPRA", "purchase", "PADRE"                                                                                                                              , ""         , ""
""    , ""       , ""          , ""        , "  └─ DISCO DURO 8TB PURPLE - WESTER DIGITAL"                                                                                        , "5.0"      , "226.57"
"1489", "PO01486", "USD-COMPRA", "purchase", "PADRE"                                                                                                                              , ""         , ""
""    , ""       , ""          , ""        , "  └─ IR SAFER - 8.5H x 6.0W x 0.9D inch  Transparente - Invue"                                                                      , "100.0"    , "6.55"
""    , ""       , ""          , ""        , "  └─ Placa adhesiva Super LSE 58mm x 92mm  INVUE"                                                                                   , "100.0"    , "5.98"
""    , ""       , ""          , ""        , "  └─ Base para NE150 (Soporte para tablet)  Negro - Invue"                                                                          , "2.0"      , "122.55"
""    , ""       , ""          , ""        , "  └─ Mango para NE150 (Soporte para tablet) con USB-C  Negro - Invue"                                                               , "2.0"      , "58.7"
""    , ""       , ""          , ""        , "  └─ Fuente de Alimentación de 24 V/2 A - Invue"                                                                                    , "2.0"      , "27.35"
""    , ""       , ""          , ""        , "  └─ Llave de desactivacion IR4 INVUE"                                                                                              , "30.0"     , "59.75"
""    , ""       , ""          , ""        , "  └─ Estación de de carga - InVue"                                                                                                  , "5.0"      , "39.4"
""    , ""       , ""          , ""        , "  └─ Cable de Carga Individual IR4 Cable de Comunicación y Alimentación - InVue"                                                    , "10.0"     , "19.25"
""    , ""       , ""          , ""        , "  └─ Estación de Carga IR4 8 - InVue"                                                                                               , "2.0"      , "61.3"
""    , ""       , ""          , ""        , "  └─ Brazo recto -1.5IN (38MM)"                                                                                                     , "100.0"    , "1.14"
"1488", "PO01485", "USD-COMPRA", "purchase", "PADRE"                                                                                                                              , ""         , ""
""    , ""       , ""          , ""        , "  └─ Contacto magnético de metal  NC  NO. Con soporte tipo L."                                                                      , "150.0"    , "5.05"
""    , ""       , ""          , ""        , "  └─ Detector de Humo Calor fotoeléctrico de 2 cables"                                                                              , "200.0"    , "5.0"
""    , ""       , ""          , ""        , "  └─ Pulsador manual de incendio convencional "                                                                                     , "150.0"    , "4.5"
""    , ""       , ""          , ""        , "  └─ Detector termovelocimétrico de 2 hilos "                                                                                       , "800.0"    , "5.3"
""    , ""       , ""          , ""        , "  └─ Detector termovelocimétrico"                                                                                                   , "1500.0"   , "5.9"
""    , ""       , ""          , ""        , "  └─ Detector de Humo Calor SD218"                                                                                                  , "300.0"    , "4.5"
""    , ""       , ""          , ""        , "  └─ Detector de Humo Calor de 4 hilos sin UL"                                                                                      , "3500.0"   , "6.2"
""    , ""       , ""          , ""        , "  └─ Detector humo calor de 2 hilos con UL"                                                                                         , "1000.0"   , "6.9"
""    , ""       , ""          , ""        , "  └─ Detector de Humo Calor con UL SV"                                                                                              , "500.0"    , "8.2"
"1487", "PO01484", "USD-COMPRA", "purchase", "PADRE"                                                                                                                              , ""         , ""
""    , ""       , ""          , ""        , "  └─ PEDESTAL AM - PRIMARIO"                                                                                                        , "30.0"     , "95.0"
""    , ""       , ""          , ""        , "  └─ PEDESTAL AM - SECUNDARIO"                                                                                                      , "30.0"     , "95.0"
""    , ""       , ""          , ""        , "  └─ SEPARADOR MANUAL MAGNETICO - 8000 GAUSS"                                                                                       , "120.0"    , "11.0"
""    , ""       , ""          , ""        , "  └─ SEPARADOR MANUAL TIPO SUPERTAG MK225"                                                                                          , "20.0"     , "14.0"
""    , ""       , ""          , ""        , "  └─ Safer 20cm*11cm*08cm"                                                                                                          , "100.0"    , "1.64"
"1484", "PO01481", "USD-COMPRA", "purchase", "PADRE"                                                                                                                              , ""         , ""
""    , ""       , ""          , ""        , "  └─ Panel Asenware 4 Zonas "                                                                                                       , "1.0"      , "210.0"
""    , ""       , ""          , ""        , "  └─ Panel Asenware 8 Zonas "                                                                                                       , "1.0"      , "250.0"
"1483", "PO01480", "USD-COMPRA", "purchase", "PADRE"                                                                                                                              , ""         , ""
""    , ""       , ""          , ""        , "  └─ UPS 1000 V.A. PSL100BX-230"                                                                                                    , "1.0"      , "128.18"
"1469", "PO01466", "USD-COMPRA", "purchase", "PADRE"                                                                                                                              , ""         , ""
""    , ""       , ""          , ""        , "  └─ Panel de control Direccionable (250 Direcciones) MX"                                                                           , "2.0"      , "499.91"
"1468", "PO01465", "USD-COMPRA", "purchase", "PADRE"                                                                                                                              , ""         , ""
""    , ""       , ""          , ""        , "  └─ DISCO DURO 1TB SURVEILLANCE - SEAGATE"                                                                                         , "5.0"      , "40.0"
""    , ""       , ""          , ""        , "  └─ DISCO DURO 2TB SURVEILLANCE - SEAGATE"                                                                                         , "5.0"      , "56.61"
"1467", "PO01464", "USD-COMPRA", "purchase", "PADRE"                                                                                                                              , ""         , ""
""    , ""       , ""          , ""        , "  └─ Nas Asustor AS6510T"                                                                                                           , "1.0"      , "1446.15"
"1463", "PO01460", "USD-COMPRA", "purchase", "PADRE"                                                                                                                              , ""         , ""
""    , ""       , ""          , ""        , "  └─ DISCO DURO 8TB SKYHAW AI - SEAGATE"                                                                                            , "8.0"      , "195.0"
"1462", "PO01459", "USD-COMPRA", "purchase", "PADRE"                                                                                                                              , ""         , ""
""    , ""       , ""          , ""        , "  └─ DISCO DURO 18TB PURPLE - WESTER DIGITAL"                                                                                       , "6.0"      , "492.274"
"1459", "PO01456", "USD-COMPRA", "purchase", "PADRE"                                                                                                                              , ""         , ""
""    , ""       , ""          , ""        , "  └─ Etiqueta Adhesiva AM SENSORMATIC (VPL)"                                                                                        , "1000000.0", "0.01298"
""    , ""       , ""          , ""        , "  └─ Pedestal Synergy Secundario 2.5   Gris - Sensormatic"                                                                          , "10.0"     , "750.41"
""    , ""       , ""          , ""        , "  └─ SS Cable - Sensormatic"                                                                                                        , "10.0"     , "28.34"
""    , ""       , ""          , ""        , "  └─ Pedestal Synergy Primario 2.5  Gris - Sensormatic"                                                                             , "10.0"     , "968.76"
""    , ""       , ""          , ""        , "  └─ Fuente para AMB2011 -  Sensormatic"                                                                                            , "30.0"     , "48.5355"
""    , ""       , ""          , ""        , "  └─ DESACTIVADOR ELECTRONICO AMB 2011 - SENSORMATIC"                                                                               , "50.0"     , "284.05"
""    , ""       , ""          , ""        , "  └─ Descuento Especial"                                                                                                            , "1.0"      , "-666.525"
"1451", "PO01448", "USD-COMPRA", "purchase", "PADRE"                                                                                                                              , ""         , ""
""    , ""       , ""          , ""        , "  └─ Sensor Dual Optico Termico FC460PH FIRECLASS"                                                                                  , "500.0"    , "25.63"
"1449", "PO01446", "USD-COMPRA", "purchase", "PADRE"                                                                                                                              , ""         , ""
""    , ""       , ""          , ""        , "  └─ CONTACTO MAG INAL LARGO AL  - DSC"                                                                                             , "3.0"      , "32.0"
"1448", "PO01445", "USD-COMPRA", "purchase", "PADRE"                                                                                                                              , ""         , ""
""    , ""       , ""          , ""        , "  └─ Placa NEO de 64 zonas"                                                                                                         , "1.0"      , "83.0"
""    , ""       , ""          , ""        , "  └─ Módulo transceptor Power NEO"                                                                                                  , "2.0"      , "97.0"
""    , ""       , ""          , ""        , "  └─ CONTACTO MAGNETICO INAL. NEO"                                                                                                  , "39.0"     , "32.0"
""    , ""       , ""          , ""        , "  └─ DETECTOR DE MOV. INAL.POWERG NEO"                                                                                              , "33.0"     , "53.0"
""    , ""       , ""          , ""        , "  └─ Botón de pánico inalámbrico Power NEO"                                                                                         , "31.0"     , "38.0"
""    , ""       , ""          , ""        , "  └─ Comunicador de alarma via ethernet neo - DSC"                                                                                  , "2.0"      , "120.0"
""    , ""       , ""          , ""        , "  └─ REPETIDOR INALAMB POWERG NEO"                                                                                                  , "4.0"      , "115.0"
"1444", "PO01441", "USD-COMPRA", "purchase", "PADRE"                                                                                                                              , ""         , ""
""    , ""       , ""          , ""        , "  └─ IoT  Ent LTSC SSD  8GB RAM  2 5 GbE Dual Integrado"                                                                            , "1.0"      , "4855.5"
"1441", "PO01438", "USD-COMPRA", "purchase", "PADRE"                                                                                                                              , ""         , ""
""    , ""       , ""          , ""        , "  └─ Transformador 220-16. 5V 4A"                                                                                                   , "10.0"     , "10.0"
"1431", "PO01428", "USD-COMPRA", "purchase", "PADRE"                                                                                                                              , ""         , ""
""    , ""       , ""          , ""        , "  └─ Etiqueta Adhesiva AM SENSORMATIC (LAP)"                                                                                        , "501200.0" , "0.00931"
""    , ""       , ""          , ""        , "  └─ Descuento Especial"                                                                                                            , "1.0"      , "-4.862"
"1430", "PO01427", "USD-COMPRA", "purchase", "PADRE"                                                                                                                              , ""         , ""
""    , ""       , ""          , ""        , "  └─ Placa HS2032 de 8 expandible a 32 zonas cableadas o inalambricas + Teclado HS2INC LCD a Icono"                                 , "10.0"     , "122.0"
""    , ""       , ""          , ""        , "  └─ MODULO EXPANSOR DE 8 ZONAS CABLEADAS NEO"                                                                                      , "17.0"     , "33.0"
""    , ""       , ""          , ""        , "  └─ Teclado LCD Alfanumérico cableado NEO"                                                                                         , "2.0"      , "95.0"
""    , ""       , ""          , ""        , "  └─ Gabinete metalico P/PC 1832/1864 - DSC"                                                                                        , "7.0"      , "17.0"
""    , ""       , ""          , ""        , "  └─ Placa NEO de 64 zonas"                                                                                                         , "1.0"      , "83.0"
"1429", "PO01426", "USD-COMPRA", "purchase", "PADRE"                                                                                                                              , ""         , ""
""    , ""       , ""          , ""        , "  └─ CABLE UTP CAT6 INTERIOR AZUL - LANPRO"                                                                                         , "1220.0"   , "0.43935"
"1424", "PO01421", "USD-COMPRA", "purchase", "PADRE"                                                                                                                              , ""         , ""
""    , ""       , ""          , ""        , "  └─ Detector termovelocimétrico de 2 hilos "                                                                                       , "250.0"    , "6.3"
""    , ""       , ""          , ""        , "  └─ Detector termovelocimétrico"                                                                                                   , "500.0"    , "5.9"
""    , ""       , ""          , ""        , "  └─ Detector humo calor de 2 hilos con UL"                                                                                         , "2000.0"   , "6.9"
""    , ""       , ""          , ""        , "  └─ Detector de Humo Calor con UL SV"                                                                                              , "4000.0"   , "8.2"
""    , ""       , ""          , ""        , "  └─ Detector de Humo Calor de 4 hilos sin UL"                                                                                      , "500.0"    , "6.2"
""    , ""       , ""          , ""        , "  └─ Detector de Humo de 4 hilos auto reset"                                                                                        , "50.0"     , "7.5"
"1422", "PO01419", "USD-COMPRA", "purchase", "PADRE"                                                                                                                              , ""         , ""
""    , ""       , ""          , ""        , "  └─ CABLE UTP CAT 6 INTERIOR GRIS - Furukawua"                                                                                     , "3050.0"   , "0.546"
"1421", "PO01418", "USD-COMPRA", "purchase", "PADRE"                                                                                                                              , ""         , ""
""    , ""       , ""          , ""        , "  └─ Teclado Lcd Iconos Cableados NEO con Proximidad"                                                                               , "1.0"      , "77.0"
"1415", "PO01412", "USD-COMPRA", "purchase", "PADRE"                                                                                                                              , ""         , ""
""    , ""       , ""          , ""        , "  └─ Separador Electrico SuperTag SENSORMATIC"                                                                                      , "2.0"      , "257.74"
"1414", "PO01411", "USD-COMPRA", "purchase", "PADRE"                                                                                                                              , ""         , ""
""    , ""       , ""          , ""        , "  └─ Notebook Asus R3 M515DA-BR929T/15.6/4/128"                                                                                     , "1.0"      , "285.45"
"1413", "PO01410", "USD-COMPRA", "purchase", "PADRE"                                                                                                                              , ""         , ""
""    , ""       , ""          , ""        , "  └─ Notebook Asus R3 M515DA-BR929T/15.6/4/128"                                                                                     , "1.0"      , "279.75"
"1412", "PO01409", "USD-COMPRA", "purchase", "PADRE"                                                                                                                              , ""         , ""
""    , ""       , ""          , ""        , "  └─ Monitor Acer 24` FHD VGA/HDMI"                                                                                                 , "1.0"      , "90.91"
""    , ""       , ""          , ""        , "  └─ Monitor Acer 24` FHD VGA/HDMI"                                                                                                 , "1.0"      , "90.91"
"1411", "PO01408", "USD-COMPRA", "purchase", "PADRE"                                                                                                                              , ""         , ""
""    , ""       , ""          , ""        , "  └─ Placa HS2032 de 8 expandible a 32 zonas cableadas o inalambricas + Teclado HS2INC LCD a Icono"                                 , "7.0"      , "115.0"
""    , ""       , ""          , ""        , "  └─ MODULO EXPANSOR DE 8 ZONAS CABLEADAS NEO"                                                                                      , "10.0"     , "32.0"
"1407", "PO01404", "USD-COMPRA", "purchase", "PADRE"                                                                                                                              , ""         , ""
""    , ""       , ""          , ""        , "  └─ Filtro de Repuesto Para Sistema Vesda - Xtralis"                                                                               , "1.0"      , "739.61"
"1406", "PO01403", "USD-COMPRA", "purchase", "PADRE"                                                                                                                              , ""         , ""
""    , ""       , ""          , ""        , "  └─ Separador Eléctrico para Etiquetas Duras - Sensormatic"                                                                        , "6.0"      , "464.98"
"1403", "PO01400", "USD-COMPRA", "purchase", "PADRE"                                                                                                                              , ""         , ""
""    , ""       , ""          , ""        , "  └─ Mesa de Trabajo Haworth  Linea Tibas"                                                                                          , "2.0"      , "1021.5"
"1396", "PO01393", "USD-COMPRA", "purchase", "PADRE"                                                                                                                              , ""         , ""
""    , ""       , ""          , ""        , "  └─ Pedestal Ultra 1.8 Primario SENSORMATIC"                                                                                       , "20.0"     , "575.16"
""    , ""       , ""          , ""        , "  └─ Pedestal Ultra 1.8 Secundario SENSORMATIC"                                                                                     , "15.0"     , "304.83"
"1394", "PO01391", "USD-COMPRA", "purchase", "PADRE"                                                                                                                              , ""         , ""
""    , ""       , ""          , ""        , "  └─ Anunciador Remoto SIMPLEX p/ 4010ES"                                                                                           , "2.0"      , "266.54"
""    , ""       , ""          , ""        , "  └─ HARNESS PWER+COMMS 4100"                                                                                                       , "3.0"      , "16.9"
""    , ""       , ""          , ""        , "  └─ Harness Assy Audio 4100 - Simplex"                                                                                             , "2.0"      , "21.64"
""    , ""       , ""          , ""        , "  └─ Sensor de temperatura Direccionado TV IDNET "                                                                                  , "55.0"     , "12.32"
""    , ""       , ""          , ""        , "  └─ Modulo repetidor IDNET"                                                                                                        , "1.0"      , "199.66"
""    , ""       , ""          , ""        , "  └─ LLave `B` cerrado"                                                                                                             , "20.0"     , "2.75"
""    , ""       , ""          , ""        , "  └─ Instrumento de Medición IDNET/IDNAC"                                                                                           , "1.0"      , "1418.44"
""    , ""       , ""          , ""        , "  └─ Módulo de Seis Puntos IDNET"                                                                                                   , "10.0"     , "57.83"
"1392", "PO01389", "USD-COMPRA", "purchase", "PADRE"                                                                                                                              , ""         , ""
""    , ""       , ""          , ""        , "  └─ PEDESTAL AM - PRIMARIO"                                                                                                        , "35.0"     , "95.0"
""    , ""       , ""          , ""        , "  └─ PEDESTAL AM - SECUNDARIO"                                                                                                      , "35.0"     , "95.0"
""    , ""       , ""          , ""        , "  └─ PEDESTAL RF - MONO"                                                                                                            , "10.0"     , "135.0"
""    , ""       , ""          , ""        , "  └─ DESACTIVADOR ELECTRONICO 230V/50HZ"                                                                                            , "102.0"    , "68.62745"
""    , ""       , ""          , ""        , "  └─ ETIQUETA AM 16MM"                                                                                                              , "50000.0"  , "0.0738"
""    , ""       , ""          , ""        , "  └─ TACHUELA AM 16MM"                                                                                                              , "90000.0"  , "0.0048"
""    , ""       , ""          , ""        , "  └─ SEPARADOR MANUAL MAGNETICO - 8000 GAUSS"                                                                                       , "150.0"    , "11.0"
""    , ""       , ""          , ""        , "  └─ SEPARADOR MANUAL TIPO SUPERTAG MK225"                                                                                          , "15.0"     , "14.0"
"1391", "PO01388", "USD-COMPRA", "purchase", "PADRE"                                                                                                                              , ""         , ""
""    , ""       , ""          , ""        , "  └─ Humo test"                                                                                                                     , "20.0"     , "18.0"
"1387", "PO01384", "USD-COMPRA", "purchase", "PADRE"                                                                                                                              , ""         , ""
""    , ""       , ""          , ""        , "  └─ CABLE UTP CAT6 INTERIOR GRIS - LANPRO"                                                                                         , "305.0"    , "0.43934"
"1386", "PO01383", "USD-COMPRA", "purchase", "PADRE"                                                                                                                              , ""         , ""
""    , ""       , ""          , ""        , "  └─ UPS VERTIV PSL 1500VA PSL1500BX-230"                                                                                           , "1.0"      , "240.0"
"1382", "PO01379", "USD-COMPRA", "purchase", "PADRE"                                                                                                                              , ""         , ""
""    , ""       , ""          , ""        , "  └─ TECLADO ALFANUMERICO CON PROXIMIDAD"                                                                                           , "1.0"      , "96.0"
"1379", "PO01376", "USD-COMPRA", "purchase", "PADRE"                                                                                                                              , ""         , ""
""    , ""       , ""          , ""        , "  └─ Placa HS2032 de 8 expandible a 32 zonas cableadas o inalambricas + Teclado HS2INC LCD a Icono"                                 , "5.0"      , "115.0"
""    , ""       , ""          , ""        , "  └─ Gabinete metalico P/PC 1832/1864 - DSC"                                                                                        , "10.0"     , "17.0"
""    , ""       , ""          , ""        , "  └─ Humo test"                                                                                                                     , "12.0"     , "18.0"
""    , ""       , ""          , ""        , "  └─ MODULO EXPANSOR DE 8 ZONAS CABLEADAS NEO"                                                                                      , "5.0"      , "32.0"
"1376", "PO01373", "USD-COMPRA", "purchase", "PADRE"                                                                                                                              , ""         , ""
""    , ""       , ""          , ""        , "  └─ Barreras Detector IR 30m ZUDSEC"                                                                                               , "50.0"     , "19.5"
""    , ""       , ""          , ""        , "  └─ Teclado Multifuncion standalone con luz azul ZUDSEC"                                                                           , "14.0"     , "8.9"
""    , ""       , ""          , ""        , "  └─ Controlador de acceso estandar Impermeable ZUDSEC"                                                                             , "37.0"     , "19.9"
""    , ""       , ""          , ""        , "  └─ Controlador de apertura de garaje WIFI - ZUDSEC"                                                                               , "26.0"     , "11.5"
""    , ""       , ""          , ""        , "  └─ Detector de movimiento inalámbrico"                                                                                            , "15.0"     , "5.49"
""    , ""       , ""          , ""        , "  └─ Fuente de 12v 20amper 18ch con gabinete y fusilera"                                                                            , "5.0"      , "24.9"
""    , ""       , ""          , ""        , "  └─ Sirena Audiovisual Incendio 3 tonos 110dB 12V ZUDSEC"                                                                          , "54.0"     , "5.98"
""    , ""       , ""          , ""        , "  └─ Tag de proximidad Mifare"                                                                                                      , "200.0"    , "0.29"
""    , ""       , ""          , ""        , "  └─ Tarjeta de proximidad tipo llavero EM ZUDSEC"                                                                                  , "100.0"    , "0.25"
""    , ""       , ""          , ""        , "  └─ Tarjeta de proximidad EM 125KHz Delgada"                                                                                       , "2000.0"   , "0.18"
""    , ""       , ""          , ""        , "  └─ Tarjeta de proximidad EM 125KHz gruesa"                                                                                        , "500.0"    , "0.18"
""    , ""       , ""          , ""        , "  └─ Transformador 220v 16 5v 2amper ZUDSEC"                                                                                        , "100.0"    , "3.45"
""    , ""       , ""          , ""        , "  └─ Cámara PTZ exterior 4G con panel solar integrado 2.0MP  - Zudsec"                                                              , "25.0"     , "59.9"
""    , ""       , ""          , ""        , "  └─ Fuente de 12v 20amper 18ch con gabinete y fusilera"                                                                            , "1.0"      , "26.9"
""    , ""       , ""          , ""        , "  └─ Controlador de Acceso RFID huella/tarjeta/contraseña"                                                                          , "1.0"      , "22.5"
""    , ""       , ""          , ""        , "  └─ Sirena Estroboscópica Exterior con Entrada de Audio - ZUDSEC"                                                                  , "1.0"      , "16.0"
""    , ""       , ""          , ""        , "  └─ Ajuste de precio"                                                                                                              , "1.0"      , "-65.4"
"1375", "PO01372", "USD-COMPRA", "purchase", "PADRE"                                                                                                                              , ""         , ""
""    , ""       , ""          , ""        , "  └─ Cable alarma para MacBook Blanco INVUE"                                                                                        , "30.0"     , "44.5"
""    , ""       , ""          , ""        , "  └─ L430  LONG LATCH INVUE"                                                                                                        , "20.0"     , "58.15"
""    , ""       , ""          , ""        , "  └─ L410 INVUE"                                                                                                                    , "10.0"     , "58.15"
""    , ""       , ""          , ""        , "  └─ L410 Strike Plate  accesorio ancho  22 mm - 65 mm INVUE"                                                                       , "10.0"     , "6.85"
""    , ""       , ""          , ""        , "  └─ L440 Cerradura InVue para puertas de cristal abatibles"                                                                        , "30.0"     , "58.15"
""    , ""       , ""          , ""        , "  └─ L440 Kit accesorios de Fijación InVue"                                                                                         , "10.0"     , "5.7"
""    , ""       , ""          , ""        , "  └─ Adhesivos de reemplazo p/ sensores - INVUE"                                                                                    , "100.0"    , "1.4825"
""    , ""       , ""          , ""        , "  └─ TRIM RING FOR L430 - INVUE"                                                                                                    , "25.0"     , "3.66"
"1374", "PO01371", "USD-COMPRA", "purchase", "PADRE"                                                                                                                              , ""         , ""
""    , ""       , ""          , ""        , "  └─ L440 Kit de Montaje para vidrios InVue"                                                                                        , "35.0"     , "12.5"
""    , ""       , ""          , ""        , "  └─ Mango para NE150 (Soporte para tablet) con USB-C  Negro - Invue"                                                               , "9.0"      , "58.7"
""    , ""       , ""          , ""        , "  └─ Base para NE150 (Soporte para tablet)  Negro - Invue"                                                                          , "9.0"      , "122.55"
""    , ""       , ""          , ""        , "  └─ Fuente de Alimentación de 24 V/2 A - Invue"                                                                                    , "9.0"      , "27.35"
""    , ""       , ""          , ""        , "  └─ CAM LOCK - WHITE INVUE"                                                                                                        , "25.0"     , "54.75"
""    , ""       , ""          , ""        , "  └─ Brazo recto -1.5IN (38MM)"                                                                                                     , "25.0"     , "1.14"
"1370", "PO01367", "USD-COMPRA", "purchase", "PADRE"                                                                                                                              , ""         , ""
""    , ""       , ""          , ""        , "  └─ CONTACTO MAGNETICO INAL. NEO"                                                                                                  , "5.0"      , "32.0"
"1364", "PO01361", "USD-COMPRA", "purchase", "PADRE"                                                                                                                              , ""         , ""
""    , ""       , ""          , ""        , "  └─ Separador Eléctrico para Etiquetas Duras - Sensormatic"                                                                        , "6.0"      , "237.5598"
"1363", "PO01360", "USD-COMPRA", "purchase", "PADRE"                                                                                                                              , ""         , ""
""    , ""       , ""          , ""        , "  └─ Placa de Control Neo - DSC"                                                                                                    , "4.0"      , "60.0"
""    , ""       , ""          , ""        , "  └─ Teclado LCD iconos cableados NEO - DSC"                                                                                        , "4.0"      , "55.0"
""    , ""       , ""          , ""        , "  └─ Kit panel + teclado -DSC"                                                                                                      , "3.0"      , "97.0"
"1359", "PO01356", "USD-COMPRA", "purchase", "PADRE"                                                                                                                              , ""         , ""
""    , ""       , ""          , ""        , "  └─ Conector USB Alámbrico (Dongle) para Monitor Interactivo - UNV"                                                                , "1.0"      , "50.0"
"1351", "PO01348", "USD-COMPRA", "done"    , "PADRE"                                                                                                                              , ""         , ""
""    , ""       , ""          , ""        , "  └─ Etiqueta Focus 2.6 GL111  Ng/Rj/Bl (Carcasa Blanca) Imagotag"                                                                  , "1360.0"   , "7.33"
""    , ""       , ""          , ""        , "  └─ Clip Universal Adhesivo (1 6` - 2 9`) - Imagotag"                                                                              , "1250.0"   , "0.88"
""    , ""       , ""          , ""        , "  └─ Clip Horizontal a Presión Universal - Imagotag"                                                                                , "150.0"    , "0.88"
""    , ""       , ""          , ""        , "  └─ Herramienta para Remover Etiquetas Imagotag"                                                                                   , "10.0"     , "4.46"
""    , ""       , ""          , ""        , "  └─ V-Gate Access Point (Punto de Acceso)  Incluye Kit de Montaje  Cobertura hasta 500 mts2 - Imagotag"                            , "1.0"      , "299.48"
"1350", "PO01347", "USD-COMPRA", "purchase", "PADRE"                                                                                                                              , ""         , ""
""    , ""       , ""          , ""        , "  └─ DISCO DURO 8TB PURPLE - WESTER DIGITAL"                                                                                        , "1.0"      , "193.0"
"1347", "PO01344", "USD-COMPRA", "purchase", "PADRE"                                                                                                                              , ""         , ""
""    , ""       , ""          , ""        , "  └─ TARJETA DE MEMORIA MICRO SD 32GB"                                                                                              , "20.0"     , "4.02"
""    , ""       , ""          , ""        , "  └─ Micro SD 64GB"                                                                                                                 , "9.0"      , "5.12"
"1345", "PO01342", "USD-COMPRA", "purchase", "PADRE"                                                                                                                              , ""         , ""
""    , ""       , ""          , ""        , "  └─ RECEPTOR WIRELESS DSC"                                                                                                         , "1.0"      , "48.0"
""    , ""       , ""          , ""        , "  └─ CONTACTO MAGNETICO INALAMBRICO CON INTERRUPTOR DSC"                                                                            , "5.0"      , "27.0"
""    , ""       , ""          , ""        , "  └─ DETECTOR INFRARROJO INALAMBRICO DSC"                                                                                           , "1.0"      , "35.0"
""    , ""       , ""          , ""        , "  └─ Placa HS2032 de 8 expandible a 32 zonas cableadas o inalambricas + Teclado HS2INC LCD a Icono"                                 , "3.0"      , "115.0"
""    , ""       , ""          , ""        , "  └─ Gabinete metalico P/PC 1832/1864 - DSC"                                                                                        , "5.0"      , "17.0"
"1340", "PO01337", "USD-COMPRA", "purchase", "PADRE"                                                                                                                              , ""         , ""
""    , ""       , ""          , ""        , "  └─ Tarjeta de Proximidad II 26bit HID"                                                                                            , "300.0"    , "2.15"
"1338", "PO01335", "USD-COMPRA", "purchase", "PADRE"                                                                                                                              , ""         , ""
""    , ""       , ""          , ""        , "  └─ Separador de etiqueta Sonar Snap tag"                                                                                          , "3.0"      , "108.416"
"1333", "PO01330", "USD-COMPRA", "purchase", "PADRE"                                                                                                                              , ""         , ""
""    , ""       , ""          , ""        , "  └─ Separador Electrico SuperTag SENSORMATIC"                                                                                      , "1.0"      , "257.7392"
"1323", "PO01320", "USD-COMPRA", "purchase", "PADRE"                                                                                                                              , ""         , ""
""    , ""       , ""          , ""        , "  └─ Llave de desactivacion IR4 INVUE"                                                                                              , "2.0"      , "63.34"
""    , ""       , ""          , ""        , "  └─ Estación administradora - OneKey InVue"                                                                                        , "1.0"      , "318.8"
""    , ""       , ""          , ""        , "  └─ Estación de de carga - InVue"                                                                                                  , "1.0"      , "45.31"
""    , ""       , ""          , ""        , "  └─ Base para NE150 (Soporte para tablet)  Negro - Invue"                                                                          , "1.0"      , "129.9"
""    , ""       , ""          , ""        , "  └─ Mango para NE150 (Soporte para tablet) con USB-C  Negro - Invue"                                                               , "1.0"      , "62.22"
""    , ""       , ""          , ""        , "  └─ Fuente de Alimentación de 24 V/2 A - Invue"                                                                                    , "1.0"      , "31.45"
""    , ""       , ""          , ""        , "  └─ Llave magnética de bloqueo OnePOD - INVUE"                                                                                     , "1.0"      , "13.17"
""    , ""       , ""          , ""        , "  └─ Cable conector USB-C a conector USB-A - 0 5 m - Invue"                                                                         , "1.0"      , "6.5"
"1315", "PO01312", "USD-COMPRA", "purchase", "PADRE"                                                                                                                              , ""         , ""
""    , ""       , ""          , ""        , "  └─ Gabinete metalico P/PC 1832/1864 - DSC"                                                                                        , "5.0"      , "17.0"
""    , ""       , ""          , ""        , "  └─ MODULO EXPANSOR DE 8 ZONAS CABLEADAS NEO"                                                                                      , "5.0"      , "32.0"
""    , ""       , ""          , ""        , "  └─ Humo test"                                                                                                                     , "10.0"     , "18.0"
"1314", "PO01311", "USD-COMPRA", "purchase", "PADRE"                                                                                                                              , ""         , ""
""    , ""       , ""          , ""        , "  └─ UPS VERTIV PSL 1500VA PSL1500BX-230"                                                                                           , "5.0"      , "240.0"
"1313", "PO01310", "USD-COMPRA", "purchase", "PADRE"                                                                                                                              , ""         , ""
""    , ""       , ""          , ""        , "  └─ DISCO DURO 18TB PURPLE - WESTER DIGITAL"                                                                                       , "5.0"      , "500.0"
"1307", "PO01304", "USD-COMPRA", "purchase", "PADRE"                                                                                                                              , ""         , ""
""    , ""       , ""          , ""        , "  └─ Gabinete metalico P/PC 1832/1864 - DSC"                                                                                        , "5.0"      , "17.0"
""    , ""       , ""          , ""        , "  └─ Kit panel + teclado -DSC"                                                                                                      , "2.0"      , "98.0"
""    , ""       , ""          , ""        , "  └─ Placa HS2032 de 8 expandible a 32 zonas cableadas o inalambricas + Teclado HS2INC LCD a Icono"                                 , "3.0"      , "115.0"
""    , ""       , ""          , ""        , "  └─ Humo test"                                                                                                                     , "12.0"     , "18.0"
"1299", "PO01296", "USD-COMPRA", "purchase", "PADRE"                                                                                                                              , ""         , ""
""    , ""       , ""          , ""        , "  └─ Cámara Ojo de Pez IP de 5MP. WizMind. Infrarrojo hasta 10 metros. Mapa de calor  Ranura para microSD. Entrada de audio/alarma.", "11.0"     , "123.13"
""    , ""       , ""          , ""        , "  └─ Cámara IP tipo Domo 4MP - Micrófono Incorporado"                                                                               , "34.0"     , "48.3"
""    , ""       , ""          , ""        , "  └─ NVR 32 canales 1U 2HDD 16PoE"                                                                                                  , "2.0"      , "189.66"
""    , ""       , ""          , ""        , "  └─ Descuento Especial"                                                                                                            , "-1.0"     , "0.01"
"1296", "PO01293", "USD-COMPRA", "purchase", "PADRE"                                                                                                                              , ""         , ""
""    , ""       , ""          , ""        , "  └─ Cerradura inteligente Schlage con WiFi  níquel satinado con acabado Greenwich  Allegion"                                       , "1.0"      , "265.13"
""    , ""       , ""          , ""        , "  └─ Manija de puerta  cerradura de paso para pasillo - Allegion"                                                                   , "1.0"      , "27.38"
"1295", "PO01292", "USD-COMPRA", "purchase", "PADRE"                                                                                                                              , ""         , ""
""    , ""       , ""          , ""        , "  └─ CABLE UTP CAT 6 INTERIOR GRIS - Furukawua"                                                                                     , "1525.0"   , "0.56161"
""    , ""       , ""          , ""        , "  └─ CABLE UTP CAT 6 INTERIOR GRIS - Furukawua"                                                                                     , "2440.0"   , "0.56161"
""    , ""       , ""          , ""        , "  └─ CABLE UTP CAT 6 INTERIOR GRIS - Furukawua"                                                                                     , "1220.0"   , "0.56161"
"1292", "PO01289", "USD-COMPRA", "purchase", "PADRE"                                                                                                                              , ""         , ""
""    , ""       , ""          , ""        , "  └─ Placa de Control Neo - DSC"                                                                                                    , "1.0"      , "64.0"
""    , ""       , ""          , ""        , "  └─ TECLADO ALFANUMERICO CON PROXIMIDAD"                                                                                           , "1.0"      , "95.0"
"1284", "PO01281", "USD-COMPRA", "purchase", "PADRE"                                                                                                                              , ""         , ""
""    , ""       , ""          , ""        , "  └─ Gabinete metalico P/PC 1832/1864 - DSC"                                                                                        , "4.0"      , "17.0"
"1282", "PO01279", "USD-COMPRA", "purchase", "PADRE"                                                                                                                              , ""         , ""
""    , ""       , ""          , ""        , "  └─ Cerradura inteligente Schlage con WiFi  níquel satinado con acabado Century  Allegion"                                         , "2.0"      , "291.38"
""    , ""       , ""          , ""        , "  └─ Exhibidor Allegion - Marrón Grande"                                                                                            , "1.0"      , "25.0"
""    , ""       , ""          , ""        , "  └─ Exhibidor Allegion - Marrón Chico"                                                                                             , "2.0"      , "25.0"
"1281", "PO01278", "USD-COMPRA", "purchase", "PADRE"                                                                                                                              , ""         , ""
""    , ""       , ""          , ""        , "  └─ Etiqueta Vusion 1.6 Negro Blanco Rojo GL440 Gris oscuro"                                                                       , "2.0"      , "6.74"
""    , ""       , ""          , ""        , "  └─ Etiqueta Vusion 2.2 Negro Blanco Rojo GL440 Gris oscuro"                                                                       , "3.0"      , "7.37"
""    , ""       , ""          , ""        , "  └─ Etiqueta Vusion 2.6 Negro Blanco Rojo GL440 Gris oscuro"                                                                       , "3.0"      , "7.98"
""    , ""       , ""          , ""        , "  └─ Etiqueta Vusion 4.2 Negro Blanco Rojo GL440 Gris oscuro"                                                                       , "3.0"      , "16.57"
""    , ""       , ""          , ""        , "  └─ Etiqueta Vusion 2.6 Negro Blanco Rojo GU140 Blanco"                                                                            , "2.0"      , "7.73"
""    , ""       , ""          , ""        , "  └─ Etiqueta Vusion 4.2 Negro Blanco Rojo GU140 Blanco"                                                                            , "2.0"      , "16.3"
""    , ""       , ""          , ""        , "  └─ Etiqueta Vusion 2.2 Negro Blanco GL440 Gris oscuro / Blanco"                                                                   , "1.0"      , "8.49"
""    , ""       , ""          , ""        , "  └─ Etiqueta Vusion 2.6 Negro Blanco GL440 Gris oscuro / Blanco"                                                                   , "1.0"      , "9.17"
""    , ""       , ""          , ""        , "  └─ Etiqueta Vusion 2.6 Negro Blanco Rojo GU1402 Gris oscuro"                                                                      , "1.0"      , "10.36"
""    , ""       , ""          , ""        , "  └─ Vusion Riel R6 estándar L1210mm - Transparente"                                                                                , "1.0"      , "2.27"
""    , ""       , ""          , ""        , "  └─ Rail R6 Arasé with adhesive L90mm (transparent)"                                                                               , "1.0"      , "2.57"
""    , ""       , ""          , ""        , "  └─ Vusion gancho adaptador tipo clavija de 3 posiciones"                                                                          , "1.0"      , "0.57"
""    , ""       , ""          , ""        , "  └─ Vusion Gancho L - Horizontal"                                                                                                  , "1.0"      , "0.51"
""    , ""       , ""          , ""        , "  └─ Vusion Gancho para clavija Placa cuadrada - 7mm"                                                                               , "1.0"      , "0.13"
""    , ""       , ""          , ""        , "  └─ Vusion Gancho para clavija Placa cuadrada - 18 mm"                                                                             , "1.0"      , "0.13"
""    , ""       , ""          , ""        , "  └─ Clip Universal Adhesivo (1 6` - 2 9`) - Imagotag"                                                                              , "1.0"      , "0.88"
""    , ""       , ""          , ""        , "  └─ Vusion Placa adaptadora mediana - adhesiva (3 7` -4 5`)"                                                                       , "1.0"      , "1.21"
""    , ""       , ""          , ""        , "  └─ Vusion foostand small (transparent)"                                                                                           , "1.0"      , "0.15"
""    , ""       , ""          , ""        , "  └─ Vusion Soporte de mesa pequeño inclinable"                                                                                     , "1.0"      , "1.07"
""    , ""       , ""          , ""        , "  └─ Vusion Soporte de mesa mediano"                                                                                                , "1.0"      , "0.98"
""    , ""       , ""          , ""        , "  └─ Vusion Soporte de mesa grande"                                                                                                 , "1.0"      , "1.66"
""    , ""       , ""          , ""        , "  └─ Vusion Paquete de abrazaderas Scorpion - negro"                                                                                , "2.0"      , "3.28"
""    , ""       , ""          , ""        , "  └─ Vusion paquete de abrazaderas - transparente"                                                                                  , "3.0"      , "1.19"
"1280", "PO01277", "USD-COMPRA", "purchase", "PADRE"                                                                                                                              , ""         , ""
""    , ""       , ""          , ""        , "  └─ Nas Asustor AS5304T Cell 1.5/4bay/4gb/2-GBLAN/HDMI-AS5304T"                                                                    , "1.0"      , "602.39"
""    , ""       , ""          , ""        , "  └─ DISCO DURO 10TB SEAGATE IRONWOLF NAS 7200 256MB"                                                                               , "1.0"      , "275.0"
"1279", "PO01276", "USD-COMPRA", "purchase", "PADRE"                                                                                                                              , ""         , ""
""    , ""       , ""          , ""        , "  └─ Disco Duro 10tb  WD Purple Pro 3.5`"                                                                                           , "4.0"      , "256.0"
"1271", "PO01268", "USD-COMPRA", "purchase", "PADRE"                                                                                                                              , ""         , ""
""    , ""       , ""          , ""        , "  └─ MODULO EXPANSOR DE 8 ZONAS CABLEADAS NEO"                                                                                      , "5.0"      , "30.0"
"1270", "PO01267", "USD-COMPRA", "purchase", "PADRE"                                                                                                                              , ""         , ""
""    , ""       , ""          , ""        , "  └─ Kit panel + teclado -DSC"                                                                                                      , "3.0"      , "100.0"
"1269", "PO01266", "USD-COMPRA", "purchase", "PADRE"                                                                                                                              , ""         , ""
""    , ""       , ""          , ""        , "  └─ Placa NEO de 64 zonas"                                                                                                         , "1.0"      , "85.0"
""    , ""       , ""          , ""        , "  └─ MODULO EXPANSOR DE 8 ZONAS CABLEADAS NEO"                                                                                      , "1.0"      , "30.0"
""    , ""       , ""          , ""        , "  └─ TECLADO ALFANUMERICO CON PROXIMIDAD"                                                                                           , "1.0"      , "95.0"
"1268", "PO01265", "USD-COMPRA", "purchase", "PADRE"                                                                                                                              , ""         , ""
""    , ""       , ""          , ""        , "  └─ Juego de candados para portátil - Blanco"                                                                                      , "2.0"      , "76.85"
""    , ""       , ""          , ""        , "  └─ Riel blanco de 50 cm/19/75 pulgadas con ADH y montaje con perno HW Blanco"                                                     , "2.0"      , "22.4"
""    , ""       , ""          , ""        , "  └─ Sensor Zips Flex  Micro USB  Cable Enrollado Blanco"                                                                           , "2.0"      , "15.85"
"1266", "PO01263", "USD-COMPRA", "purchase", "PADRE"                                                                                                                              , ""         , ""
""    , ""       , ""          , ""        , "  └─ Etiqueta de punto de muestreo para Detectores de Humo por Aspiración"                                                          , "1.0"      , "18.85"
"1264", "PO01261", "USD-COMPRA", "purchase", "PADRE"                                                                                                                              , ""         , ""
""    , ""       , ""          , ""        , "  └─ TECLADO ALFANUMERICO CON PROXIMIDAD"                                                                                           , "2.0"      , "95.0"
"1263", "PO01260", "USD-COMPRA", "purchase", "PADRE"                                                                                                                              , ""         , ""
""    , ""       , ""          , ""        , "  └─ Módulo transceptor Power NEO"                                                                                                  , "1.0"      , "100.0"
""    , ""       , ""          , ""        , "  └─ MODULO EXPANSOR DE 8 ZONAS CABLEADAS NEO"                                                                                      , "10.0"     , "32.0"
""    , ""       , ""          , ""        , "  └─ Botón de pánico inalámbrico Power NEO"                                                                                         , "2.0"      , "40.0"
""    , ""       , ""          , ""        , "  └─ Modulo comunicador Internet/celular DSC"                                                                                       , "1.0"      , "240.0"
""    , ""       , ""          , ""        , "  └─ TECLADO ALFANUMERICO CON PROXIMIDAD"                                                                                           , "1.0"      , "95.0"
"1258", "PO01255", "USD-COMPRA", "purchase", "PADRE"                                                                                                                              , ""         , ""
""    , ""       , ""          , ""        , "  └─ Juego de candados para portátil - Negro"                                                                                       , "2.0"      , "71.55"
""    , ""       , ""          , ""        , "  └─ Riel negro de 40 cm/15 75 pulgadas con ADH y montaje con perno HW Black"                                                       , "2.0"      , "17.3"
""    , ""       , ""          , ""        , "  └─ Sensor Zips Flex  USB-C  Cable liso  2m Negro"                                                                                 , "2.0"      , "14.9"
""    , ""       , ""          , ""        , "  └─ Sensor Zips Flex  USB-C  Cable liso  2m Blanco"                                                                                , "1.0"      , "14.9"
""    , ""       , ""          , ""        , "  └─ Sensor Zips Flex  USB-C  cable híbrido  2m negro  parte en espiral  parte liso."                                               , "2.0"      , "15.8"
""    , ""       , ""          , ""        , "  └─ Cable de Seguridad IR  doble cara  15 x 45 cm.  AM  2 alarmas - Invue"                                                         , "2.0"      , "20.1"
""    , ""       , ""          , ""        , "  └─ Zips Recoiler Micro Plunger Sensor - White"                                                                                    , "2.0"      , "21.1"
""    , ""       , ""          , ""        , "  └─ Sensor Ajustable - Blanco"                                                                                                     , "2.0"      , "26.5"
"1257", "PO01254", "USD-COMPRA", "purchase", "PADRE"                                                                                                                              , ""         , ""
""    , ""       , ""          , ""        , "  └─ Gabinete metalico P/PC 1832/1864 - DSC"                                                                                        , "5.0"      , "17.0"
""    , ""       , ""          , ""        , "  └─ Kit panel + teclado -DSC"                                                                                                      , "2.0"      , "100.0"
""    , ""       , ""          , ""        , "  └─ Placa HS2032 de 8 expandible a 32 zonas cableadas o inalambricas + Teclado HS2INC LCD a Icono"                                 , "3.0"      , "115.0"
""    , ""       , ""          , ""        , "  └─ Humo test"                                                                                                                     , "5.0"      , "18.0"
"1256", "PO01253", "USD-COMPRA", "purchase", "PADRE"                                                                                                                              , ""         , ""
""    , ""       , ""          , ""        , "  └─ Etiqueta para control de acceso adhesiva UHF"                                                                                  , "20.0"     , "1.0"
"1252", "PO01249", "USD-COMPRA", "purchase", "PADRE"                                                                                                                              , ""         , ""
""    , ""       , ""          , ""        , "  └─ Panel Simplex 4100 ES-PS"                                                                                                      , "1.0"      , "1779.25"
""    , ""       , ""          , ""        , "  └─ Gabinete metalico con puerta de vidrio 3 bahias"                                                                               , "1.0"      , "237.38"
""    , ""       , ""          , ""        , "  └─ Panel Simplex 4100 ES-PS"                                                                                                      , "1.0"      , "1091.59"
""    , ""       , ""          , ""        , "  └─ Pulsador manual SIMPLEX. Convencional"                                                                                         , "153.0"    , "17.26"
""    , ""       , ""          , ""        , "  └─ Alarma Audio Visual Thrue Alert - SIMPLEX."                                                                                    , "34.0"     , "49.43"
"1247", "PO01244", "USD-COMPRA", "purchase", "PADRE"                                                                                                                              , ""         , ""
""    , ""       , ""          , ""        , "  └─ Caja de 3 salidas color rojo"                                                                                                  , "1.0"      , "761.82"
""    , ""       , ""          , ""        , "  └─ Local Mode Transponder"                                                                                                        , "1.0"      , "3667.2"
""    , ""       , ""          , ""        , "  └─ Gabinete de 2 bahias Rojo - SIMPLEX"                                                                                           , "1.0"      , "493.77"
""    , ""       , ""          , ""        , "  └─ Anunciador Remoto SIMPLEX"                                                                                                     , "1.0"      , "2149.59"
""    , ""       , ""          , ""        , "  └─ Sistema de Aspiración - VESDA - XTRALIS"                                                                                       , "1.0"      , "4383.48"
""    , ""       , ""          , ""        , "  └─ Etiquetas para tuberías de muestreo  35 etiquetas por rollo"                                                                   , "2.0"      , "17.76"
"1243", "PO01240", "USD-COMPRA", "purchase", "PADRE"                                                                                                                              , ""         , ""
""    , ""       , ""          , ""        , "  └─ UPS 3KVA TOWER ON LINE"                                                                                                        , "1.0"      , "383.09"
"1237", "PO01234", "USD-COMPRA", "purchase", "PADRE"                                                                                                                              , ""         , ""
""    , ""       , ""          , ""        , "  └─ Grabador IP 4U con 4 licencias de cámaras IP (64 máx.)"                                                                        , "1.0"      , "3556.96"
""    , ""       , ""          , ""        , "  └─ Sliding Rail Kit  Rack Mount"                                                                                                  , "1.0"      , "77.55"
"1235", "PO01232", "USD-COMPRA", "purchase", "PADRE"                                                                                                                              , ""         , ""
""    , ""       , ""          , ""        , "  └─ Cable de Seguridad IR  doble cara  15 x 45 cm.  AM  2 alarmas - Invue"                                                         , "1.0"      , "2.0"
"1234", "PO01231", "USD-COMPRA", "purchase", "PADRE"                                                                                                                              , ""         , ""
""    , ""       , ""          , ""        , "  └─ Antena telescópica de Onda Corta"                                                                                              , "1.0"      , "22.58"
"1233", "PO01230", "USD-COMPRA", "purchase", "PADRE"                                                                                                                              , ""         , ""
""    , ""       , ""          , ""        , "  └─ Placa HS2032 de 8 expandible a 32 zonas cableadas o inalambricas + Teclado HS2INC LCD a Icono"                                 , "3.0"      , "115.0"
""    , ""       , ""          , ""        , "  └─ Kit panel + teclado -DSC"                                                                                                      , "2.0"      , "100.0"
""    , ""       , ""          , ""        , "  └─ Humo test"                                                                                                                     , "12.0"     , "18.0"
"1232", "PO01229", "USD-COMPRA", "purchase", "PADRE"                                                                                                                              , ""         , ""
""    , ""       , ""          , ""        , "  └─ Lectora UHF RFID delargo alcance"                                                                                              , "5.0"      , "203.0"
""    , ""       , ""          , ""        , "  └─ Etiqueta de Parabrisas RFID UHF -100x30mm"                                                                                     , "230.0"    , "0.97"
"1231", "PO01228", "USD-COMPRA", "purchase", "PADRE"                                                                                                                              , ""         , ""
""    , ""       , ""          , ""        , "  └─ Detector de Humo Calor con UL SV"                                                                                              , "2000.0"   , "8.2"
""    , ""       , ""          , ""        , "  └─ Detector de Humo Calor de 4 hilos sin UL"                                                                                      , "2000.0"   , "6.2"
""    , ""       , ""          , ""        , "  └─ Detector termovelocimétrico"                                                                                                   , "500.0"    , "5.9"
""    , ""       , ""          , ""        , "  └─ Detector humo calor de 2 hilos con UL"                                                                                         , "200.0"    , "6.9"
""    , ""       , ""          , ""        , "  └─ Detector de Humo de 4 hilos auto reset"                                                                                        , "300.0"    , "7.5"
""    , ""       , ""          , ""        , "  └─ Detector de Humo Calor de 2 cables"                                                                                            , "50.0"     , "5.2"
""    , ""       , ""          , ""        , "  └─ Detector de monóxido de carbono 4 hilos"                                                                                       , "50.0"     , "17.0"
""    , ""       , ""          , ""        , "  └─ Detector de Flama de 4 cables con salida de relé (12/24 VCC)"                                                                  , "10.0"     , "62.0"
"1227", "PO01224", "USD-COMPRA", "purchase", "PADRE"                                                                                                                              , ""         , ""
""    , ""       , ""          , ""        , "  └─ Cámara de red WizMind tipo bala varifocal con infrarrojos de 2 MP"                                                             , "1.0"      , "186.45"
"1226", "PO01223", "USD-COMPRA", "purchase", "PADRE"                                                                                                                              , ""         , ""
""    , ""       , ""          , ""        , "  └─ UPS 650 VA VERTIV PSL 650 VA"                                                                                                  , "1.0"      , "0.0"
"1225", "PO01222", "USD-COMPRA", "purchase", "PADRE"                                                                                                                              , ""         , ""
""    , ""       , ""          , ""        , "  └─ Bullet analógico 5MP 2.8mm IR20Mts. turret AHD/TVI/CVI/CVBS."                                                                  , "100.0"    , "10.35"
""    , ""       , ""          , ""        , "  └─ Bullet analógica de 2MP Color Hunter UNV"                                                                                      , "300.0"    , "7.83"
""    , ""       , ""          , ""        , "  └─ XVR301-F Series 8CH"                                                                                                           , "40.0"     , "19.8"
""    , ""       , ""          , ""        , "  └─ Cámara Ojo de pez infrarroja Ultra HD de 12MP"                                                                                 , "5.0"      , "261.0"
""    , ""       , ""          , ""        , "  └─ SOPORTE PARA MONITOR UNV"                                                                                                      , "3.0"      , "73.79"
""    , ""       , ""          , ""        , "  └─ MONITOR INTERACTIVO LED de 65” UNV"                                                                                            , "3.0"      , "612.01"
""    , ""       , ""          , ""        , "  └─ Banderines pequeños para mesa con logo UNV"                                                                                    , "5.0"      , "3.0"
""    , ""       , ""          , ""        , "  └─ Cinturón para herramientas - UNV"                                                                                              , "50.0"     , "2.31"
""    , ""       , ""          , ""        , "  └─ Mantel para mesa - UNV"                                                                                                        , "3.0"      , "1.5"
""    , ""       , ""          , ""        , "  └─ Maleta de demo UNV"                                                                                                            , "1.0"      , "2.0"
""    , ""       , ""          , ""        , "  └─ Destornillador tipo bolígrafo - UNV"                                                                                           , "100.0"    , "2.0"
""    , ""       , ""          , ""        , "  └─ Chaleco con logo Uniview - UNV"                                                                                                , "20.0"     , "4.0"
""    , ""       , ""          , ""        , "  └─ Agenda UNIVIEW - UNV"                                                                                                          , "100.0"    , "1.5"
""    , ""       , ""          , ""        , "  └─ Descuento Especial"                                                                                                            , "1.0"      , "-567.0"
"1224", "PO01221", "USD-COMPRA", "purchase", "PADRE"                                                                                                                              , ""         , ""
""    , ""       , ""          , ""        , "  └─ Detector de Humo Calor con UL SV"                                                                                              , "2000.0"   , "8.2"
""    , ""       , ""          , ""        , "  └─ Detector de Humo Calor de 4 hilos sin UL"                                                                                      , "5000.0"   , "6.2"
""    , ""       , ""          , ""        , "  └─ Detector termovelocimétrico"                                                                                                   , "200.0"    , "5.9"
""    , ""       , ""          , ""        , "  └─ Detector humo calor de 2 hilos con UL"                                                                                         , "250.0"    , "6.9"
""    , ""       , ""          , ""        , "  └─ Detector de Humo Calor SD218"                                                                                                  , "200.0"    , "4.5"
"1223", "PO01220", "USD-COMPRA", "purchase", "PADRE"                                                                                                                              , ""         , ""
""    , ""       , ""          , ""        , "  └─ Panel Simplex 4100 ES-PS"                                                                                                      , "1.0"      , "1220.81"
""    , ""       , ""          , ""        , "  └─ Gabinete de 2 bahias Rojo - SIMPLEX"                                                                                           , "1.0"      , "185.16"
""    , ""       , ""          , ""        , "  └─ Caja con puerta maciza rojo 2 bahías"                                                                                          , "1.0"      , "259.61"
""    , ""       , ""          , ""        , "  └─ Gabinete de 2 bahias Rojo - SIMPLEX"                                                                                           , "1.0"      , "185.16"
""    , ""       , ""          , ""        , "  └─ Sensor fotoeléctrico  de calor y de CO - MX"                                                                                   , "287.0"    , "47.18"
""    , ""       , ""          , ""        , "  └─ Base de sensor MX"                                                                                                             , "3089.0"   , "3.8"
""    , ""       , ""          , ""        , "  └─ Modulo múltiple In/Out - MX"                                                                                                   , "66.0"     , "48.92"
""    , ""       , ""          , ""        , "  └─ Relé IAM  contacto con capacidad de 2 A a 24 VCC - MX"                                                                         , "142.0"    , "27.11"
""    , ""       , ""          , ""        , "  └─ Módulo de monitoreo  con contacto supervisado IAM de entrada doble  clase B doble o clase A simple - MX"                       , "92.0"     , "25.74"
""    , ""       , ""          , ""        , "  └─ Mini modulo detector IAM - MX"                                                                                                 , "153.0"    , "19.59"
""    , ""       , ""          , ""        , "  └─ Sensor humo y calor - MX"                                                                                                      , "1776.0"   , "23.88"
""    , ""       , ""          , ""        , "  └─ Sensor de calor - MX"                                                                                                          , "1170.0"   , "16.6"
""    , ""       , ""          , ""        , "  └─ Base para sensor con aislador direccionable - MX"                                                                              , "147.0"    , "12.07"
""    , ""       , ""          , ""        , "  └─ Teclado remoto LCD SIMPLEX"                                                                                                    , "5.0"      , "212.73"
""    , ""       , ""          , ""        , "  └─ Alarma Audio Visual direccionable 520Hz Output"                                                                                , "61.0"     , "44.89"
""    , ""       , ""          , ""        , "  └─ Sensor de calor - MX"                                                                                                          , "3.0"      , "16.6"
"1222", "PO01219", "USD-COMPRA", "purchase", "PADRE"                                                                                                                              , ""         , ""
""    , ""       , ""          , ""        , "  └─ Pedestal de alarma para movil Blanco INVUE"                                                                                    , "50.0"     , "55.4"
""    , ""       , ""          , ""        , "  └─ Cable de Conexion Tipo C Blanco INVUE"                                                                                         , "100.0"    , "8.55"
""    , ""       , ""          , ""        , "  └─ Adhesivos de reemplazo p/ sensores - INVUE"                                                                                    , "100.0"    , "1.44"
""    , ""       , ""          , ""        , "  └─ Adhesivo de baja energía superficial "                                                                                         , "60.0"     , "2.17"
""    , ""       , ""          , ""        , "  └─ Sensor serie 850 tipo C - Blanco INVUE"                                                                                        , "50.0"     , "22.0"
""    , ""       , ""          , ""        , "  └─ S855V ULP LONG TYPE-C BLADE SENSOR - WHITE"                                                                                    , "20.0"     , "22.0"
""    , ""       , ""          , ""        , "  └─ NEW ZIPS Unidad de Alarma Unipuerto - Blanco"                                                                                  , "90.0"     , "17.75"
""    , ""       , ""          , ""        , "  └─ NEW ZIPS Unidad de Alarma Cuatro Puertos - Blanco"                                                                             , "35.0"     , "38.7"
""    , ""       , ""          , ""        , "  └─ Cable sensor con lazo INVUE"                                                                                                   , "25.0"     , "14.65"
""    , ""       , ""          , ""        , "  └─ W2000 ALL ABOVE TABLE WEARABLE SOLUTION - WHITE"                                                                               , "10.0"     , "86.0"
""    , ""       , ""          , ""        , "  └─ WS2 Expositor con cordón blanco largo CBL"                                                                                     , "78.0"     , "58.85"
""    , ""       , ""          , ""        , "  └─ Sensor flexible universal WS2 Negro - INVUE"                                                                                   , "113.0"    , "3.15"
""    , ""       , ""          , ""        , "  └─ Estacion de programacion de llave INVUE"                                                                                       , "20.0"     , "33.25"
""    , ""       , ""          , ""        , "  └─ Llave de mano IR boton gris"                                                                                                   , "3.0"      , "28.25"
""    , ""       , ""          , ""        , "  └─ IR WRAP 100`"                                                                                                                  , "60.0"     , "7.75"
""    , ""       , ""          , ""        , "  └─ IR WRAP 102`"                                                                                                                  , "252.0"    , "8.2"
"1213", "PO01211", "USD-COMPRA", "purchase", "PADRE"                                                                                                                              , ""         , ""
""    , ""       , ""          , ""        , "  └─ Sensor Zips Flex  USB-C  Cable liso  2m Blanco"                                                                                , "1.0"      , "2.0"
"1212", "PO01210", "USD-COMPRA", "purchase", "PADRE"                                                                                                                              , ""         , ""
""    , ""       , ""          , ""        , "  └─ Lector de tarjeta UHF de largo alcance"                                                                                        , "3.0"      , "500.0"
""    , ""       , ""          , ""        , "  └─ Etiqueta para control de acceso adhesiva UHF"                                                                                  , "200.0"    , "1.0"
"1210", "PO01208", "USD-COMPRA", "purchase", "PADRE"                                                                                                                              , ""         , ""
""    , ""       , ""          , ""        , "  └─ Acuerdo anual de soporte de software para C∙CURE 9000 Serie L"                                                                 , "1.0"      , "552.0"
""    , ""       , ""          , ""        , "  └─ Cuota de Restablecimiento de Cobertura Caducada: Serie L M N"                                                                  , "1.0"      , "330.0"
"1209", "PO01207", "USD-COMPRA", "purchase", "PADRE"                                                                                                                              , ""         , ""
""    , ""       , ""          , ""        , "  └─ PROFESSIONAL software update to the current exacqVision version  per server."                                                  , "1.0"      , "261.3"
""    , ""       , ""          , ""        , "  └─ PROFESSIONAL software updates per IP camera  per year."                                                                        , "17.0"     , "22.75"
"1201", "PO01199", "USD-COMPRA", "purchase", "PADRE"                                                                                                                              , ""         , ""
""    , ""       , ""          , ""        , "  └─ Humo test"                                                                                                                     , "12.0"     , "20.0"
""    , ""       , ""          , ""        , "  └─ Gabinete metalico P/PC 1832/1864 - DSC"                                                                                        , "5.0"      , "17.0"
""    , ""       , ""          , ""        , "  └─ MODULO EXPANSOR DE 8 ZONAS CABLEADAS NEO"                                                                                      , "2.0"      , "32.0"
"1195", "PO01193", "USD-COMPRA", "purchase", "PADRE"                                                                                                                              , ""         , ""
""    , ""       , ""          , ""        , "  └─ DISCO DURO 1TB PURPEL WESTER DIGITAL"                                                                                          , "10.0"     , "29.9"
""    , ""       , ""          , ""        , "  └─ DISCO DURO 2TB PURPLE - WESTER DIGITAL"                                                                                        , "7.0"      , "60.0"
""    , ""       , ""          , ""        , "  └─ TARJETA DE MEMORIA MICRO SD 32GB"                                                                                              , "10.0"     , "3.35"
"1190", "PO01188", "USD-COMPRA", "purchase", "PADRE"                                                                                                                              , ""         , ""
""    , ""       , ""          , ""        , "  └─ MODULO EXPANSOR DE 8 ZONAS CABLEADAS NEO"                                                                                      , "3.0"      , "32.0"
"1188", "PO01186", "USD-COMPRA", "purchase", "PADRE"                                                                                                                              , ""         , ""
""    , ""       , ""          , ""        , "  └─ Humo test"                                                                                                                     , "12.0"     , "18.0"
"1176", "PO01174", "USD-COMPRA", "purchase", "PADRE"                                                                                                                              , ""         , ""
""    , ""       , ""          , ""        , "  └─ DISCO DURO 18TB PURPLE - WESTER DIGITAL"                                                                                       , "2.0"      , "385.0"
"1174", "PO01172", "USD-COMPRA", "purchase", "PADRE"                                                                                                                              , ""         , ""
""    , ""       , ""          , ""        , "  └─ DISCO DURO 18TB PURPLE - WESTER DIGITAL"                                                                                       , "3.0"      , "385.0"
"1157", "PO01155", "USD-COMPRA", "purchase", "PADRE"                                                                                                                              , ""         , ""
""    , ""       , ""          , ""        , "  └─ Fuente de alimentación de control de acceso ZUDSEC"                                                                            , "100.0"    , "8.9"
""    , ""       , ""          , ""        , "  └─ Cerradura Electrica para puerta de Vidrio ZUDSEC"                                                                              , "10.0"     , "14.9"
""    , ""       , ""          , ""        , "  └─ Botón de apertura/salida EXIT ZUDSEC"                                                                                          , "50.0"     , "4.49"
""    , ""       , ""          , ""        , "  └─ Botón de salida de sensor infrarrojo - ZUDSEC"                                                                                 , "50.0"     , "3.49"
""    , ""       , ""          , ""        , "  └─ Pulsador de salida de emergencia con LED ZUDSEC"                                                                               , "50.0"     , "14.5"
""    , ""       , ""          , ""        , "  └─ Cerradura Electromagnetica 180kg ZUDSEC"                                                                                       , "100.0"    , "9.5"
""    , ""       , ""          , ""        , "  └─ Soporte en L para cerradura de 280kg ZUDSEC"                                                                                   , "150.0"    , "2.4"
""    , ""       , ""          , ""        , "  └─ Soporte en U para cerradura de 280KG ZUDSEC"                                                                                   , "50.0"     , "2.5"
""    , ""       , ""          , ""        , "  └─ Soporte en Z para cerraduras de 280kg ZUDSEC"                                                                                  , "60.0"     , "3.6"
""    , ""       , ""          , ""        , "  └─ Botón de Emergencia ZUDSEC"                                                                                                    , "1000.0"   , "0.65"
""    , ""       , ""          , ""        , "  └─ Tarjeta de proximidad EM 125KHz Delgada"                                                                                       , "1000.0"   , "0.18"
""    , ""       , ""          , ""        , "  └─ Brazo hidráulico para puertas de 60-80kg. Aluminio de alta durabilidad  1 6 kg. Ángulo máximo de 180°"                         , "30.0"     , "10.9"
""    , ""       , ""          , ""        , "  └─ Control de rondas para guardias con lector RFID ZUDSEC"                                                                        , "20.0"     , "45.9"
""    , ""       , ""          , ""        , "  └─ Tag de proximidad Mifare"                                                                                                      , "100.0"    , "0.29"
""    , ""       , ""          , ""        , "  └─ Barrera Detector IR 60m ZUDSEC"                                                                                                , "100.0"    , "19.5"
""    , ""       , ""          , ""        , "  └─ Contacto magnético inalámbrico Zudsec"                                                                                         , "100.0"    , "2.49"
""    , ""       , ""          , ""        , "  └─ Mando a distancia inalámbrico"                                                                                                 , "30.0"     , "2.19"
""    , ""       , ""          , ""        , "  └─ Sirena Audiovisual Blanca y Roja 12V ZUDSEC"                                                                                   , "100.0"    , "2.0"
""    , ""       , ""          , ""        , "  └─ Sirena Audiovisual Incendio 3 tonos 110dB 12V ZUDSEC"                                                                          , "300.0"    , "5.98"
""    , ""       , ""          , ""        , "  └─ Sirena audio visual fire  DC24V ZUDSEC"                                                                                        , "100.0"    , "5.98"
""    , ""       , ""          , ""        , "  └─ Sirena blanca 12V 30W ZUDSEC"                                                                                                  , "50.0"     , "6.49"
""    , ""       , ""          , ""        , "  └─ Fuente de 12v 10amper ZUDSEC"                                                                                                  , "50.0"     , "6.8"
""    , ""       , ""          , ""        , "  └─ Fuente de alimentacion tipo cargador 12V 2A ZUDSEC"                                                                            , "200.0"    , "2.25"
""    , ""       , ""          , ""        , "  └─ Transformador 220v a 12v 5amper ZUDSEC"                                                                                        , "300.0"    , "4.8"
""    , ""       , ""          , ""        , "  └─ Inyector PoE1000E ZUDSEC"                                                                                                      , "50.0"     , "9.9"
""    , ""       , ""          , ""        , "  └─ Repuestos - Zudsec"                                                                                                            , "1.0"      , "26.9"
""    , ""       , ""          , ""        , "  └─ Repuestos - Zudsec"                                                                                                            , "1.0"      , "89.9"
""    , ""       , ""          , ""        , "  └─ Teclado Multifuncion standalone con luz azul ZUDSEC"                                                                           , "1.0"      , "11.98"
""    , ""       , ""          , ""        , "  └─ Controlador de acceso estandar Impermeable ZUDSEC"                                                                             , "2.0"      , "43.8"
""    , ""       , ""          , ""        , "  └─ Alarma para motocicletas - Zudsec"                                                                                             , "1.0"      , "7.69"
""    , ""       , ""          , ""        , "  └─ Descuentos - Compras"                                                                                                          , "1.0"      , "-224.07"
""    , ""       , ""          , ""        , "  └─ Contacto magnetico"                                                                                                            , "20.0"     , "1.88"
"1148", "PO01146", "USD-COMPRA", "purchase", "PADRE"                                                                                                                              , ""         , ""
""    , ""       , ""          , ""        , "  └─ Pedestal de alarma para movil Blanco INVUE"                                                                                    , "76.0"     , "55.4"
""    , ""       , ""          , ""        , "  └─ Cable de Conexion Tipo C Blanco INVUE"                                                                                         , "129.0"    , "8.55"
""    , ""       , ""          , ""        , "  └─ Cable de conexion para moviles Apple Blanco INVUE"                                                                             , "21.0"     , "11.1"
""    , ""       , ""          , ""        , "  └─ NEW ZIPS Unidad de Alarma Unipuerto - Blanco"                                                                                  , "30.0"     , "17.75"
""    , ""       , ""          , ""        , "  └─ W2000 ALL ABOVE TABLE WEARABLE SOLUTION - WHITE"                                                                               , "31.0"     , "86.0"
""    , ""       , ""          , ""        , "  └─ WS2 Expositor con cordón blanco largo CBL"                                                                                     , "29.0"     , "58.85"
""    , ""       , ""          , ""        , "  └─ Sensor flexible universal WS2 Negro - INVUE"                                                                                   , "74.0"     , "3.15"
""    , ""       , ""          , ""        , "  └─ Fuente de alimentación  USB-A 5V - UE"                                                                                         , "58.0"     , "13.3"
""    , ""       , ""          , ""        , "  └─ Placa adhesiva Super LSE 58mm x 92mm  INVUE"                                                                                   , "16.0"     , "29.05"
"1147", "PO01145", "USD-COMPRA", "purchase", "PADRE"                                                                                                                              , ""         , ""
""    , ""       , ""          , ""        , "  └─ Detector de monóxido de carbono 4 hilos"                                                                                       , "100.0"    , "17.0"
""    , ""       , ""          , ""        , "  └─ Detector termovelocimétrico"                                                                                                   , "1000.0"   , "5.9"
""    , ""       , ""          , ""        , "  └─ Detector humo calor de 2 hilos con UL"                                                                                         , "500.0"    , "6.9"
""    , ""       , ""          , ""        , "  └─ Detector de Humo Calor con UL SV"                                                                                              , "2000.0"   , "8.2"
""    , ""       , ""          , ""        , "  └─ Detector de Humo Calor SD218"                                                                                                  , "200.0"    , "4.5"
"1143", "PO01141", "USD-COMPRA", "purchase", "PADRE"                                                                                                                              , ""         , ""
""    , ""       , ""          , ""        , "  └─ Detector de sensor de salida de bucle de vehículo"                                                                             , "5.0"      , "23.23"
"1137", "PO01135", "USD-COMPRA", "purchase", "PADRE"                                                                                                                              , ""         , ""
""    , ""       , ""          , ""        , "  └─ Placa de alarma DSC 18-32 zonas"                                                                                               , "5.0"      , "55.0"
""    , ""       , ""          , ""        , "  └─ Teclado LCD a iconos para 64 zonas DSC"                                                                                        , "5.0"      , "55.0"
""    , ""       , ""          , ""        , "  └─ Gabinete metalico P/PC 1832/1864 - DSC"                                                                                        , "6.0"      , "17.0"
""    , ""       , ""          , ""        , "  └─ Teclado LCD a iconos para 64 zonas DSC"                                                                                        , "2.0"      , "55.0"
""    , ""       , ""          , ""        , "  └─ Placa de alarma DSC 18-32 zonas"                                                                                               , "2.0"      , "55.0"
"1133", "PO01131", "USD-COMPRA", "purchase", "PADRE"                                                                                                                              , ""         , ""
""    , ""       , ""          , ""        , "  └─ Herramienta crimpadora para conectores"                                                                                        , "4.0"      , "21.59"
"1131", "PO01129", "USD-COMPRA", "purchase", "PADRE"                                                                                                                              , ""         , ""
""    , ""       , ""          , ""        , "  └─ Panel de control Direccionable (50 Direcciones) MX"                                                                            , "2.0"      , "407.53"
""    , ""       , ""          , ""        , "  └─ Panel de control Direccionable (250 Direcciones) MX"                                                                           , "3.0"      , "499.91"
""    , ""       , ""          , ""        , "  └─ Anunciador remoto LCD"                                                                                                         , "3.0"      , "199.96"
""    , ""       , ""          , ""        , "  └─ Caja para Anunciador"                                                                                                          , "2.0"      , "47.82"
""    , ""       , ""          , ""        , "  └─ Sensor humo y calor - MX"                                                                                                      , "400.0"    , "17.25"
""    , ""       , ""          , ""        , "  └─ Sensor Termovelocimetrico Direccionable MX"                                                                                    , "100.0"    , "12.65"
""    , ""       , ""          , ""        , "  └─ Mini modulo detector IAM"                                                                                                      , "10.0"     , "17.25"
""    , ""       , ""          , ""        , "  └─ Relay direccionable IAM"                                                                                                       , "4.0"      , "23.0"
""    , ""       , ""          , ""        , "  └─ Módulo adaptador ZAM MX"                                                                                                       , "4.0"      , "31.05"
""    , ""       , ""          , ""        , "  └─ Pulsador Manual Doble Acción - MX - Simplex"                                                                                   , "60.0"     , "28.75"
""    , ""       , ""          , ""        , "  └─ Modulo aislador"                                                                                                               , "2.0"      , "17.25"
""    , ""       , ""          , ""        , "  └─ Puerta de enlace interna de nivel 3"                                                                                           , "3.0"      , "229.91"
""    , ""       , ""          , ""        , "  └─ Base de sensor MX"                                                                                                             , "500.0"    , "1.73"
""    , ""       , ""          , ""        , "  └─ Caja externa roja"                                                                                                             , "3.0"      , "207.0"
"1130", "PO01128", "USD-COMPRA", "purchase", "PADRE"                                                                                                                              , ""         , ""
""    , ""       , ""          , ""        , "  └─ CABLE DE DATOS 18/2 AWG MALLADO"                                                                                               , "15250.0"  , "0.40315"
""    , ""       , ""          , ""        , "  └─ CABLE DE DATOS 18/2 AWG SIN MALLA"                                                                                             , "6100.0"   , "0.27803"
""    , ""       , ""          , ""        , "  └─ Ajuste de precio"                                                                                                              , "1.0"      , "-0.02"
"1129", "PO01127", "USD-COMPRA", "purchase", "PADRE"                                                                                                                              , ""         , ""
""    , ""       , ""          , ""        , "  └─ Tachuela cabeza de plastico SENSORMATIC"                                                                                       , "50000.0"  , "0.0463"
""    , ""       , ""          , ""        , "  └─ Pedestal Ultra 1.8 Secundario SENSORMATIC"                                                                                     , "7.0"      , "340.6195"
""    , ""       , ""          , ""        , "  └─ Separador universal negro SENSORMATIC 5kgaus"                                                                                  , "36.0"     , "24.138"
""    , ""       , ""          , ""        , "  └─ DESACTIVADOR ELECTRONICO AMB 2011 - SENSORMATIC"                                                                               , "10.0"     , "299.0"
""    , ""       , ""          , ""        , "  └─ Etiqueta Dura AMT42 SENSORMATIC"                                                                                               , "50000.0"  , "0.1964"
""    , ""       , ""          , ""        , "  └─ Pedestales AMS-1145 DUAL ULTRA 1.8 SENSORMATIC"                                                                                , "13.0"     , "996.6667"
""    , ""       , ""          , ""        , "  └─ Gastos de Importacion"                                                                                                         , "1.0"      , "298.48"
""    , ""       , ""          , ""        , "  └─ Ajuste de precio"                                                                                                              , "1.0"      , "-0.01"
"1128", "PO01126", "USD-COMPRA", "purchase", "PADRE"                                                                                                                              , ""         , ""
""    , ""       , ""          , ""        , "  └─ NVR -16 Canales 1U 16PoE 2HDDs WizSense Network Video Recorder"                                                                , "1.0"      , "187.6"
"1127", "PO01125", "USD-COMPRA", "purchase", "PADRE"                                                                                                                              , ""         , ""
""    , ""       , ""          , ""        , "  └─ CABLE UTP CAT6 INTERIOR AZUL - LANPRO"                                                                                         , "915.0"    , "0.43607"
"1123", "PO01121", "USD-COMPRA", "purchase", "PADRE"                                                                                                                              , ""         , ""
""    , ""       , ""          , ""        , "  └─ Kit panel 18-32 zonas con teclado PK5501"                                                                                      , "6.0"      , "112.0"
""    , ""       , ""          , ""        , "  └─ Gabinete metalico P/PC 1832/1864 - DSC"                                                                                        , "6.0"      , "17.0"
"1118", "PO01116", "USD-COMPRA", "purchase", "PADRE"                                                                                                                              , ""         , ""
""    , ""       , ""          , ""        , "  └─ Gabinete metalico P/PC 1832/1864 - DSC"                                                                                        , "5.0"      , "17.0"
""    , ""       , ""          , ""        , "  └─ Kit panel 18-32 zonas con teclado PK5501"                                                                                      , "5.0"      , "112.0"
""    , ""       , ""          , ""        , "  └─ Teclado LCD a iconos para 64 zonas DSC"                                                                                        , "2.0"      , "55.0"
"1116", "PO01114", "USD-COMPRA", "purchase", "PADRE"                                                                                                                              , ""         , ""
""    , ""       , ""          , ""        , "  └─ Gabinete metalico P/PC 1832/1864 - DSC"                                                                                        , "30.0"     , "17.0"
"1114", "PO01112", "USD-COMPRA", "purchase", "PADRE"                                                                                                                              , ""         , ""
""    , ""       , ""          , ""        , "  └─ Modulo repetidor IDNET"                                                                                                        , "1.0"      , "199.66"
"1113", "PO01111", "USD-COMPRA", "purchase", "PADRE"                                                                                                                              , ""         , ""
""    , ""       , ""          , ""        , "  └─ Controlador Synergy  ZE9060-2C 2 CH SENSORMATIC"                                                                               , "1.0"      , "1008.83"
"1108", "PO01106", "USD-COMPRA", "purchase", "PADRE"                                                                                                                              , ""         , ""
""    , ""       , ""          , ""        , "  └─ Kit panel 18-32 zonas con teclado PK5501"                                                                                      , "1.0"      , "115.0"
"1105", "PO01103", "USD-COMPRA", "purchase", "PADRE"                                                                                                                              , ""         , ""
""    , ""       , ""          , ""        , "  └─ Humo test"                                                                                                                     , "12.0"     , "18.0"
"1104", "PO01102", "USD-COMPRA", "purchase", "PADRE"                                                                                                                              , ""         , ""
""    , ""       , ""          , ""        , "  └─ Panel de control direccionable (127 direcciones)"                                                                              , "1.0"      , "382.61"
""    , ""       , ""          , ""        , "  └─ Panel remoto anunciador"                                                                                                       , "1.0"      , "154.65"
""    , ""       , ""          , ""        , "  └─ Detector De Humo Fotoeléctrico Direccionable con UL"                                                                           , "3.0"      , "11.65"
""    , ""       , ""          , ""        , "  └─ Detector fotoeléctrico/calor direccionable analógico"                                                                          , "1.0"      , "13.83"
""    , ""       , ""          , ""        , "  └─ Detector de calor direccionable"                                                                                               , "1.0"      , "14.38"
""    , ""       , ""          , ""        , "  └─ Pulsador direccionable"                                                                                                        , "1.0"      , "13.33"
""    , ""       , ""          , ""        , "  └─ Pulsador amarillo direccionable"                                                                                               , "1.0"      , "14.72"
""    , ""       , ""          , ""        , "  └─ Módulo de interfaz del interruptor de flujo"                                                                                   , "1.0"      , "15.41"
""    , ""       , ""          , ""        , "  └─ Módulo de entradas múltiples"                                                                                                  , "1.0"      , "20.72"
""    , ""       , ""          , ""        , "  └─ Módulo de salida direccionable de alta potencia"                                                                               , "1.0"      , "20.75"
""    , ""       , ""          , ""        , "  └─ Módulo de relé direccionable"                                                                                                  , "1.0"      , "15.4"
""    , ""       , ""          , ""        , "  └─ Seccionador de línea (Base Aisladora)"                                                                                         , "1.0"      , "9.91"
""    , ""       , ""          , ""        , "  └─ Cable de Programador de dirección de dispositivo para panel de control serie 7."                                               , "1.0"      , "12.0"
""    , ""       , ""          , ""        , "  └─ ` Sirena operación separada de bocina/estroboscópica Interior`"                                                                , "1.0"      , "7.29"
""    , ""       , ""          , ""        , "  └─ Dirección unidad de neutralización de zona"                                                                                    , "1.0"      , "149.03"
""    , ""       , ""          , ""        , "  └─ Base de detector estándar con UL"                                                                                              , "3.0"      , "0.1"
""    , ""       , ""          , ""        , "  └─ Base de detector estándar"                                                                                                     , "2.0"      , "0.1"
""    , ""       , ""          , ""        , "  └─ Programador direccionable"                                                                                                     , "1.0"      , "237.1"
""    , ""       , ""          , ""        , "  └─ Puerta de enlace IOT - Lan + Wifi + Telefono"                                                                                  , "1.0"      , "1.0"
""    , ""       , ""          , ""        , "  └─ Puerta de enlace IOT - LAN"                                                                                                    , "1.0"      , "1.0"
""    , ""       , ""          , ""        , "  └─ Descuentos - Ventas"                                                                                                           , "1.0"      , "-2.0"
"1100", "PO01098", "USD-COMPRA", "purchase", "PADRE"                                                                                                                              , ""         , ""
""    , ""       , ""          , ""        , "  └─ Gabinete metalico P/PC 1832/1864 - DSC"                                                                                        , "5.0"      , "17.0"
""    , ""       , ""          , ""        , "  └─ Kit panel 18-32 zonas con teclado PK5501"                                                                                      , "5.0"      , "112.0"
""    , ""       , ""          , ""        , "  └─ Placa de alarma DSC 18-32 zonas"                                                                                               , "2.0"      , "55.0"
""    , ""       , ""          , ""        , "  └─ Detector IR pet immune DSC"                                                                                                    , "6.0"      , "10.0"
""    , ""       , ""          , ""        , "  └─ Base de montaje para sensores PIR de la linea “LC”"                                                                            , "6.0"      , "1.85"
"1097", "PO01095", "USD-COMPRA", "purchase", "PADRE"                                                                                                                              , ""         , ""
""    , ""       , ""          , ""        , "  └─ Pedestal de alarma para movil Blanco INVUE"                                                                                    , "73.0"     , "55.4"
""    , ""       , ""          , ""        , "  └─ Cable de Conexion Tipo C Blanco INVUE"                                                                                         , "16.0"     , "8.55"
""    , ""       , ""          , ""        , "  └─ Placa adhesiva Super LSE 58mm x 92mm  INVUE"                                                                                   , "45.0"     , "5.81"
""    , ""       , ""          , ""        , "  └─ NEW ZIPS Unidad de Alarma Unipuerto - Blanco"                                                                                  , "67.0"     , "17.75"
""    , ""       , ""          , ""        , "  └─ Cable sensor con lazo INVUE"                                                                                                   , "21.0"     , "14.65"
""    , ""       , ""          , ""        , "  └─ ZIPS Sensor single con cable espiral - Blanco"                                                                                 , "8.0"      , "11.1"
""    , ""       , ""          , ""        , "  └─ WS2 Expositor con cordón blanco largo CBL"                                                                                     , "36.0"     , "58.85"
""    , ""       , ""          , ""        , "  └─ Sensor flexible universal WS2 Negro - INVUE"                                                                                   , "22.0"     , "3.15"
""    , ""       , ""          , ""        , "  └─ L430  LONG LATCH INVUE"                                                                                                        , "1.0"      , "56.45"
""    , ""       , ""          , ""        , "  └─ TRIM RING FOR L430 - INVUE"                                                                                                    , "25.0"     , "3.55"
""    , ""       , ""          , ""        , "  └─ L410 INVUE"                                                                                                                    , "9.0"      , "56.45"
""    , ""       , ""          , ""        , "  └─ Placa de ataque L410  accesorio ancho  65 mm - 110 mm"                                                                         , "11.0"     , "6.65"
""    , ""       , ""          , ""        , "  └─ Fuente de alimentación  USB-A 5V - UE"                                                                                         , "90.0"     , "13.3"
""    , ""       , ""          , ""        , "  └─ Palita para remover sensores INVUE"                                                                                            , "11.0"     , "4.4"
""    , ""       , ""          , ""        , "  └─ Sensor Bandeja Apple WS2/W2000 - 42MM - InVue"                                                                                 , "1.0"      , "5.1"
"1094", "PO01092", "USD-COMPRA", "purchase", "PADRE"                                                                                                                              , ""         , ""
""    , ""       , ""          , ""        , "  └─ Sprinkler Automatico blanco TY-B 1/2 K5.6 55F WH - GRINNEL"                                                                    , "300.0"    , "7.87"
""    , ""       , ""          , ""        , "  └─ Sprinkler Automatico TY-B 1/2 K5.6 155F CHR PD SR GRINNEL"                                                                     , "500.0"    , "7.87"
"1093", "PO01091", "USD-COMPRA", "purchase", "PADRE"                                                                                                                              , ""         , ""
""    , ""       , ""          , ""        , "  └─ Barrera Detectora de Humo FireOne - Fireclass"                                                                                 , "10.0"     , "311.81"
""    , ""       , ""          , ""        , "  └─ BASE 4B 4` - FIRECLASS"                                                                                                        , "500.0"    , "2.2152"
""    , ""       , ""          , ""        , "  └─ Panel direccionable FC501 para 128 puntos FIRECLASS"                                                                           , "20.0"     , "407.282"
""    , ""       , ""          , ""        , "  └─ Sirena de pared direccionable FC440AIR VID - Fireclass"                                                                        , "100.0"    , "78.9568"
""    , ""       , ""          , ""        , "  └─ Sensor Dual Optico Termico FC460PH FIRECLASS"                                                                                  , "500.0"    , "25.6282"
""    , ""       , ""          , ""        , "  └─ Sensor térmico analógico FC460 FIRECLASS"                                                                                      , "300.0"    , "17.94"
""    , ""       , ""          , ""        , "  └─ Pulsador de alarma direccionable rearmable FC420CP-I FIRECLASS"                                                                , "100.0"    , "26.377"
""    , ""       , ""          , ""        , "  └─ Back Box for Callpoints SUS516W"                                                                                               , "100.0"    , "1.1908"
""    , ""       , ""          , ""        , "  └─ Tapa abatible para pulsadores para uso con modelos de pulsadores MCP (Color -Clear)."                                          , "100.0"    , "1.8174"
""    , ""       , ""          , ""        , "  └─ Módulo direccionable de 1 salida FC410SNM - FIRECLASS"                                                                         , "5.0"      , "48.558"
""    , ""       , ""          , ""        , "  └─ Fuente de alimentación 24v 5amper BAW50T24  - Fireclass"                                                                       , "5.0"      , "37.286"
"1092", "PO01090", "USD-COMPRA", "purchase", "PADRE"                                                                                                                              , ""         , ""
""    , ""       , ""          , ""        , "  └─ Modulo expansor 8 zonas DSC"                                                                                                   , "1.0"      , "31.5"
"1090", "PO01088", "USD-COMPRA", "purchase", "PADRE"                                                                                                                              , ""         , ""
""    , ""       , ""          , ""        , "  └─ Teclado LCD a iconos para 64 zonas DSC"                                                                                        , "3.0"      , "58.0"
"1088", "PO01086", "USD-COMPRA", "purchase", "PADRE"                                                                                                                              , ""         , ""
""    , ""       , ""          , ""        , "  └─ Kit panel 18-32 zonas con teclado PK5501"                                                                                      , "2.0"      , "112.0"
""    , ""       , ""          , ""        , "  └─ Teclado LCD a iconos para 64 zonas DSC"                                                                                        , "2.0"      , "55.0"
""    , ""       , ""          , ""        , "  └─ Teclado LCD alfanumerico 64zonas con 5 term DSC"                                                                               , "2.0"      , "105.0"
""    , ""       , ""          , ""        , "  └─ TECLADO DE 8 ZONAS LED  ESPAÑOL DSC"                                                                                           , "1.0"      , "45.0"
"1085", "PO01083", "USD-COMPRA", "purchase", "PADRE"                                                                                                                              , ""         , ""
""    , ""       , ""          , ""        , "  └─ DISCO DURO 16TB IRONWOLF PRO NAS - SEAGATE"                                                                                    , "1.0"      , "433.84"
"1075", "PO01073", "USD-COMPRA", "purchase", "PADRE"                                                                                                                              , ""         , ""
""    , ""       , ""          , ""        , "  └─ Detector Termovelocimétrico Convencional 701H- Fireclass"                                                                      , "131.0"    , "5.8318"
""    , ""       , ""          , ""        , "  └─ Panel Repetidor Serie FC500"                                                                                                   , "4.0"      , "245.5475"
""    , ""       , ""          , ""        , "  └─ Sensor térmico analógico FC460 FIRECLASS"                                                                                      , "200.0"    , "17.0846"
""    , ""       , ""          , ""        , "  └─ Programador de elementos de lazos. FC490ST FIRECLASS"                                                                          , "10.0"     , "194.844"
""    , ""       , ""          , ""        , "  └─ Pulsador de alarma direccionable rearmable FC420CP-I FIRECLASS"                                                                , "100.0"    , "25.1212"
""    , ""       , ""          , ""        , "  └─ Back Box for Callpoints SUS516W"                                                                                               , "100.0"    , "1.1336"
""    , ""       , ""          , ""        , "  └─ Pulsador de alarma direccionable rearmable FC420CP-I FIRECLASS"                                                                , "100.0"    , "26.377"
""    , ""       , ""          , ""        , "  └─ Panel direccionable FC501 para 128 puntos FIRECLASS"                                                                           , "5.0"      , "407.282"
""    , ""       , ""          , ""        , "  └─ Back Box for Callpoints SUS516W"                                                                                               , "100.0"    , "1.1908"
""    , ""       , ""          , ""        , "  └─ Tapa abatible para pulsadores para uso con modelos de pulsadores MCP (Color -Clear)."                                          , "100.0"    , "1.8174"
""    , ""       , ""          , ""        , "  └─ Placa de 8 zonas de panel J424-8"                                                                                              , "5.0"      , "95.464"
"1071", "PO01069", "USD-COMPRA", "purchase", "PADRE"                                                                                                                              , ""         , ""
""    , ""       , ""          , ""        , "  └─ CONTACTO MAGNETICO INALAMBRICO CON INTERRUPTOR DSC"                                                                            , "7.0"      , "28.0"
"1068", "PO01066", "USD-COMPRA", "purchase", "PADRE"                                                                                                                              , ""         , ""
""    , ""       , ""          , ""        , "  └─ DISCO DURO 14TB IRONWOLF PRO NAS - SEAGATE"                                                                                    , "1.0"      , "328.0"
""    , ""       , ""          , ""        , "  └─ UPS 1500 V.A."                                                                                                                 , "1.0"      , "102.0"
"1065", "PO01063", "USD-COMPRA", "purchase", "PADRE"                                                                                                                              , ""         , ""
""    , ""       , ""          , ""        , "  └─ CABLE UTP CAT 6 INTERIOR GRIS - Furukawua"                                                                                     , "610.0"    , "0.58498"
"1064", "PO01062", "USD-COMPRA", "purchase", "PADRE"                                                                                                                              , ""         , ""
""    , ""       , ""          , ""        , "  └─ Rueda Standar Rocateq"                                                                                                         , "1.0"      , "47.7"
""    , ""       , ""          , ""        , "  └─ Rueda Travelator Rocateq"                                                                                                      , "1.0"      , "49.9"
""    , ""       , ""          , ""        , "  └─ RFID Control Rocateq"                                                                                                          , "1.0"      , "252.4"
"1062", "PO01060", "USD-COMPRA", "purchase", "PADRE"                                                                                                                              , ""         , ""
""    , ""       , ""          , ""        , "  └─ TECLADO ALFANUMERICO CON PROXIMIDAD"                                                                                           , "1.0"      , "96.0"
"1060", "PO01058", "USD-COMPRA", "purchase", "PADRE"                                                                                                                              , ""         , ""
""    , ""       , ""          , ""        , "  └─ Placa HS2032 de 8 expandible a 32 zonas cableadas o inalambricas + Teclado HS2INC LCD a Icono"                                 , "5.0"      , "115.0"
"1059", "PO01057", "USD-COMPRA", "purchase", "PADRE"                                                                                                                              , ""         , ""
""    , ""       , ""          , ""        , "  └─ Nas Asustor AS6510T"                                                                                                           , "1.0"      , "1750.0"
""    , ""       , ""          , ""        , "  └─ DISCO DURO 16TB IRONWOLF PRO NAS - SEAGATE"                                                                                    , "4.0"      , "433.34"
""    , ""       , ""          , ""        , "  └─ DISCO DURO 14TB IRONWOLF PRO NAS - SEAGATE"                                                                                    , "2.0"      , "349.58"
"1057", "PO01055", "USD-COMPRA", "purchase", "PADRE"                                                                                                                              , ""         , ""
""    , ""       , ""          , ""        , "  └─ Gabinete metalico P/PC 1832/1864 - DSC"                                                                                        , "5.0"      , "17.0"
"1054", "PO01052", "USD-COMPRA", "purchase", "PADRE"                                                                                                                              , ""         , ""
""    , ""       , ""          , ""        , "  └─ MODULO EXPANSOR DE 8 ZONAS CABLEADAS NEO"                                                                                      , "3.0"      , "30.0"
""    , ""       , ""          , ""        , "  └─ TECLADO ALFANUMERICO CON PROXIMIDAD"                                                                                           , "1.0"      , "107.0"
"1050", "PO01048", "USD-COMPRA", "purchase", "PADRE"                                                                                                                              , ""         , ""
""    , ""       , ""          , ""        , "  └─ Separador Eléctrico Supertag SENSORMATIC"                                                                                      , "1.0"      , "285.8322"
""    , ""       , ""          , ""        , "  └─ Cable de Alimentación - Sensormatic"                                                                                           , "2.0"      , "2.7261"
""    , ""       , ""          , ""        , "  └─ Flush P11 cnfd  FCC  white - SENSORMATIC"                                                                                      , "1.0"      , "125.5055"
""    , ""       , ""          , ""        , "  └─ Cable de Extensión 10ft. MCX to RP SMA - Sensormatic"                                                                          , "1.0"      , "43.1153"
""    , ""       , ""          , ""        , "  └─ Lector RFID UHF IDX-4000 - Sensormatic"                                                                                        , "1.0"      , "765.576"
""    , ""       , ""          , ""        , "  └─ Fuente 24/2A  100-240VAC - Sensormatic"                                                                                        , "1.0"      , "24.2172"
"1049", "PO01047", "USD-COMPRA", "purchase", "PADRE"                                                                                                                              , ""         , ""
""    , ""       , ""          , ""        , "  └─ DISCO DURO 1TB PURPEL WESTER DIGITAL"                                                                                          , "10.0"     , "43.9"
""    , ""       , ""          , ""        , "  └─ DISCO DURO 2TB PURPLE - WESTER DIGITAL"                                                                                        , "5.0"      , "55.35"
""    , ""       , ""          , ""        , "  └─ DISCO DURO 4TB PURPLE - WESTER DIGITAL"                                                                                        , "10.0"     , "79.7"
""    , ""       , ""          , ""        , "  └─ DISCO DURO 6TB PURPLE - WESTER DIGITAL"                                                                                        , "5.0"      , "122.45"
""    , ""       , ""          , ""        , "  └─ TARJETA DE MEMORIA MICRO SD 32GB"                                                                                              , "12.0"     , "2.7"
""    , ""       , ""          , ""        , "  └─ Micro SD 64GB"                                                                                                                 , "20.0"     , "2.85"
""    , ""       , ""          , ""        , "  └─ MicroSD de 128 Gb"                                                                                                             , "3.0"      , "5.4"
"1046", "PO01044", "USD-COMPRA", "purchase", "PADRE"                                                                                                                              , ""         , ""
""    , ""       , ""          , ""        , "  └─ Sistema de Incendio  intrusión y control de temperatura inalámbrico - Teko"                                                    , "50.0"     , "49.86"
""    , ""       , ""          , ""        , "  └─ Sirena audiovisual inalámbrica TEKO"                                                                                           , "100.0"    , "16.38"
""    , ""       , ""          , ""        , "  └─ Extensor inalámbrico - TEKO"                                                                                                   , "50.0"     , "27.27"
""    , ""       , ""          , ""        , "  └─ Mando a distancia inalámbrico  433 MHz  botón de pánico - TEKO"                                                                , "100.0"    , "7.64"
""    , ""       , ""          , ""        , "  └─ Detector de rotura de cristales Astra-GB - TEKO"                                                                               , "100.0"    , "4.36"
""    , ""       , ""          , ""        , "  └─ Detector PIR + Rotura de vidrios"                                                                                              , "50.0"     , "10.92"
""    , ""       , ""          , ""        , "  └─ Botón de pánico"                                                                                                               , "100.0"    , "2.18"
""    , ""       , ""          , ""        , "  └─ Receptor inalambrico para el sistema Astra-RC 433"                                                                             , "20.0"     , "15.55"
""    , ""       , ""          , ""        , "  └─ Detector antirrobo de punto de contacto magnético -ASTRA-3321 - TEKO"                                                          , "50.0"     , "12.0"
""    , ""       , ""          , ""        , "  └─ Detector antirrobo - Astra-5121 - TEKO"                                                                                        , "50.0"     , "14.74"
"1045", "PO01043", "USD-COMPRA", "purchase", "PADRE"                                                                                                                              , ""         , ""
""    , ""       , ""          , ""        , "  └─ Kit panel 18-32 zonas con teclado PK5501"                                                                                      , "5.0"      , "110.0"
""    , ""       , ""          , ""        , "  └─ Placa de alarma DSC 18-32 zonas"                                                                                               , "1.0"      , "55.0"
"1044", "PO01042", "USD-COMPRA", "purchase", "PADRE"                                                                                                                              , ""         , ""
""    , ""       , ""          , ""        , "  └─ Cable programador de Interconexion DSC"                                                                                        , "1.0"      , "24.0"
"1043", "PO01041", "USD-COMPRA", "purchase", "PADRE"                                                                                                                              , ""         , ""
""    , ""       , ""          , ""        , "  └─ Placa HS2032 de 8 expandible a 32 zonas cableadas o inalambricas + Teclado HS2INC LCD a Icono"                                 , "1.0"      , "115.0"
""    , ""       , ""          , ""        , "  └─ MODULO EXPANSOR DE 8 ZONAS CABLEADAS NEO"                                                                                      , "2.0"      , "30.0"
"1041", "PO01039", "USD-COMPRA", "purchase", "PADRE"                                                                                                                              , ""         , ""
""    , ""       , ""          , ""        , "  └─ CS GATEWAY W/IP COM 4010ES"                                                                                                    , "1.0"      , "412.5"
"1040", "PO01038", "USD-COMPRA", "purchase", "PADRE"                                                                                                                              , ""         , ""
""    , ""       , ""          , ""        , "  └─ CS GATEWAY W/IP COM 4010ES"                                                                                                    , "11.0"     , "412.5"
"1039", "PO01037", "USD-COMPRA", "purchase", "PADRE"                                                                                                                              , ""         , ""
""    , ""       , ""          , ""        , "  └─ Alarma Audio Visual direccionable 520Hz Output"                                                                                , "20.0"     , "43.17"
"1038", "PO01036", "USD-COMPRA", "purchase", "PADRE"                                                                                                                              , ""         , ""
""    , ""       , ""          , ""        , "  └─ ES-PS MSTRCNTLR TSD"                                                                                                           , "1.0"      , "5948.44"
"1037", "PO01035", "USD-COMPRA", "purchase", "PADRE"                                                                                                                              , ""         , ""
""    , ""       , ""          , ""        , "  └─ Sensor de fotos analógico Humo/Calor SIMPLEX IDNET"                                                                            , "770.0"    , "17.67"
"1034", "PO01032", "USD-COMPRA", "purchase", "PADRE"                                                                                                                              , ""         , ""
""    , ""       , ""          , ""        , "  └─ Pedestal de alarma para movil Blanco INVUE"                                                                                    , "50.0"     , "55.4"
""    , ""       , ""          , ""        , "  └─ Cable de Conexion Tipo C Blanco INVUE"                                                                                         , "16.0"     , "8.55"
""    , ""       , ""          , ""        , "  └─ Sensor serie 850 tipo C - Blanco INVUE"                                                                                        , "15.0"     , "22.0"
""    , ""       , ""          , ""        , "  └─ S855V VERTICAL HANDHELD ALARMING STAND - WHITE"                                                                                , "33.0"     , "38.8"
""    , ""       , ""          , ""        , "  └─ S855V ULP LONG TYPE-C BLADE SENSOR - WHITE"                                                                                    , "37.0"     , "22.0"
""    , ""       , ""          , ""        , "  └─ NEW ZIPS Unidad de Alarma Unipuerto - Blanco"                                                                                  , "10.0"     , "17.75"
""    , ""       , ""          , ""        , "  └─ W2000 ALL ABOVE TABLE WEARABLE SOLUTION - WHITE"                                                                               , "8.0"      , "86.0"
""    , ""       , ""          , ""        , "  └─ WS2 Expositor con cordón blanco largo CBL"                                                                                     , "1.0"      , "58.85"
""    , ""       , ""          , ""        , "  └─ STOPLOK IR PARA GANCHOS DE 5.5MM INVUE"                                                                                        , "225.0"    , "2.25"
""    , ""       , ""          , ""        , "  └─ Programador de llave INVUE"                                                                                                    , "36.0"     , "8.85"
""    , ""       , ""          , ""        , "  └─ Llave de desactivacion INVUE"                                                                                                  , "43.0"     , "21.15"
""    , ""       , ""          , ""        , "  └─ Kit de limpieza para superficies INVUE"                                                                                        , "36.0"     , "6.65"
""    , ""       , ""          , ""        , "  └─ Sensores universales  PSA  - S960"                                                                                             , "16.0"     , "0.7625"
""    , ""       , ""          , ""        , "  └─ Adhesivo de reemplazo"                                                                                                         , "10.0"     , "1.27"
"1024", "PO01022", "USD-COMPRA", "purchase", "PADRE"                                                                                                                              , ""         , ""
""    , ""       , ""          , ""        , "  └─ Camara de 2MP con contador de personas"                                                                                        , "1.0"      , "620.0"
"1023", "PO01021", "USD-COMPRA", "purchase", "PADRE"                                                                                                                              , ""         , ""
""    , ""       , ""          , ""        , "  └─ Placa de alarma DSC 18-32 zonas"                                                                                               , "2.0"      , "55.0"
""    , ""       , ""          , ""        , "  └─ Modulo expansor 8 zonas DSC"                                                                                                   , "4.0"      , "29.0"
""    , ""       , ""          , ""        , "  └─ Gabinete metalico P/PC 1832/1864 - DSC"                                                                                        , "6.0"      , "17.0"
"1022", "PO01020", "USD-COMPRA", "purchase", "PADRE"                                                                                                                              , ""         , ""
""    , ""       , ""          , ""        , "  └─ MODULO EXPANSOR DE 8 ZONAS CABLEADAS NEO"                                                                                      , "1.0"      , "30.0"
"1021", "PO01019", "USD-COMPRA", "purchase", "PADRE"                                                                                                                              , ""         , ""
""    , ""       , ""          , ""        , "  └─ Camara de 2MP con contador de personas"                                                                                        , "1.0"      , "620.0"
"1020", "PO01018", "USD-COMPRA", "purchase", "PADRE"                                                                                                                              , ""         , ""
""    , ""       , ""          , ""        , "  └─ PLACA DE ALARMA DSC 8 - 64 ZONAS"                                                                                              , "1.0"      , "85.0"
"1019", "PO01017", "USD-COMPRA", "purchase", "PADRE"                                                                                                                              , ""         , ""
""    , ""       , ""          , ""        , "  └─ RECEPTOR WIRELESS DSC"                                                                                                         , "1.0"      , "40.0"
""    , ""       , ""          , ""        , "  └─ DETECTOR INFRARROJO INALAMBRICO DSC"                                                                                           , "11.0"     , "35.0"
""    , ""       , ""          , ""        , "  └─ CONTACTO MAGNETICO INALAMBRICO CON INTERRUPTOR DSC"                                                                            , "18.0"     , "28.0"
""    , ""       , ""          , ""        , "  └─ SIRENA PARA EXTERIOR DE 20W DSC"                                                                                               , "1.0"      , "7.0"
""    , ""       , ""          , ""        , "  └─ BOTON INALAMBRICO DE PANICO DSC"                                                                                               , "2.0"      , "38.0"
"1017", "PO01015", "USD-COMPRA", "purchase", "PADRE"                                                                                                                              , ""         , ""
""    , ""       , ""          , ""        , "  └─ NVR de 16 canales  16 puertos PoE 2 HDD"                                                                                       , "2.0"      , "203.0"
""    , ""       , ""          , ""        , "  └─ Bullet IP de 4MP Varifocal motorizado"                                                                                         , "6.0"      , "109.9"
"1012", "PO01010", "USD-COMPRA", "purchase", "PADRE"                                                                                                                              , ""         , ""
""    , ""       , ""          , ""        , "  └─ Modulo expansor 8 zonas DSC"                                                                                                   , "8.0"      , "30.0"
"1010", "PO01008", "USD-COMPRA", "purchase", "PADRE"                                                                                                                              , ""         , ""
""    , ""       , ""          , ""        , "  └─ CABLE UTP CAT 6 INTERIOR GRIS - Furukawua"                                                                                     , "610.0"    , "0.64315"
"1008", "PO01006", "USD-COMPRA", "purchase", "PADRE"                                                                                                                              , ""         , ""
""    , ""       , ""          , ""        , "  └─ Placa de alarma DSC 18-32 zonas"                                                                                               , "2.0"      , "55.0"
"1004", "PO01002", "USD-COMPRA", "purchase", "PADRE"                                                                                                                              , ""         , ""
""    , ""       , ""          , ""        , "  └─ Etiquetas AM Metal Sheet Label Triple Resonancia"                                                                              , "50000.0"  , "0.04"
"1003", "PO01001", "USD-COMPRA", "purchase", "PADRE"                                                                                                                              , ""         , ""
""    , ""       , ""          , ""        , "  └─ Base de montaje para sensores PIR de la linea “LC”"                                                                            , "20.0"     , "1.85"
"1000", "PO00998", "USD-COMPRA", "purchase", "PADRE"                                                                                                                              , ""         , ""
""    , ""       , ""          , ""        , "  └─ Detector IR pet immune DSC"                                                                                                    , "6.0"      , "9.5"
""    , ""       , ""          , ""        , "  └─ Humo test"                                                                                                                     , "18.0"     , "18.0"
"998" , "PO00996", "USD-COMPRA", "purchase", "PADRE"                                                                                                                              , ""         , ""
""    , ""       , ""          , ""        , "  └─ Alarma Audio Visual Thrue Alert - SIMPLEX."                                                                                    , "28.0"     , "45.27"
""    , ""       , ""          , ""        , "  └─ 100W NAC EXPANSION  6 CLASS B"                                                                                                 , "3.0"      , "151.29"
""    , ""       , ""          , ""        , "  └─ Conector de teléfono remoto con Led"                                                                                           , "3.0"      , "50.88"
""    , ""       , ""          , ""        , "  └─ Módulo principal de audio análogo. SIMPLEX"                                                                                    , "3.0"      , "77.56"
""    , ""       , ""          , ""        , "  └─ BOX TO BOX HARNESS KIT"                                                                                                        , "3.0"      , "32.87"
""    , ""       , ""          , ""        , "  └─ Amplificador Analog. 100W 220 VAC 70V SIMPLEX"                                                                                 , "5.0"      , "820.56"
""    , ""       , ""          , ""        , "  └─ 230V ES-PS PDM HARNESS"                                                                                                        , "3.0"      , "45.52"
""    , ""       , ""          , ""        , "  └─ EXPANSION PHONE CONTROLLER"                                                                                                    , "3.0"      , "186.6"
""    , ""       , ""          , ""        , "  └─ Bahía de expansión de audio - Simplex"                                                                                         , "3.0"      , "9.22"
""    , ""       , ""          , ""        , "  └─ Teléfono de bombero enchufable  pulsar para hablar color rojo"                                                                 , "3.0"      , "109.0"
""    , ""       , ""          , ""        , "  └─ AUDIO BOX TO BOX HARNESS KIT"                                                                                                  , "3.0"      , "20.18"
""    , ""       , ""          , ""        , "  └─ BATTERY DIST TERM MODULE"                                                                                                      , "6.0"      , "38.28"
""    , ""       , ""          , ""        , "  └─ 4010ES 1-BAY 2x40 LCD RETAINER"                                                                                                , "1.0"      , "386.24"
""    , ""       , ""          , ""        , "  └─ MAIN SYSTEM SLAVE II W/ IDNET2"                                                                                                , "5.0"      , "470.9"
""    , ""       , ""          , ""        , "  └─ Panel Simplex 4010ES"                                                                                                          , "5.0"      , "1183.82"
""    , ""       , ""          , ""        , "  └─ Alarma Audio Visual Thrue Alert - SIMPLEX."                                                                                    , "34.0"     , "35.65"
""    , ""       , ""          , ""        , "  └─ Panel de deteccion de Incendios 4007ES Hibrido SIMPLEX"                                                                        , "1.0"      , "668.37"
""    , ""       , ""          , ""        , "  └─ ES-PS POWER SUPPLY"                                                                                                            , "4.0"      , "324.41"
""    , ""       , ""          , ""        , "  └─ Modulo 2 Loop IDNET2 250pt SIMPLEX"                                                                                            , "2.0"      , "119.85"
""    , ""       , ""          , ""        , "  └─ Sensor de fotos analógico Humo/Calor SIMPLEX IDNET"                                                                            , "900.0"    , "17.67"
""    , ""       , ""          , ""        , "  └─ Pulsador manual doble accion SIMPLEX"                                                                                          , "150.0"    , "24.49"
""    , ""       , ""          , ""        , "  └─ Alarma audiovisual SIMPLEX"                                                                                                    , "100.0"    , "27.22"
""    , ""       , ""          , ""        , "  └─ EXPANSION PHONE CONTROLLER"                                                                                                    , "1.0"      , "146.95"
""    , ""       , ""          , ""        , "  └─ EXPANSION PHONE CONTROLLER"                                                                                                    , "2.0"      , "146.95"
""    , ""       , ""          , ""        , "  └─ CS Gateway W/IP COM 4100 SIDE"                                                                                                 , "3.0"      , "412.5"
""    , ""       , ""          , ""        , "  └─ Teléfono de bombero enchufable  pulsar para hablar color rojo"                                                                 , "3.0"      , "85.84"
""    , ""       , ""          , ""        , "  └─ Kit de etiquetas deslizables con interruptor - led"                                                                            , "1.0"      , "40.04"
""    , ""       , ""          , ""        , "  └─ Amplificador Analog. 100W 220 VAC 70V SIMPLEX"                                                                                 , "4.0"      , "646.19"
""    , ""       , ""          , ""        , "  └─ Interfaz local mode. SIMPLEX"                                                                                                  , "3.0"      , "131.09"
""    , ""       , ""          , ""        , "  └─ Módulo principal de audio análogo. SIMPLEX"                                                                                    , "1.0"      , "61.07"
""    , ""       , ""          , ""        , "  └─ Conector de teléfono remoto con Led"                                                                                           , "3.0"      , "40.07"
""    , ""       , ""          , ""        , "  └─ SSD Sensor Base SIMPLEX IDNET"                                                                                                 , "900.0"    , "13.97"
""    , ""       , ""          , ""        , "  └─ SSD Sensor Base SIMPLEX IDNET"                                                                                                 , "970.0"    , "13.97"
""    , ""       , ""          , ""        , "  └─ Detector de humo. SIMPLEX"                                                                                                     , "200.0"    , "12.18"
""    , ""       , ""          , ""        , "  └─ Sensor de temperatura Direccionado TV IDNET "                                                                                  , "72.0"     , "9.24"
""    , ""       , ""          , ""        , "  └─ Modulo Detector ZAM. SIMPLEX"                                                                                                  , "11.0"     , "23.51"
""    , ""       , ""          , ""        , "  └─ Modulo de expansion IDNET 2 Loop"                                                                                              , "2.0"      , "51.51"
""    , ""       , ""          , ""        , "  └─ NAC CARD"                                                                                                                      , "3.0"      , "77.33"
""    , ""       , ""          , ""        , "  └─ NETWORK MEDIA CARD WIRED"                                                                                                      , "8.0"      , "70.57"
""    , ""       , ""          , ""        , "  └─ BOX TO BOX HARNESS KIT"                                                                                                        , "4.0"      , "25.88"
""    , ""       , ""          , ""        , "  └─ Bahía de expansión de audio - Simplex"                                                                                         , "5.0"      , "7.26"
""    , ""       , ""          , ""        , "  └─ ES-PS FAN MODULE"                                                                                                              , "1.0"      , "46.62"
""    , ""       , ""          , ""        , "  └─ IDNAC CARD"                                                                                                                    , "2.0"      , "189.54"
""    , ""       , ""          , ""        , "  └─ Panel 4010ES IDNANC 240V Rojo SIMPLEX"                                                                                         , "1.0"      , "1228.04"
""    , ""       , ""          , ""        , "  └─ Módulo del controlador de 64 indicadores LED/64 interruptores con placa de montaje"                                            , "1.0"      , "102.63"
""    , ""       , ""          , ""        , "  └─ MC TRUEALERT S/V WALL MT RED"                                                                                                  , "30.0"     , "49.97"
""    , ""       , ""          , ""        , "  └─ AUDIO BOX TO BOX HARNESS KIT"                                                                                                  , "4.0"      , "15.89"
""    , ""       , ""          , ""        , "  └─ BATTERY DIST TERM MODULE"                                                                                                      , "6.0"      , "30.15"
""    , ""       , ""          , ""        , "  └─ 230V ES-PS PDM HARNESS"                                                                                                        , "3.0"      , "35.84"
""    , ""       , ""          , ""        , "  └─ LLave `B` cerrado"                                                                                                             , "5.0"      , "2.06"
""    , ""       , ""          , ""        , "  └─ NXP CPU CARD"                                                                                                                  , "1.0"      , "403.35"
"996" , "PO00994", "USD-COMPRA", "purchase", "PADRE"                                                                                                                              , ""         , ""
""    , ""       , ""          , ""        , "  └─ Detector termovelocimétrico"                                                                                                   , "2000.0"   , "5.9"
""    , ""       , ""          , ""        , "  └─ Detector humo calor de 2 hilos con UL"                                                                                         , "200.0"    , "6.9"
""    , ""       , ""          , ""        , "  └─ Pulsador manual de incendio convencional "                                                                                     , "250.0"    , "4.5"
""    , ""       , ""          , ""        , "  └─ Detector de Humo Calor de 4 hilos sin UL"                                                                                      , "1000.0"   , "6.2"
"995" , "PO00993", "USD-COMPRA", "purchase", "PADRE"                                                                                                                              , ""         , ""
""    , ""       , ""          , ""        , "  └─ Emitter con pilas alcalinas"                                                                                                   , "19.0"     , "206.24"
""    , ""       , ""          , ""        , "  └─ Barrera Detectora de Humo 10 - OSI 10"                                                                                         , "8.0"      , "571.1"
""    , ""       , ""          , ""        , "  └─ Barrera Detectora de Humo - OSI-90 - 80 ° Soporta Hasta 7 Emisores"                                                            , "11.0"     , "589.52"
"993" , "PO00991", "USD-COMPRA", "purchase", "PADRE"                                                                                                                              , ""         , ""
""    , ""       , ""          , ""        , "  └─ Gabinete metalico P/PC 1832/1864 - DSC"                                                                                        , "40.0"     , "17.0"
"992" , "PO00990", "USD-COMPRA", "purchase", "PADRE"                                                                                                                              , ""         , ""
""    , ""       , ""          , ""        , "  └─ Detector doble tecnologia pet immune & micro DSC"                                                                              , "25.0"     , "42.0"
""    , ""       , ""          , ""        , "  └─ Base de montaje para sensores PIR de la linea “LC”"                                                                            , "25.0"     , "1.85"
"991" , "PO00989", "USD-COMPRA", "purchase", "PADRE"                                                                                                                              , ""         , ""
""    , ""       , ""          , ""        , "  └─ Bateria alcalina para emitter OSID"                                                                                            , "100.0"    , "76.1"
"990" , "PO00988", "USD-COMPRA", "purchase", "PADRE"                                                                                                                              , ""         , ""
""    , ""       , ""          , ""        , "  └─ Domo kamado de 16 pulgadas color verde"                                                                                        , "7.0"      , "175.0"
""    , ""       , ""          , ""        , "  └─ Domo kamado de 21 pulgadas color negro"                                                                                        , "2.0"      , "336.0"
""    , ""       , ""          , ""        , "  └─ Domo kamado de 21 pulgadas color rojo"                                                                                         , "3.0"      , "336.0"
""    , ""       , ""          , ""        , "  └─ Domo kamado de 21 pulgadas color verde"                                                                                        , "2.0"      , "336.0"
""    , ""       , ""          , ""        , "  └─ Domo kamado de 21 pulgadas color azul"                                                                                         , "1.0"      , "336.0"
""    , ""       , ""          , ""        , "  └─ Domo kamado de 21 pulgadas color blanco"                                                                                       , "1.0"      , "336.0"
""    , ""       , ""          , ""        , "  └─ Domo kamado de 23 pulgadas color negro"                                                                                        , "3.0"      , "330.0"
""    , ""       , ""          , ""        , "  └─ Domo kamado de 23 pulgadas color rojo"                                                                                         , "4.0"      , "330.0"
""    , ""       , ""          , ""        , "  └─ Domo kamado de 23 pulgadas color verde"                                                                                        , "3.0"      , "330.0"
""    , ""       , ""          , ""        , "  └─ Domo kamado de 25 pulgadas color negro"                                                                                        , "3.0"      , "528.0"
""    , ""       , ""          , ""        , "  └─ Domo kamado de 25 pulgadas color rojo"                                                                                         , "2.0"      , "528.0"
""    , ""       , ""          , ""        , "  └─ Domo kamado de 25 pulgadas color verde"                                                                                        , "1.0"      , "528.0"
""    , ""       , ""          , ""        , "  └─ Domo kamado de 25 pulgadas color azul oscuro"                                                                                  , "2.0"      , "528.0"
""    , ""       , ""          , ""        , "  └─ Domo kamado de 15 pulgadas color verde claro"                                                                                  , "2.0"      , "138.0"
""    , ""       , ""          , ""        , "  └─ Domo kamado de 15 pulgadas color rojo"                                                                                         , "2.0"      , "138.0"
""    , ""       , ""          , ""        , "  └─ Domo kamado de 15 pulgadas color negro"                                                                                        , "5.0"      , "138.0"
""    , ""       , ""          , ""        , "  └─ DIFUSOR DE CALOR PARA 23`"                                                                                                     , "10.0"     , "27.0"
"986" , "PO00984", "USD-COMPRA", "purchase", "PADRE"                                                                                                                              , ""         , ""
""    , ""       , ""          , ""        , "  └─ Detector IR pet immune DSC"                                                                                                    , "10.0"     , "9.5"
""    , ""       , ""          , ""        , "  └─ Base de montaje para sensores PIR de la linea “LC”"                                                                            , "10.0"     , "1.85"
"982" , "PO00980", "USD-COMPRA", "purchase", "PADRE"                                                                                                                              , ""         , ""
""    , ""       , ""          , ""        , "  └─ Bullet IP 4MP 2.8mm POE IR 30Mts. Ranura para micro SD."                                                                       , "50.0"     , "34.5"
""    , ""       , ""          , ""        , "  └─ 4MP Lighthunter Deep Learning Varifocal Bullet Network Camera"                                                                 , "1.0"      , "759.06"
""    , ""       , ""          , ""        , "  └─ Bullet IP 5MP 2.8mm POE IR 50Mts. Ranura para micro SD. Con MIC"                                                               , "50.0"     , "45.35"
""    , ""       , ""          , ""        , "  └─ Bullet IP 2MP 2.8mm POE IR 30Mts. Ranura para micro SD. Con MIC."                                                              , "100.0"    , "27.6"
""    , ""       , ""          , ""        , "  └─ KIT 4 Cámaras domo de 2mp + NVR 4CH wifi"                                                                                      , "5.0"      , "158.72"
""    , ""       , ""          , ""        , "  └─ Cable UTP CAT5E 305m Overseas"                                                                                                 , "1.0"      , "62.14"
""    , ""       , ""          , ""        , "  └─ Cámara Cubo 2MP 10Mts. Ranura para micro SD. Con MIC & Speaker"                                                                , "50.0"     , "21.69"
""    , ""       , ""          , ""        , "  └─ Domo IP 2MP WiFi 2.8mm IR 30Mts. ranura para micro SD. Con MIC"                                                                , "50.0"     , "26.62"
""    , ""       , ""          , ""        , "  └─ Bullet IP 2MP color hunter 2.8mm POE IR 30Mts. ranura para micro SD. con MIC&Speaker"                                          , "100.0"    , "32.53"
""    , ""       , ""          , ""        , "  └─ Domo IP 2MP motorizado 2.8 a 12mm POE IR 40Mts. Ranura para micro SD. Con MIC"                                                 , "40.0"     , "50.28"
""    , ""       , ""          , ""        , "  └─ Bullet IP 2MP WiFi 2.8mm IR 30Mts. ranura para micro SD. con MIC"                                                              , "50.0"     , "25.63"
""    , ""       , ""          , ""        , "  └─ Bullet IP 4MP motorizado 2.8 a 12mm POE IR 50Mts. ranura para micro SD. Con MIC"                                               , "50.0"     , "56.19"
""    , ""       , ""          , ""        , "  └─ KIT 4 Cámaras mini bullet de 2mp + NVR 4CH wifi"                                                                               , "5.0"      , "154.75"
""    , ""       , ""          , ""        , "  └─ Fisheye IP 5MP 1.4mm POE. ranura para micro SD. con MIC."                                                                      , "10.0"     , "113.36"
""    , ""       , ""          , ""        , "  └─ 4MP Dual-spectrum Thermal Bullet Network Camera"                                                                               , "1.0"      , "399.24"
""    , ""       , ""          , ""        , "  └─ Domo IP 4MP ColorHunter 2.8mm POE IR 30Mts. Ranura para micro SD. Con MIC&Speaker."                                            , "10.0"     , "43.38"
""    , ""       , ""          , ""        , "  └─ Mini PTZ IP 2MP WiFi 5X Zoom POE IR 30Mts. Ranura para micro SD. Con MIC/Speaker. Indoor."                                     , "15.0"     , "88.72"
""    , ""       , ""          , ""        , "  └─ Domo IP 4MP 2.8mm POE IR 30Mts. Ranura para micro SD."                                                                         , "50.0"     , "34.5"
""    , ""       , ""          , ""        , "  └─ Bullet IP 4MP ColorHunter 2.8mm POE IR 30Mts. Ranura para micro SD. Con MIC&Speaker."                                          , "20.0"     , "45.34"
""    , ""       , ""          , ""        , "  └─ Domo IP 2MP color hunter 2.8mm POE IR 30Mts. Ranura para micro SD. Con MIC&Speake"                                             , "60.0"     , "31.54"
""    , ""       , ""          , ""        , "  └─ Domo IP 4MP motorizado 2.8 a 12mm POE IR 40Mts. Ranura para micro SD. Con MIC."                                                , "50.0"     , "57.18"
""    , ""       , ""          , ""        , "  └─ 4MP HD Intelligent Mini Bullet Network Camera"                                                                                 , "1.0"      , "68.56"
""    , ""       , ""          , ""        , "  └─ Smart PTZ 2MP WiFi 3.6mm IR 7Mts. Ranura para micro SD. Con MIC & Speaker"                                                     , "60.0"     , "17.25"
""    , ""       , ""          , ""        , "  └─ Twin 4MP Full-Color Intelligence 4 Inch Twin-Lens Dome Union IP Camera"                                                        , "1.0"      , "256.26"
""    , ""       , ""          , ""        , "  └─ Domo IP 5MP 2.8mm POE IR 30Mts. ranura para micro SD. Con MIC"                                                                 , "50.0"     , "45.35"
""    , ""       , ""          , ""        , "  └─ Bullet IP 2MP motorizado 2.8 a 12mm POE IR 50Mts. Ranura para micro SD. Con MIC"                                               , "40.0"     , "49.29"
""    , ""       , ""          , ""        , "  └─ Domo IP 2MP 2.8mm POE IR 30Mts. Ranura para micro SD."                                                                         , "100.0"    , "27.6"
""    , ""       , ""          , ""        , "  └─ Mini PTZ IP 2MP 4X Zoom IR 50Mts. Ranura para micro SD. Con MIC/Speaker. Outdoor."                                             , "15.0"     , "78.87"
""    , ""       , ""          , ""        , "  └─ Placa de depuración HIC5401E IPC02BDA RS232  4*3"                                                                              , "2.0"      , "0.01"
""    , ""       , ""          , ""        , "  └─ Common Socket Straight THT 4PIN Single Row 1.25mm 1A Without Lock"                                                             , "2.0"      , "0.01"
""    , ""       , ""          , ""        , "  └─ Cable serie de placa de depuración  0.27m H4(2.0) (4C*28AWG B) H4(1.25)"                                                       , "2.0"      , "0.01"
""    , ""       , ""          , ""        , "  └─ Conector común  recto  THT  4 pines  fila única  2 0 mm  2 A  sin bloqueo"                                                     , "2.0"      , "0.01"
""    , ""       , ""          , ""        , "  └─ Cable de comunicación Cable 0.27m H4(1.25) 4C*28UL1061 H4(1.25)"                                                               , "2.0"      , "0.01"
"981" , "PO00979", "USD-COMPRA", "purchase", "PADRE"                                                                                                                              , ""         , ""
""    , ""       , ""          , ""        , "  └─ DISCO DURO 8TB PURPLE - WESTER DIGITAL"                                                                                        , "2.0"      , "186.0"
"980" , "PO00978", "USD-COMPRA", "purchase", "PADRE"                                                                                                                              , ""         , ""
""    , ""       , ""          , ""        , "  └─ DISCO DURO 10TB SURVEILLANCE - SEAGATE"                                                                                        , "1.0"      , "258.5"
"978" , "PO00976", "USD-COMPRA", "purchase", "PADRE"                                                                                                                              , ""         , ""
""    , ""       , ""          , ""        , "  └─ 32 Channel 1.5U 4HDDs 16PoE WizMind - Dahua"                                                                                   , "1.0"      , "962.5"
"975" , "PO00973", "USD-COMPRA", "purchase", "PADRE"                                                                                                                              , ""         , ""
""    , ""       , ""          , ""        , "  └─ Detector IR pet immune DSC"                                                                                                    , "4.0"      , "9.5"
"974" , "PO00972", "USD-COMPRA", "purchase", "PADRE"                                                                                                                              , ""         , ""
""    , ""       , ""          , ""        , "  └─ Licencia de cámara IP PROFESIONAL por cámara. para servidor exacqVision."                                                      , "3.0"      , "135.6"
"973" , "PO00971", "USD-COMPRA", "purchase", "PADRE"                                                                                                                              , ""         , ""
""    , ""       , ""          , ""        , "  └─ Licencia de cámara IP PROFESIONAL por cámara. para servidor exacqVision."                                                      , "5.0"      , "135.6"
"972" , "PO00970", "USD-COMPRA", "purchase", "PADRE"                                                                                                                              , ""         , ""
""    , ""       , ""          , ""        , "  └─ Licencia de cámara IP PROFESIONAL por cámara. para servidor exacqVision."                                                      , "4.0"      , "135.6"
"970" , "PO00968", "USD-COMPRA", "purchase", "PADRE"                                                                                                                              , ""         , ""
""    , ""       , ""          , ""        , "  └─ Controlador de acceso/asistencia con reconocimiento facial para 1.500 usuarios"                                                , "4.0"      , "147.77"
"968" , "PO00966", "USD-COMPRA", "purchase", "PADRE"                                                                                                                              , ""         , ""
""    , ""       , ""          , ""        , "  └─ Humo test"                                                                                                                     , "20.0"     , "18.0"
"966" , "PO00964", "USD-COMPRA", "purchase", "PADRE"                                                                                                                              , ""         , ""
""    , ""       , ""          , ""        , "  └─ Base de montaje para sensores PIR de la linea “LC”"                                                                            , "100.0"    , "1.9"
"965" , "PO00963", "USD-COMPRA", "purchase", "PADRE"                                                                                                                              , ""         , ""
""    , ""       , ""          , ""        , "  └─ Kit panel 18-32 zonas con teclado PK5501"                                                                                      , "5.0"      , "87.0"
""    , ""       , ""          , ""        , "  └─ PLACA DE ALARMA DSC 8 - 64 ZONAS"                                                                                              , "2.0"      , "83.0"
""    , ""       , ""          , ""        , "  └─ Modulo comunicador Internet/Intranet DSC"                                                                                      , "1.0"      , "120.0"
""    , ""       , ""          , ""        , "  └─ Gabinete metalico P/PC 1832/1864 - DSC"                                                                                        , "5.0"      , "17.0"
"964" , "PO00962", "USD-COMPRA", "purchase", "PADRE"                                                                                                                              , ""         , ""
""    , ""       , ""          , ""        , "  └─ DISCO DURO 1TB PURPEL WESTER DIGITAL"                                                                                          , "5.0"      , "40.5"
""    , ""       , ""          , ""        , "  └─ DISCO DURO 2TB PURPLE - WESTER DIGITAL"                                                                                        , "5.0"      , "51.75"
""    , ""       , ""          , ""        , "  └─ DISCO DURO 4TB PURPLE - WESTER DIGITAL"                                                                                        , "5.0"      , "79.5"
""    , ""       , ""          , ""        , "  └─ DISCO DURO 6TB PURPLE - WESTER DIGITAL"                                                                                        , "5.0"      , "128.0"
""    , ""       , ""          , ""        , "  └─ TARJETA DE MEMORIA MICRO SD 32GB"                                                                                              , "10.0"     , "2.95"
""    , ""       , ""          , ""        , "  └─ Micro SD 64GB"                                                                                                                 , "10.0"     , "3.99"
""    , ""       , ""          , ""        , "  └─ MicroSD de 128 Gb"                                                                                                             , "10.0"     , "8.05"
"963" , "PO00961", "USD-COMPRA", "purchase", "PADRE"                                                                                                                              , ""         , ""
""    , ""       , ""          , ""        , "  └─ Detector doble tecnologia pet immune & micro DSC"                                                                              , "100.0"    , "27.0"
"961" , "PO00959", "USD-COMPRA", "purchase", "PADRE"                                                                                                                              , ""         , ""
""    , ""       , ""          , ""        , "  └─ Detector doble tecnologia pet immune & micro DSC"                                                                              , "30.0"     , "27.0"
"956" , "PO00954", "USD-COMPRA", "purchase", "PADRE"                                                                                                                              , ""         , ""
""    , ""       , ""          , ""        , "  └─ PEDESTAL RF - MONO"                                                                                                            , "20.0"     , "135.0"
""    , ""       , ""          , ""        , "  └─ Pedestal AM DUAL - KEEPER"                                                                                                     , "35.0"     , "190.0"
""    , ""       , ""          , ""        , "  └─ DESACTIVADOR ELECTRONICO 230V/50HZ"                                                                                            , "20.0"     , "70.0"
""    , ""       , ""          , ""        , "  └─ SEPARADOR MANUAL TIPO SUPERTAG MK225"                                                                                          , "35.0"     , "14.0"
""    , ""       , ""          , ""        , "  └─ SEPARADOR MANUAL PARA ULTRAGATOR -MK75"                                                                                        , "20.0"     , "28.0"
""    , ""       , ""          , ""        , "  └─ ETIQUETA AM 16MM"                                                                                                              , "130000.0" , "0.0738"
""    , ""       , ""          , ""        , "  └─ TACHUELA AM 16MM"                                                                                                              , "130000.0" , "0.0048"
""    , ""       , ""          , ""        , "  └─ TACHUELA AM 16MM"                                                                                                              , "80000.0"  , "0.0048"
"953" , "PO00951", "USD-COMPRA", "purchase", "PADRE"                                                                                                                              , ""         , ""
""    , ""       , ""          , ""        , "  └─ Pulsador manual Simple SECUTRON"                                                                                               , "400.0"    , "17.95"
"947" , "PO00945", "USD-COMPRA", "purchase", "PADRE"                                                                                                                              , ""         , ""
""    , ""       , ""          , ""        , "  └─ Nas Asustor AS5304T Cell 1.5/4bay/4gb/2-GBLAN/HDMI-AS5304T"                                                                    , "1.0"      , "723.14"
"941" , "PO00939", "USD-COMPRA", "purchase", "PADRE"                                                                                                                              , ""         , ""
""    , ""       , ""          , ""        , "  └─ Humo test"                                                                                                                     , "10.0"     , "18.0"
"940" , "PO00938", "USD-COMPRA", "purchase", "PADRE"                                                                                                                              , ""         , ""
""    , ""       , ""          , ""        , "  └─ 12MP Panoramic Network IR Fisheye Camera"                                                                                      , "2.0"      , "532.0"
"939" , "PO00937", "USD-COMPRA", "purchase", "PADRE"                                                                                                                              , ""         , ""
""    , ""       , ""          , ""        , "  └─ Amplificador Analog. 100W 220 VAC 70V SIMPLEX"                                                                                 , "1.0"      , "796.66"
"936" , "PO00934", "USD-COMPRA", "purchase", "PADRE"                                                                                                                              , ""         , ""
""    , ""       , ""          , ""        , "  └─ Etiqueta electrónica VUSION VRail 6001 2ft jetblack"                                                                           , "5.0"      , "446.77"
""    , ""       , ""          , ""        , "  └─ Power Supply 1-1 US 12V/2A=24W"                                                                                                , "5.0"      , "18.93"
""    , ""       , ""          , ""        , "  └─ Vusion Engage Rail Magnet Fixing"                                                                                              , "5.0"      , "39.8"
"935" , "PO00933", "USD-COMPRA", "purchase", "PADRE"                                                                                                                              , ""         , ""
""    , ""       , ""          , ""        , "  └─ DISCO DURO 14TB IRONWOLF PRO NAS - SEAGATE"                                                                                    , "1.0"      , "405.9"
"931" , "PO00929", "USD-COMPRA", "purchase", "PADRE"                                                                                                                              , ""         , ""
""    , ""       , ""          , ""        , "  └─ CABLE UTP CAT 6 INTERIOR GRIS - Furukawua"                                                                                     , "610.0"    , "0.64197"
"921" , "PO00919", "USD-COMPRA", "purchase", "PADRE"                                                                                                                              , ""         , ""
""    , ""       , ""          , ""        , "  └─ Cable hdmi 3 metros"                                                                                                           , "5.0"      , "2.64"
""    , ""       , ""          , ""        , "  └─ Cable HDMI de 5 metros"                                                                                                        , "5.0"      , "6.38"
""    , ""       , ""          , ""        , "  └─ TARJETA DE MEMORIA MICRO SD 32GB"                                                                                              , "15.0"     , "3.21"
""    , ""       , ""          , ""        , "  └─ MicroSD de 128 Gb"                                                                                                             , "3.0"      , "8.25"
"920" , "PO00918", "USD-COMPRA", "purchase", "PADRE"                                                                                                                              , ""         , ""
""    , ""       , ""          , ""        , "  └─ DISCO DURO 1TB PURPEL WESTER DIGITAL"                                                                                          , "1.0"      , "44.55"
""    , ""       , ""          , ""        , "  └─ DISCO DURO 2TB PURPLE - WESTER DIGITAL"                                                                                        , "2.0"      , "57.09"
""    , ""       , ""          , ""        , "  └─ DISCO DURO 4TB SURVEILLANCE - SEAGATE"                                                                                         , "3.0"      , "84.7"
""    , ""       , ""          , ""        , "  └─ DISCO DURO 14TB IRONWOLF PRO NAS - SEAGATE"                                                                                    , "1.0"      , "414.7"
"917" , "PO00915", "USD-COMPRA", "purchase", "PADRE"                                                                                                                              , ""         , ""
""    , ""       , ""          , ""        , "  └─ Monitor HIOPOS SUN de 15.6” WIFI"                                                                                              , "10.0"     , "379.0"
""    , ""       , ""          , ""        , "  └─ Segunda pantalla para monitor HIOPOS SUN de 11.6”"                                                                             , "28.0"     , "91.0"
""    , ""       , ""          , ""        , "  └─ ADAPTADOR FUENTE DE PODER"                                                                                                     , "96.0"     , "14.25"
"913" , "PO00911", "USD-COMPRA", "purchase", "PADRE"                                                                                                                              , ""         , ""
""    , ""       , ""          , ""        , "  └─ Teclado LCD a iconos para 64 zonas DSC"                                                                                        , "12.0"     , "46.0"
"912" , "PO00910", "USD-COMPRA", "purchase", "PADRE"                                                                                                                              , ""         , ""
""    , ""       , ""          , ""        , "  └─ MicroSD de 128 Gb"                                                                                                             , "2.0"      , "8.25"
""    , ""       , ""          , ""        , "  └─ Micro SD 64GB"                                                                                                                 , "5.0"      , "4.13"
"911" , "PO00909", "USD-COMPRA", "purchase", "PADRE"                                                                                                                              , ""         , ""
""    , ""       , ""          , ""        , "  └─ PATCH CORD FIBRA LC-UPC MULTIMODO 3 METROS - TP-LINK"                                                                          , "3.0"      , "7.964"
"906" , "PO00904", "USD-COMPRA", "purchase", "PADRE"                                                                                                                              , ""         , ""
""    , ""       , ""          , ""        , "  └─ XVR de 32 Ch. penta-brid 5M - Dahua"                                                                                           , "1.0"      , "255.5"
"902" , "PO00901", "USD-COMPRA", "purchase", "PADRE"                                                                                                                              , ""         , ""
""    , ""       , ""          , ""        , "  └─ Fireclass del Software  Multi Account Engine"                                                                                  , "1.0"      , "363.17"
"900" , "PO00899", "USD-COMPRA", "purchase", "PADRE"                                                                                                                              , ""         , ""
""    , ""       , ""          , ""        , "  └─ PATCH CORD FIBRA LC-UPC MULTIMODO 3 METROS - TP-LINK"                                                                          , "5.0"      , "1.1"
"887" , "PO00886", "USD-COMPRA", "purchase", "PADRE"                                                                                                                              , ""         , ""
""    , ""       , ""          , ""        , "  └─ Anunciador Remoto SIMPLEX p/ 4010ES"                                                                                           , "7.0"      , "253.85"
""    , ""       , ""          , ""        , "  └─ Modulo Detector ZAM. SIMPLEX"                                                                                                  , "61.0"     , "29.85"
""    , ""       , ""          , ""        , "  └─ Panel Simplex 4010ES"                                                                                                          , "10.0"     , "1503.256"
""    , ""       , ""          , ""        , "  └─ Anunciador Remoto SIMPLEX p/ 4010ES"                                                                                           , "2.0"      , "253.848"
""    , ""       , ""          , ""        , "  └─ Sensor de fotos analógico Humo/Calor SIMPLEX IDNET"                                                                            , "875.0"    , "22.432"
""    , ""       , ""          , ""        , "  └─ Sensor de temperatura Direccionado TV IDNET "                                                                                  , "59.0"     , "11.728"
""    , ""       , ""          , ""        , "  └─ SSD Sensor Base SIMPLEX IDNET"                                                                                                 , "974.0"    , "17.728"
""    , ""       , ""          , ""        , "  └─ Pulsador manual doble accion SIMPLEX"                                                                                          , "141.0"    , "31.088"
""    , ""       , ""          , ""        , "  └─ Alarma audiovisual SIMPLEX"                                                                                                    , "137.0"    , "34.56"
""    , ""       , ""          , ""        , "  └─ Modulo Detector ZAM. SIMPLEX"                                                                                                  , "130.0"    , "29.848"
"885" , "PO00884", "USD-COMPRA", "purchase", "PADRE"                                                                                                                              , ""         , ""
""    , ""       , ""          , ""        , "  └─ XVR de 32 Ch. penta-brid 5M - Dahua"                                                                                           , "1.0"      , "255.5"
"884" , "PO00883", "USD-COMPRA", "purchase", "PADRE"                                                                                                                              , ""         , ""
""    , ""       , ""          , ""        , "  └─ UPS APS POWER 2000V.A. VI"                                                                                                     , "1.0"      , "123.3"
"883" , "PO00882", "USD-COMPRA", "purchase", "PADRE"                                                                                                                              , ""         , ""
""    , ""       , ""          , ""        , "  └─ Panel Direccionable FC506 500 Puntos"                                                                                          , "3.0"      , "724.13"
""    , ""       , ""          , ""        , "  └─ Panel Repetidor Serie FC500"                                                                                                   , "2.0"      , "238.395"
""    , ""       , ""          , ""        , "  └─ Sirena de pared direccionable FC440AIR VID - Fireclass"                                                                        , "100.0"    , "75.1972"
""    , ""       , ""          , ""        , "  └─ Sensor térmico analógico FC460 FIRECLASS"                                                                                      , "120.0"    , "17.0846"
""    , ""       , ""          , ""        , "  └─ Sensor térmico analógico FC460 FIRECLASS"                                                                                      , "80.0"     , "17.0845"
""    , ""       , ""          , ""        , "  └─ Sensor Dual Optico Termico FC460PH FIRECLASS"                                                                                  , "500.0"    , "24.4088"
""    , ""       , ""          , ""        , "  └─ Detector Termovelocimétrico Convencional 701H- Fireclass"                                                                      , "19.0"     , "5.8316"
""    , ""       , ""          , ""        , "  └─ Detector Humo/Calor Convencional 701P - Fireclass"                                                                             , "194.0"    , "6.4272"
""    , ""       , ""          , ""        , "  └─ Detector Humo/Calor Convencional 701P - Fireclass"                                                                             , "6.0"      , "6.4267"
""    , ""       , ""          , ""        , "  └─ Panel Convencional Fireclass de 4 zonas J408-4 - Fireclass"                                                                    , "20.0"     , "124.09"
""    , ""       , ""          , ""        , "  └─ Panel J424-8 Fireclass"                                                                                                        , "20.0"     , "190.6555"
""    , ""       , ""          , ""        , "  └─ Módulo expansor de 8 zonas Fireclass"                                                                                          , "30.0"     , "39.0493"
""    , ""       , ""          , ""        , "  └─ Panel Direccionable FC506 500 Puntos"                                                                                          , "4.0"      , "745.855"
""    , ""       , ""          , ""        , "  └─ BASE 4B 4` - FIRECLASS"                                                                                                        , "500.0"    , "2.1086"
""    , ""       , ""          , ""        , "  └─ Sensor térmico analógico FC460 FIRECLASS"                                                                                      , "100.0"    , "17.0846"
""    , ""       , ""          , ""        , "  └─ Sensor Dual Optico Termico FC460PH FIRECLASS"                                                                                  , "300.0"    , "24.4088"
""    , ""       , ""          , ""        , "  └─ Módulo IP para Central Analógica FC501FC FIRECLASS"                                                                            , "10.0"     , "122.668"
""    , ""       , ""          , ""        , "  └─ Sirena de pared direccionable FC440AIR VID - Fireclass"                                                                        , "30.0"     , "75.1973"
"882" , "PO00881", "USD-COMPRA", "purchase", "PADRE"                                                                                                                              , ""         , ""
""    , ""       , ""          , ""        , "  └─ Detector de Flama"                                                                                                             , "42.0"     , "173.75"
"881" , "PO00880", "USD-COMPRA", "purchase", "PADRE"                                                                                                                              , ""         , ""
""    , ""       , ""          , ""        , "  └─ Detector de Humo Calor de 4 hilos sin UL"                                                                                      , "4000.0"   , "6.2"
""    , ""       , ""          , ""        , "  └─ Detector de Humo Calor con UL SV"                                                                                              , "3000.0"   , "8.2"
""    , ""       , ""          , ""        , "  └─ Detector termovelocimétrico"                                                                                                   , "500.0"    , "5.9"
""    , ""       , ""          , ""        , "  └─ Detector de Humo Calor fotoeléctrico de 2 cables"                                                                              , "200.0"    , "5.0"
"879" , "PO00878", "USD-COMPRA", "purchase", "PADRE"                                                                                                                              , ""         , ""
""    , ""       , ""          , ""        , "  └─ Arco Detector de metales IntelliScan 18 Zone - Ranger"                                                                         , "2.0"      , "2350.0"
"878" , "PO00877", "USD-COMPRA", "purchase", "PADRE"                                                                                                                              , ""         , ""
""    , ""       , ""          , ""        , "  └─ CONTROLADORA PARA PTZ IP JOYSTICK DE 3 EJES PANTALLA 75 X 33MM PUERTOS RJ45/RS485/RS422/RS232/USB"                             , "1.0"      , "174.36"
"875" , "PO00874", "USD-COMPRA", "purchase", "PADRE"                                                                                                                              , ""         , ""
""    , ""       , ""          , ""        , "  └─ Gabinete metalico P/PC 1832/1864 - DSC"                                                                                        , "2.0"      , "17.0"
""    , ""       , ""          , ""        , "  └─ Kit panel 18-32 zonas con teclado PK5501"                                                                                      , "4.0"      , "87.0"
"866" , "PO00865", "USD-COMPRA", "purchase", "PADRE"                                                                                                                              , ""         , ""
""    , ""       , ""          , ""        , "  └─ Teclado LCD alfanumerico 64zonas con 5 term DSC"                                                                               , "3.0"      , "85.0"
"865" , "PO00864", "USD-COMPRA", "purchase", "PADRE"                                                                                                                              , ""         , ""
""    , ""       , ""          , ""        , "  └─ Modulo expansor 8 zonas DSC"                                                                                                   , "6.0"      , "29.0"
"862" , "PO00861", "USD-COMPRA", "purchase", "PADRE"                                                                                                                              , ""         , ""
""    , ""       , ""          , ""        , "  └─ Gabinete metalico P/PC 1832/1864 - DSC"                                                                                        , "7.0"      , "17.0"
""    , ""       , ""          , ""        , "  └─ Kit panel + teclado -DSC"                                                                                                      , "2.0"      , "48.0"
""    , ""       , ""          , ""        , "  └─ Kit panel 18-32 zonas con teclado PK5501"                                                                                      , "2.0"      , "87.0"
"861" , "PO00860", "USD-COMPRA", "purchase", "PADRE"                                                                                                                              , ""         , ""
""    , ""       , ""          , ""        , "  └─ Humo test"                                                                                                                     , "10.0"     , "18.0"
"859" , "PO00858", "USD-COMPRA", "purchase", "PADRE"                                                                                                                              , ""         , ""
""    , ""       , ""          , ""        , "  └─ TARJETA DE MEMORIA MICRO SD 32GB"                                                                                              , "20.0"     , "3.058"
"856" , "PO00855", "USD-COMPRA", "purchase", "PADRE"                                                                                                                              , ""         , ""
""    , ""       , ""          , ""        , "  └─ Teclado LCD a iconos para 64 zonas DSC"                                                                                        , "1.0"      , "47.0"
""    , ""       , ""          , ""        , "  └─ PLACA DE ALARMA DSC 8 - 64 ZONAS"                                                                                              , "1.0"      , "83.0"
""    , ""       , ""          , ""        , "  └─ Modulo expansor 8 zonas DSC"                                                                                                   , "8.0"      , "29.0"
""    , ""       , ""          , ""        , "  └─ Gabinete metalico P/PC 1832/1864 - DSC"                                                                                        , "1.0"      , "17.0"
"851" , "PO00850", "USD-COMPRA", "purchase", "PADRE"                                                                                                                              , ""         , ""
""    , ""       , ""          , ""        , "  └─ UPS VERTIV GXTRT-3000IRT2UXL ONLINE 2700W 230V"                                                                                , "1.0"      , "603.1"
"847" , "PO00847", "USD-COMPRA", "purchase", "PADRE"                                                                                                                              , ""         , ""
""    , ""       , ""          , ""        , "  └─ DISCO DURO 1TB PURPEL WESTER DIGITAL"                                                                                          , "5.0"      , "45.54"
"845" , "PO00845", "USD-COMPRA", "purchase", "PADRE"                                                                                                                              , ""         , ""
""    , ""       , ""          , ""        , "  └─ DISCO DURO 8TB SKYHAW AI - SEAGATE"                                                                                            , "14.0"     , "205.7"
"844" , "PO00844", "USD-COMPRA", "purchase", "PADRE"                                                                                                                              , ""         , ""
""    , ""       , ""          , ""        , "  └─ 32 Channel 1.5U 4HDDs 16PoE WizMind - Dahua"                                                                                   , "3.0"      , "962.5"
"843" , "PO00843", "USD-COMPRA", "purchase", "PADRE"                                                                                                                              , ""         , ""
""    , ""       , ""          , ""        , "  └─ Flush P11 cnfd  FCC  white - SENSORMATIC"                                                                                      , "12.0"     , "121.8931"
""    , ""       , ""          , ""        , "  └─ IMPINJ OHD  BLW  RDR  WHT  NA"                                                                                                 , "5.0"      , "2631.2611"
""    , ""       , ""          , ""        , "  └─ Cable de Alimentación - Sensormatic"                                                                                           , "2.0"      , "2.4398"
""    , ""       , ""          , ""        , "  └─ Cable CAT6 PCH RJ45M 7 - Sensormatic"                                                                                          , "14.0"     , "6.6627"
""    , ""       , ""          , ""        , "  └─ Caño Extensible Telescópico para Overhead - Sensormatic"                                                                       , "5.0"      , "71.6607"
""    , ""       , ""          , ""        , "  └─ Placa de Red RS435 - Sensormatic"                                                                                              , "2.0"      , "834.0566"
"840" , "PO00840", "USD-COMPRA", "purchase", "PADRE"                                                                                                                              , ""         , ""
""    , ""       , ""          , ""        , "  └─ Barrera Detectora de Humo - OSI-90 - 80 ° Soporta Hasta 7 Emisores"                                                            , "22.0"     , "583.24"
""    , ""       , ""          , ""        , "  └─ Barrera Detectora de Humo 10 - OSI 10"                                                                                         , "12.0"     , "565.02"
""    , ""       , ""          , ""        , "  └─ Emitter con pilas alcalinas"                                                                                                   , "12.0"     , "209.62"
"839" , "PO00839", "USD-COMPRA", "purchase", "PADRE"                                                                                                                              , ""         , ""
""    , ""       , ""          , ""        , "  └─ Kit panel + teclado -DSC"                                                                                                      , "5.0"      , "46.0"
""    , ""       , ""          , ""        , "  └─ Modulo expansor 8 zonas DSC"                                                                                                   , "3.0"      , "29.0"
"837" , "PO00837", "USD-COMPRA", "purchase", "PADRE"                                                                                                                              , ""         , ""
""    , ""       , ""          , ""        , "  └─ MicroSD de 128 Gb"                                                                                                             , "5.0"      , "10.29"
"836" , "PO00836", "USD-COMPRA", "purchase", "PADRE"                                                                                                                              , ""         , ""
""    , ""       , ""          , ""        , "  └─ Desactivador de Etiquetas AMB 9010 - Sensormatic"                                                                              , "1.0"      , "166.19"
"834" , "PO00834", "USD-COMPRA", "purchase", "PADRE"                                                                                                                              , ""         , ""
""    , ""       , ""          , ""        , "  └─ Kit panel 18-32 zonas con teclado PK5501"                                                                                      , "5.0"      , "87.0"
""    , ""       , ""          , ""        , "  └─ Gabinete metalico P/PC 1832/1864 - DSC"                                                                                        , "5.0"      , "17.0"
"821" , "PO00821", "USD-COMPRA", "purchase", "PADRE"                                                                                                                              , ""         , ""
""    , ""       , ""          , ""        , "  └─ TARJETA DE MEMORIA MICRO SD 32GB"                                                                                              , "10.0"     , "3.05"
""    , ""       , ""          , ""        , "  └─ MicroSD de 128 Gb"                                                                                                             , "1.0"      , "10.01"
"819" , "PO00819", "USD-COMPRA", "purchase", "PADRE"                                                                                                                              , ""         , ""
""    , ""       , ""          , ""        , "  └─ Detector termovelocimétrico de 90grados"                                                                                       , "100.0"    , "12.44"
""    , ""       , ""          , ""        , "  └─ Detector Termovelocimetrico 57° System Sensor"                                                                                 , "200.0"    , "12.44"
"817" , "PO00817", "USD-COMPRA", "purchase", "PADRE"                                                                                                                              , ""         , ""
""    , ""       , ""          , ""        , "  └─ Fuente para AMB2011 -  Sensormatic"                                                                                            , "25.0"     , "53.633"
""    , ""       , ""          , ""        , "  └─ Etiqueta Adhesiva AM SENSORMATIC (VPL)"                                                                                        , "1000000.0", "0.01358"
""    , ""       , ""          , ""        , "  └─ Tachuela cabeza de plastico SENSORMATIC"                                                                                       , "30000.0"  , "0.0449"
""    , ""       , ""          , ""        , "  └─ Pedestal Primario AMS1146 Ultra 1.5"                                                                                           , "15.0"     , "568.6481"
""    , ""       , ""          , ""        , "  └─ Pedestal Secundario AMS1146 Ultra 1.5"                                                                                         , "13.0"     , "304.2637"
""    , ""       , ""          , ""        , "  └─ Controlador Synergy  ZE9060-2C 2 CH SENSORMATIC"                                                                               , "2.0"      , "835.9172"
""    , ""       , ""          , ""        , "  └─ Pedestal 1170 intergrated Primario - Sensormatic - negro"                                                                      , "2.0"      , "888.455"
""    , ""       , ""          , ""        , "  └─ Pedestal 1170 Intergared Secundario - Sensormatic  negro"                                                                      , "2.0"      , "797.6529"
""    , ""       , ""          , ""        , "  └─ SS Cable - Sensormatic"                                                                                                        , "2.0"      , "64.8796"
""    , ""       , ""          , ""        , "  └─ Pedestal Synergy Secundario 2.5   Gris - Sensormatic"                                                                          , "3.0"      , "796.188"
""    , ""       , ""          , ""        , "  └─ Pedestal Synergy Primario 2.5  Gris - Sensormatic"                                                                             , "3.0"      , "887.674"
""    , ""       , ""          , ""        , "  └─ SS Cable - Sensormatic"                                                                                                        , "3.0"      , "64.8796"
"815" , "PO00815", "USD-COMPRA", "purchase", "PADRE"                                                                                                                              , ""         , ""
""    , ""       , ""          , ""        , "  └─ Gabinete metalico P/PC 1832/1864 - DSC"                                                                                        , "5.0"      , "17.0"
""    , ""       , ""          , ""        , "  └─ Kit panel + teclado -DSC"                                                                                                      , "3.0"      , "46.0"
""    , ""       , ""          , ""        , "  └─ PLACA DE ALARMA DSC 8 - 64 ZONAS"                                                                                              , "1.0"      , "85.0"
"808" , "PO00808", "USD-COMPRA", "purchase", "PADRE"                                                                                                                              , ""         , ""
""    , ""       , ""          , ""        , "  └─ Modulo expansor 8 zonas DSC"                                                                                                   , "4.0"      , "29.0"
""    , ""       , ""          , ""        , "  └─ Gabinete metalico P/PC 1832/1864 - DSC"                                                                                        , "5.0"      , "17.0"
""    , ""       , ""          , ""        , "  └─ Detector IR pet immune DSC"                                                                                                    , "12.0"     , "9.5"
"805" , "PO00805", "USD-COMPRA", "purchase", "PADRE"                                                                                                                              , ""         , ""
""    , ""       , ""          , ""        , "  └─ MIKROTIK CLOUD CORE ROUTER"                                                                                                    , "1.0"      , "650.0"
"801" , "PO00801", "USD-COMPRA", "purchase", "PADRE"                                                                                                                              , ""         , ""
""    , ""       , ""          , ""        , "  └─ DISCO DURO 8TB SKYHAW AI - SEAGATE"                                                                                            , "4.0"      , "205.15"
"800" , "PO00800", "USD-COMPRA", "purchase", "PADRE"                                                                                                                              , ""         , ""
""    , ""       , ""          , ""        , "  └─ Televisor de  32` JVC LT32N750U HD DIG/SMART/HDMI"                                                                             , "1.0"      , "174.79"
"798" , "PO00798", "USD-COMPRA", "purchase", "PADRE"                                                                                                                              , ""         , ""
""    , ""       , ""          , ""        , "  └─ XVR de 32 Ch. penta-brid 5M - Dahua"                                                                                           , "1.0"      , "255.5"
"792" , "PO00792", "USD-COMPRA", "purchase", "PADRE"                                                                                                                              , ""         , ""
""    , ""       , ""          , ""        , "  └─ Kit panel 18-32 zonas con teclado PK550"                                                                                       , "5.0"      , "87.0"
""    , ""       , ""          , ""        , "  └─ Gabinete metalico P/PC 1832/1864 - DSC"                                                                                        , "3.0"      , "17.0"
"788" , "PO00788", "USD-COMPRA", "purchase", "PADRE"                                                                                                                              , ""         , ""
""    , ""       , ""          , ""        , "  └─ Detector de Flama"                                                                                                             , "40.0"     , "173.75"
"787" , "PO00787", "USD-COMPRA", "purchase", "PADRE"                                                                                                                              , ""         , ""
""    , ""       , ""          , ""        , "  └─ Tarjeta Fuente de Energia SIMPLEX"                                                                                             , "1.0"      , "359.03"
""    , ""       , ""          , ""        , "  └─ Placa madre cpu RUI"                                                                                                           , "1.0"      , "137.61"
"786" , "PO00786", "USD-COMPRA", "purchase", "PADRE"                                                                                                                              , ""         , ""
""    , ""       , ""          , ""        , "  └─ Monitor Viewsonic 22`"                                                                                                         , "1.0"      , "103.39"
"782" , "PO00782", "USD-COMPRA", "purchase", "PADRE"                                                                                                                              , ""         , ""
""    , ""       , ""          , ""        , "  └─ Gabinete metalico P/PC 1832/1864 - DSC"                                                                                        , "5.0"      , "17.0"
""    , ""       , ""          , ""        , "  └─ Kit panel 18-32 zonas con teclado PK5501"                                                                                      , "3.0"      , "87.0"
""    , ""       , ""          , ""        , "  └─ Kit panel + teclado -DSC"                                                                                                      , "3.0"      , "46.0"
"781" , "PO00781", "USD-COMPRA", "purchase", "PADRE"                                                                                                                              , ""         , ""
""    , ""       , ""          , ""        , "  └─ ETIQUETA AM 16MM"                                                                                                              , "150000.0" , "0.0786"
""    , ""       , ""          , ""        , "  └─ TACHUELA AM 16MM"                                                                                                              , "190000.0" , "0.0"
""    , ""       , ""          , ""        , "  └─ SEPARADOR MANUAL TIPO SUPERTAG MK225"                                                                                          , "50.0"     , "14.0"
"780" , "PO00780", "USD-COMPRA", "purchase", "PADRE"                                                                                                                              , ""         , ""
""    , ""       , ""          , ""        , "  └─ Detector humo calor de 2 hilos con UL"                                                                                         , "500.0"    , "6.9"
""    , ""       , ""          , ""        , "  └─ Detector termovelocimétrico de 2 hilos "                                                                                       , "100.0"    , "5.3"
""    , ""       , ""          , ""        , "  └─ Detector de Humo Calor de 4 hilos sin UL"                                                                                      , "2000.0"   , "6.2"
""    , ""       , ""          , ""        , "  └─ Detector de Humo Calor con UL SV"                                                                                              , "500.0"    , "8.2"
""    , ""       , ""          , ""        , "  └─ Detector termovelocimétrico"                                                                                                   , "200.0"    , "5.9"
"779" , "PO00779", "USD-COMPRA", "purchase", "PADRE"                                                                                                                              , ""         , ""
""    , ""       , ""          , ""        , "  └─ CABLE 18/2 MALLADO"                                                                                                            , "12200.0"  , "0.45672"
""    , ""       , ""          , ""        , "  └─ CABLE 18/2 SIN MALLA"                                                                                                          , "6100.0"   , "0.41574"
""    , ""       , ""          , ""        , "  └─ CABLE 22/4 AWG MALLADO MTS"                                                                                                    , "5185.0"   , "0.40852"
"777" , "PO00777", "USD-COMPRA", "purchase", "PADRE"                                                                                                                              , ""         , ""
""    , ""       , ""          , ""        , "  └─ Bullet IP de 2MP 2.8mm S5"                                                                                                     , "20.0"     , "33.25"
"775" , "PO00775", "USD-COMPRA", "purchase", "PADRE"                                                                                                                              , ""         , ""
""    , ""       , ""          , ""        , "  └─ Controlador de asistencia y acceso biométrico"                                                                                 , "3.0"      , "96.67"
"774" , "PO00774", "USD-COMPRA", "purchase", "PADRE"                                                                                                                              , ""         , ""
""    , ""       , ""          , ""        , "  └─ Micro SD 64GB"                                                                                                                 , "30.0"     , "4.73"
"773" , "PO00773", "USD-COMPRA", "purchase", "PADRE"                                                                                                                              , ""         , ""
""    , ""       , ""          , ""        , "  └─ Kit panel + teclado -DSC"                                                                                                      , "3.0"      , "42.0"
"769" , "PO00769", "USD-COMPRA", "purchase", "PADRE"                                                                                                                              , ""         , ""
""    , ""       , ""          , ""        , "  └─ Teclado LCD a iconos para 64 zonas DSC"                                                                                        , "3.0"      , "46.0"
"768" , "PO00768", "USD-COMPRA", "purchase", "PADRE"                                                                                                                              , ""         , ""
""    , ""       , ""          , ""        , "  └─ Tarjeta 4100U 2X40 IFC BD - Simplex"                                                                                           , "1.0"      , "316.78"
"767" , "PO00767", "USD-COMPRA", "purchase", "PADRE"                                                                                                                              , ""         , ""
""    , ""       , ""          , ""        , "  └─ Grabador de 16 Ch 5mp"                                                                                                         , "3.0"      , "100.8"
"764" , "PO00764", "USD-COMPRA", "purchase", "PADRE"                                                                                                                              , ""         , ""
""    , ""       , ""          , ""        , "  └─ BATERIA GEL 12V 7 AMPER"                                                                                                       , "100.0"    , "11.5"
"758" , "PO00758", "USD-COMPRA", "purchase", "PADRE"                                                                                                                              , ""         , ""
""    , ""       , ""          , ""        , "  └─ Detector IR pet immune DSC"                                                                                                    , "30.0"     , "9.5"
"756" , "PO00756", "USD-COMPRA", "purchase", "PADRE"                                                                                                                              , ""         , ""
""    , ""       , ""          , ""        , "  └─ Humo test"                                                                                                                     , "10.0"     , "18.0"
"753" , "PO00753", "USD-COMPRA", "purchase", "PADRE"                                                                                                                              , ""         , ""
""    , ""       , ""          , ""        , "  └─ Barrera Detectora de Humo FireOne - Fireclass"                                                                                 , "60.0"     , "269.9658"
""    , ""       , ""          , ""        , "  └─ Pulsador de alarma direccionable rearmable FC420CP-I FIRECLASS"                                                                , "100.0"    , "25.1212"
""    , ""       , ""          , ""        , "  └─ BASE 4B 4` - FIRECLASS"                                                                                                        , "800.0"    , "2.1086"
""    , ""       , ""          , ""        , "  └─ Fuente De Alimentación BAW75T24  - FIRECLASS"                                                                                  , "10.0"     , "45.149"
""    , ""       , ""          , ""        , "  └─ Fuente de alimentación 24v 5amper BAW50T24  - Fireclass"                                                                       , "5.0"      , "35.51"
""    , ""       , ""          , ""        , "  └─ Panel Convencional Fireclass de 4 zonas J408-4 - Fireclass"                                                                    , "16.0"     , "124.09"
""    , ""       , ""          , ""        , "  └─ Panel J424-8 Fireclass"                                                                                                        , "10.0"     , "190.655"
""    , ""       , ""          , ""        , "  └─ Módulo expansor de 8 zonas Fireclass"                                                                                          , "10.0"     , "39.049"
"752" , "PO00752", "USD-COMPRA", "purchase", "PADRE"                                                                                                                              , ""         , ""
""    , ""       , ""          , ""        , "  └─ Gabinete metalico P/PC 1832/1864 - DSC"                                                                                        , "3.0"      , "17.0"
""    , ""       , ""          , ""        , "  └─ Placa de alarma DSC 18-32 zonas"                                                                                               , "2.0"      , "87.0"
"745" , "PO00745", "USD-COMPRA", "purchase", "PADRE"                                                                                                                              , ""         , ""
""    , ""       , ""          , ""        , "  └─ Domo IP de 5MP PoE"                                                                                                            , "3.0"      , "54.25"
"743" , "PO00743", "USD-COMPRA", "purchase", "PADRE"                                                                                                                              , ""         , ""
""    , ""       , ""          , ""        , "  └─ Soporte en L para cerradura de 280kg ZUDSEC"                                                                                   , "50.0"     , "2.7"
""    , ""       , ""          , ""        , "  └─ Cerradura electromagnética de 500kg con LED - ZUDSEC"                                                                          , "10.0"     , "25.9"
""    , ""       , ""          , ""        , "  └─ Soporte L para cerradura ZDL-500 - Zudsec"                                                                                     , "5.0"      , "5.2"
""    , ""       , ""          , ""        , "  └─ Soporte Z para cerradura ZDL-500 - Zudsec"                                                                                     , "5.0"      , "9.8"
""    , ""       , ""          , ""        , "  └─ Fuente de alimentación 12v 5A con ranura para batería 12v7A"                                                                   , "60.0"     , "10.5"
""    , ""       , ""          , ""        , "  └─ Conector BNC - Zudsec"                                                                                                         , "500.0"    , "0.15"
""    , ""       , ""          , ""        , "  └─ Detector humo/calor inalámbrico ZUDSEC"                                                                                        , "100.0"    , "8.8"
""    , ""       , ""          , ""        , "  └─ Sirena Audiovisual Incendio 3 tonos 110dB 12V ZUDSEC"                                                                          , "300.0"    , "6.25"
""    , ""       , ""          , ""        , "  └─ Pulsador tipo rompe vidrio - ZUDSEC"                                                                                           , "300.0"    , "2.25"
""    , ""       , ""          , ""        , "  └─ Contacto magnetico adhesivo blanco ZUDSEC"                                                                                     , "3000.0"   , "0.59"
""    , ""       , ""          , ""        , "  └─ Botón de pánico reseteable - ZUDSEC"                                                                                           , "100.0"    , "0.65"
""    , ""       , ""          , ""        , "  └─ Cámara PTZ con panel solar integrado WIFI - ZUDSEC"                                                                            , "50.0"     , "74.9"
"741" , "PO00741", "USD-COMPRA", "purchase", "PADRE"                                                                                                                              , ""         , ""
""    , ""       , ""          , ""        , "  └─ Bullet HDCVI 1080p Full Color 2.8mm"                                                                                           , "30.0"     , "16.52"
""    , ""       , ""          , ""        , "  └─ Domo HDCVI de 2MP Full Color"                                                                                                  , "10.0"     , "17.08"
""    , ""       , ""          , ""        , "  └─ Bullet IP Full Color de 2MP. Alcance 15mts. PoE"                                                                               , "10.0"     , "35.35"
""    , ""       , ""          , ""        , "  └─ Switch PoE de 4 puertos"                                                                                                       , "5.0"      , "27.02"
""    , ""       , ""          , ""        , "  └─ NVR de 32 canales 2HDD 4K Lite"                                                                                                , "1.0"      , "220.43"
""    , ""       , ""          , ""        , "  └─ Bullet WIFI Imou de 2MP"                                                                                                       , "10.0"     , "30.8"
""    , ""       , ""          , ""        , "  └─ Grabador de 16 Ch 5mp"                                                                                                         , "5.0"      , "100.8"
""    , ""       , ""          , ""        , "  └─ Grabador de 32 ch hasta 4mp"                                                                                                   , "2.0"      , "171.5"
""    , ""       , ""          , ""        , "  └─ XVR de 32 Ch. penta-brid 5M - Dahua"                                                                                           , "2.0"      , "255.5"
"736" , "PO00736", "USD-COMPRA", "purchase", "PADRE"                                                                                                                              , ""         , ""
""    , ""       , ""          , ""        , "  └─ Modulo expansor 8 zonas DSC"                                                                                                   , "3.0"      , "28.0"
""    , ""       , ""          , ""        , "  └─ Gabinete metalico P/PC 1832/1864 - DSC"                                                                                        , "1.0"      , "17.0"
""    , ""       , ""          , ""        , "  └─ Kit panel 18-32 zonas con teclado PK5501"                                                                                      , "3.0"      , "87.0"
"732" , "PO00732", "USD-COMPRA", "purchase", "PADRE"                                                                                                                              , ""         , ""
""    , ""       , ""          , ""        , "  └─ Kit panel + teclado -DSC"                                                                                                      , "2.0"      , "42.0"
""    , ""       , ""          , ""        , "  └─ Kit panel 18-32 zonas con teclado PK5501"                                                                                      , "3.0"      , "87.0"
"731" , "PO00731", "USD-COMPRA", "purchase", "PADRE"                                                                                                                              , ""         , ""
""    , ""       , ""          , ""        , "  └─ Gabinete metalico P/PC 1832/1864 - DSC"                                                                                        , "3.0"      , "17.0"
"730" , "PO00730", "USD-COMPRA", "purchase", "PADRE"                                                                                                                              , ""         , ""
""    , ""       , ""          , ""        , "  └─ Bullet IP de 2MP 2.8mm S5"                                                                                                     , "18.0"     , "33.25"
"729" , "PO00729", "USD-COMPRA", "purchase", "PADRE"                                                                                                                              , ""         , ""
""    , ""       , ""          , ""        , "  └─ Panel Direccionable FC506 500 Puntos"                                                                                          , "2.0"      , "724.13"
""    , ""       , ""          , ""        , "  └─ Panel direccionable FC501 para 128 puntos FIRECLASS"                                                                           , "5.0"      , "376.592"
""    , ""       , ""          , ""        , "  └─ Pulsador de alarma direccionable rearmable FC420CP-I FIRECLASS"                                                                , "100.0"    , "24.3906"
""    , ""       , ""          , ""        , "  └─ Panel Convencional Fireclass de 4 zonas J408-4 - Fireclass"                                                                    , "20.0"     , "120.476"
""    , ""       , ""          , ""        , "  └─ Panel J424-8 Fireclass"                                                                                                        , "20.0"     , "185.102"
""    , ""       , ""          , ""        , "  └─ Módulo expansor de 8 zonas Fireclass"                                                                                          , "15.0"     , "37.9133"
""    , ""       , ""          , ""        , "  └─ Barrera Detectora de Humo FireOne - Fireclass"                                                                                 , "20.0"     , "269.966"
""    , ""       , ""          , ""        , "  └─ J400- LCD modulo para panel FIRECLASS"                                                                                         , "3.0"      , "31.29"
""    , ""       , ""          , ""        , "  └─ Panel repetidor para central J424-8"                                                                                           , "5.0"      , "98.446"
""    , ""       , ""          , ""        , "  └─ Panel Convencional Fireclass 2 zonas J408-2"                                                                                   , "30.0"     , "113.4823"
"727" , "PO00727", "USD-COMPRA", "purchase", "PADRE"                                                                                                                              , ""         , ""
""    , ""       , ""          , ""        , "  └─ DISCO DURO 1TB SURVEILLANCE - SEAGATE"                                                                                         , "6.0"      , "43.95"
""    , ""       , ""          , ""        , "  └─ TARJETA DE MEMORIA MICRO SD 32GB"                                                                                              , "28.0"     , "3.28"
"718" , "PO00718", "USD-COMPRA", "purchase", "PADRE"                                                                                                                              , ""         , ""
""    , ""       , ""          , ""        , "  └─ CABLE UTP CAT 6 INTERIOR GRIS - Furukawua"                                                                                     , "1525.0"   , "0.6105"
"716" , "PO00716", "USD-COMPRA", "purchase", "PADRE"                                                                                                                              , ""         , ""
""    , ""       , ""          , ""        , "  └─ Placa de filtro / tapa Ultraexit - Sensormatic"                                                                                , "4.0"      , "143.2717"
"714" , "PO00714", "USD-COMPRA", "purchase", "PADRE"                                                                                                                              , ""         , ""
""    , ""       , ""          , ""        , "  └─ Detector IR pet immune DSC"                                                                                                    , "12.0"     , "9.5"
""    , ""       , ""          , ""        , "  └─ Modulo expansor 8 zonas DSC"                                                                                                   , "2.0"      , "28.0"
"707" , "PO00707", "USD-COMPRA", "purchase", "PADRE"                                                                                                                              , ""         , ""
""    , ""       , ""          , ""        , "  └─ BACpac Ethernet Portal Module"                                                                                                 , "1.0"      , "1010.28"
"706" , "PO00706", "USD-COMPRA", "purchase", "PADRE"                                                                                                                              , ""         , ""
""    , ""       , ""          , ""        , "  └─ Cable conductor mallado (1x4x22 AWG) bobina de 300m"                                                                           , "2.0"      , "240.0"
"700" , "PO00700", "USD-COMPRA", "purchase", "PADRE"                                                                                                                              , ""         , ""
""    , ""       , ""          , ""        , "  └─ Bullet IP de 2MP 2.8mm S5"                                                                                                     , "20.0"     , "34.16"
"698" , "PO00698", "USD-COMPRA", "purchase", "PADRE"                                                                                                                              , ""         , ""
""    , ""       , ""          , ""        , "  └─ Notebook ASUS CI3 K513EA-BQ2405W/15/"                                                                                          , "2.0"      , "443.59"
""    , ""       , ""          , ""        , "  └─ Notebook ASUS C I7 X515EA/"                                                                                                    , "1.0"      , "722.07"
"697" , "PO00697", "USD-COMPRA", "purchase", "PADRE"                                                                                                                              , ""         , ""
""    , ""       , ""          , ""        , "  └─ Pulsador manual Simple SECUTRON"                                                                                               , "400.0"    , "15.0"
""    , ""       , ""          , ""        , "  └─ Detector de Flama"                                                                                                             , "25.0"     , "178.75"
"695" , "PO00695", "USD-COMPRA", "purchase", "PADRE"                                                                                                                              , ""         , ""
""    , ""       , ""          , ""        , "  └─ Bullet IP de 2MP 2.8mm S5"                                                                                                     , "5.0"      , "34.16"
"693" , "PO00693", "USD-COMPRA", "purchase", "PADRE"                                                                                                                              , ""         , ""
""    , ""       , ""          , ""        , "  └─ Gabinete chico para Paradox"                                                                                                   , "5.0"      , "8.47"
"690" , "PO00690", "USD-COMPRA", "purchase", "PADRE"                                                                                                                              , ""         , ""
""    , ""       , ""          , ""        , "  └─ ANALOG AUDIO CONTROLLER"                                                                                                       , "1.0"      , "294.5"
"689" , "PO00689", "USD-COMPRA", "purchase", "PADRE"                                                                                                                              , ""         , ""
""    , ""       , ""          , ""        , "  └─ Modulo de distribucion de energia 220V SIMPLEX"                                                                                , "2.0"      , "71.415"
""    , ""       , ""          , ""        , "  └─ Modulo 2 Loop IDNET2 250pt SIMPLEX"                                                                                            , "1.0"      , "152.19"
""    , ""       , ""          , ""        , "  └─ 4100ES MASTER CONTROLLER BD"                                                                                                   , "1.0"      , "540.02"
""    , ""       , ""          , ""        , "  └─ RS232/2120 MODEM ASSY 4100"                                                                                                    , "1.0"      , "232.92"
"677" , "PO00677", "USD-COMPRA", "purchase", "PADRE"                                                                                                                              , ""         , ""
""    , ""       , ""          , ""        , "  └─ Amplificador Analog. 100W 220 VAC 70V SIMPLEX"                                                                                 , "1.0"      , "796.66"
"676" , "PO00676", "USD-COMPRA", "purchase", "PADRE"                                                                                                                              , ""         , ""
""    , ""       , ""          , ""        , "  └─ Domo PTZ IP de 2MP 25x PoE"                                                                                                    , "2.0"      , "258.37"
""    , ""       , ""          , ""        , "  └─ Bullet IP de 2MP 2.8mm S5"                                                                                                     , "10.0"     , "34.16"
"673" , "PO00673", "USD-COMPRA", "purchase", "PADRE"                                                                                                                              , ""         , ""
""    , ""       , ""          , ""        , "  └─ Detector de humo por haz reflejado 100 mts (OSID)"                                                                             , "20.0"     , "398.1"
"671" , "PO00671", "USD-COMPRA", "purchase", "PADRE"                                                                                                                              , ""         , ""
""    , ""       , ""          , ""        , "  └─ Pedestal UltraPost VI Secundario SENSORMATIC"                                                                                  , "1.0"      , "355.5147"
"668" , "PO00668", "USD-COMPRA", "purchase", "PADRE"                                                                                                                              , ""         , ""
""    , ""       , ""          , ""        , "  └─ Gabinete chico para Paradox"                                                                                                   , "10.0"     , "8.47"
"667" , "PO00667", "USD-COMPRA", "purchase", "PADRE"                                                                                                                              , ""         , ""
""    , ""       , ""          , ""        , "  └─ Alarma Audio Visual Thrue Alert - SIMPLEX."                                                                                    , "82.0"     , "43.944"
"666" , "PO00666", "USD-COMPRA", "purchase", "PADRE"                                                                                                                              , ""         , ""
""    , ""       , ""          , ""        , "  └─ DISCO DURO 1TB PURPEL WESTER DIGITAL"                                                                                          , "10.0"     , "46.75"
""    , ""       , ""          , ""        , "  └─ DISCO DURO 4TB PURPLE - WESTER DIGITAL"                                                                                        , "5.0"      , "92.29"
""    , ""       , ""          , ""        , "  └─ TARJETA DE MEMORIA MICRO SD 32GB"                                                                                              , "7.0"      , "3.58"
""    , ""       , ""          , ""        , "  └─ Micro SD 64GB"                                                                                                                 , "30.0"     , "5.5"
""    , ""       , ""          , ""        , "  └─ MicroSD de 128 Gb"                                                                                                             , "3.0"      , "10.96"
"665" , "PO00665", "USD-COMPRA", "purchase", "PADRE"                                                                                                                              , ""         , ""
""    , ""       , ""          , ""        , "  └─ Detector IR pet immune DSC"                                                                                                    , "12.0"     , "9.5"
"664" , "PO00664", "USD-COMPRA", "purchase", "PADRE"                                                                                                                              , ""         , ""
""    , ""       , ""          , ""        , "  └─ Harness Assy Audio 4100 - Simplex"                                                                                             , "1.0"      , "20.01"
"663" , "PO00663", "USD-COMPRA", "purchase", "PADRE"                                                                                                                              , ""         , ""
""    , ""       , ""          , ""        , "  └─ Doblecheck"                                                                                                                    , "4.0"      , "492.5933"
"662" , "PO00662", "USD-COMPRA", "purchase", "PADRE"                                                                                                                              , ""         , ""
""    , ""       , ""          , ""        , "  └─ MaxiProx Long Range Reader 5375 Gray  24V"                                                                                     , "1.0"      , "462.0"
"661" , "PO00661", "USD-COMPRA", "purchase", "PADRE"                                                                                                                              , ""         , ""
""    , ""       , ""          , ""        , "  └─ Detector humo calor de 2 hilos con UL"                                                                                         , "2000.0"   , "6.9"
""    , ""       , ""          , ""        , "  └─ Detector termovelocimétrico de 2 hilos "                                                                                       , "500.0"    , "5.3"
""    , ""       , ""          , ""        , "  └─ Detector de Humo Calor de 4 hilos sin UL"                                                                                      , "3000.0"   , "6.2"
""    , ""       , ""          , ""        , "  └─ Detector termovelocimétrico"                                                                                                   , "800.0"    , "5.9"
"659" , "PO00659", "USD-COMPRA", "purchase", "PADRE"                                                                                                                              , ""         , ""
""    , ""       , ""          , ""        , "  └─ Pulsador manual doble accion SIMPLEX"                                                                                          , "14.0"     , "30.1839"
"658" , "PO00658", "USD-COMPRA", "purchase", "PADRE"                                                                                                                              , ""         , ""
""    , ""       , ""          , ""        , "  └─ Detector IR pet immune DSC"                                                                                                    , "6.0"      , "9.5"
""    , ""       , ""          , ""        , "  └─ Modulo expansor 8 zonas DSC"                                                                                                   , "7.0"      , "28.0"
""    , ""       , ""          , ""        , "  └─ Teclado LCD alfanumerico 64zonas con 5 term DSC"                                                                               , "4.0"      , "83.0"
""    , ""       , ""          , ""        , "  └─ Kit DSC MaxSys (Placa 4020 + Tecladoo LCD4501SP +"                                                                             , "1.0"      , "380.0"
""    , ""       , ""          , ""        , "  └─ PLACA DE ALARMA DSC 8 - 64 ZONAS"                                                                                              , "3.0"      , "83.0"
""    , ""       , ""          , ""        , "  └─ Placa de alarma DSC 18-32 zonas"                                                                                               , "3.0"      , "55.0"
"657" , "PO00657", "USD-COMPRA", "purchase", "PADRE"                                                                                                                              , ""         , ""
""    , ""       , ""          , ""        , "  └─ Anunciador Remoto SIMPLEX p/ 4010ES"                                                                                           , "4.0"      , "246.455"
"656" , "PO00656", "USD-COMPRA", "purchase", "PADRE"                                                                                                                              , ""         , ""
""    , ""       , ""          , ""        , "  └─ Alarma audiovisual SIMPLEX"                                                                                                    , "38.0"     , "33.5521"
"655" , "PO00655", "USD-COMPRA", "purchase", "PADRE"                                                                                                                              , ""         , ""
""    , ""       , ""          , ""        , "  └─ Panel Simplex 4010ES"                                                                                                          , "6.0"      , "1459.4717"
"654" , "PO00654", "USD-COMPRA", "purchase", "PADRE"                                                                                                                              , ""         , ""
""    , ""       , ""          , ""        , "  └─ Teclado remoto LCD SIMPLEX"                                                                                                    , "1.0"      , "252.18"
""    , ""       , ""          , ""        , "  └─ Pulsador manual doble accion SIMPLEX"                                                                                          , "38.0"     , "30.1839"
""    , ""       , ""          , ""        , "  └─ Modulo Detector ZAM. SIMPLEX"                                                                                                  , "88.0"     , "28.98"
"653" , "PO00653", "USD-COMPRA", "purchase", "PADRE"                                                                                                                              , ""         , ""
""    , ""       , ""          , ""        , "  └─ Amplificador Analog. 100W 220 VAC 70V SIMPLEX"                                                                                 , "1.0"      , "796.66"
""    , ""       , ""          , ""        , "  └─ INTERFACE FP INTERNET - SIMPLEX"                                                                                               , "1.0"      , "347.44"
"650" , "PO00650", "USD-COMPRA", "purchase", "PADRE"                                                                                                                              , ""         , ""
""    , ""       , ""          , ""        , "  └─ Pedestal Primario AMS1146 Ultra 1.5"                                                                                           , "6.0"      , "431.0853"
"645" , "PO00645", "USD-COMPRA", "purchase", "PADRE"                                                                                                                              , ""         , ""
""    , ""       , ""          , ""        , "  └─ Emitter con pilas alcalinas"                                                                                                   , "10.0"     , "257.93"
"642" , "PO00642", "USD-COMPRA", "purchase", "PADRE"                                                                                                                              , ""         , ""
""    , ""       , ""          , ""        , "  └─ Pulsador manual Simple SECUTRON"                                                                                               , "378.0"    , "14.0"
"641" , "PO00641", "USD-COMPRA", "purchase", "PADRE"                                                                                                                              , ""         , ""
""    , ""       , ""          , ""        , "  └─ Pulsador manual Simple SECUTRON"                                                                                               , "187.0"    , "14.0"
"640" , "PO00640", "USD-COMPRA", "purchase", "PADRE"                                                                                                                              , ""         , ""
""    , ""       , ""          , ""        , "  └─ Detector Termovelocimetrico 57° System Sensor"                                                                                 , "60.0"     , "9.84"
""    , ""       , ""          , ""        , "  └─ Barrera Detectora de Humo - OSI-90 - 80 ° Soporta Hasta 7 Emisores"                                                            , "10.0"     , "378.41"
"639" , "PO00639", "USD-COMPRA", "purchase", "PADRE"                                                                                                                              , ""         , ""
""    , ""       , ""          , ""        , "  └─ Módulo de expansión de mensaje de 8 minutos"                                                                                   , "1.0"      , "50.29"
""    , ""       , ""          , ""        , "  └─ 8 Rojo en la izquierda  8 amarillo en la derecha - 16 LED  16 interruptores  un LED por interruptor"                           , "2.0"      , "113.91"
""    , ""       , ""          , ""        , "  └─ Módulo mux de micrófono - SIMPLEX"                                                                                             , "1.0"      , "414.56"
""    , ""       , ""          , ""        , "  └─ AUDIO INTERFACE W/MIKE"                                                                                                        , "1.0"      , "191.32"
""    , ""       , ""          , ""        , "  └─ RS232/2120 MODEM ASSY 4100"                                                                                                    , "1.0"      , "226.14"
""    , ""       , ""          , ""        , "  └─ PCA EXPANSION MODULE 4100"                                                                                                     , "1.0"      , "78.44"
""    , ""       , ""          , ""        , "  └─ HARNESS PWER+COMMS 4100"                                                                                                       , "1.0"      , "15.63"
""    , ""       , ""          , ""        , "  └─ ES -XPS power supply"                                                                                                          , "1.0"      , "359.95"
""    , ""       , ""          , ""        , "  └─ 2` BLANK DISPLAY MODULE"                                                                                                       , "9.0"      , "6.1878"
""    , ""       , ""          , ""        , "  └─ Caja de 3 salidas color rojo"                                                                                                  , "1.0"      , "547.06"
""    , ""       , ""          , ""        , "  └─ Gabinete metalico con puerta de vidrio 3 bahias"                                                                               , "1.0"      , "454.58"
"638" , "PO00638", "USD-COMPRA", "purchase", "PADRE"                                                                                                                              , ""         , ""
""    , ""       , ""          , ""        , "  └─ DISCO DURO 4TB PURPLE - WESTER DIGITAL"                                                                                        , "5.0"      , "93.23"
""    , ""       , ""          , ""        , "  └─ TARJETA DE MEMORIA MICRO SD 32GB"                                                                                              , "45.0"     , "3.61"
""    , ""       , ""          , ""        , "  └─ Micro SD 64GB"                                                                                                                 , "10.0"     , "5.59"
"637" , "PO00637", "USD-COMPRA", "purchase", "PADRE"                                                                                                                              , ""         , ""
""    , ""       , ""          , ""        , "  └─ FR2000 Espejo Para Barrera FireOne"                                                                                            , "120.0"    , "22.4458"
""    , ""       , ""          , ""        , "  └─ Sensor Dual Optico Termico FC460PH FIRECLASS"                                                                                  , "480.0"    , "22.7864"
""    , ""       , ""          , ""        , "  └─ Detector FC400CH Monoxido y Temperatura FIRECLASS"                                                                             , "40.0"     , "43.0508"
""    , ""       , ""          , ""        , "  └─ FC410RIM Módulo de Relé Direccionable - FIRECLASS"                                                                             , "10.0"     , "24.864"
""    , ""       , ""          , ""        , "  └─ Detector de monóxido - FIRECLASS"                                                                                              , "40.0"     , "25.9923"
""    , ""       , ""          , ""        , "  └─ Detector Termovelocimétrico Convencional 701H- Fireclass"                                                                      , "100.0"    , "5.6628"
""    , ""       , ""          , ""        , "  └─ Panel Convencional Fireclass de 4 zonas J408-4 - Fireclass"                                                                    , "6.0"      , "120.4767"
""    , ""       , ""          , ""        , "  └─ Panel J424-8 Fireclass"                                                                                                        , "25.0"     , "185.1016"
""    , ""       , ""          , ""        , "  └─ Módulo expansor de 8 zonas Fireclass"                                                                                          , "10.0"     , "37.913"
""    , ""       , ""          , ""        , "  └─ Panel Convencional Fireclass 2 zonas J408-2"                                                                                   , "46.0"     , "113.4822"
""    , ""       , ""          , ""        , "  └─ Sensor Dual Optico Termico FC460PH FIRECLASS"                                                                                  , "520.0"    , "22.7864"
""    , ""       , ""          , ""        , "  └─ Detector FC400CH Monoxido y Temperatura FIRECLASS"                                                                             , "60.0"     , "43.0508"
"635" , "PO00635", "USD-COMPRA", "purchase", "PADRE"                                                                                                                              , ""         , ""
""    , ""       , ""          , ""        , "  └─ PowerPad Desactivator"                                                                                                         , "2.0"      , "677.3772"
""    , ""       , ""          , ""        , "  └─ Separador Eléctrico Supertag - Sensormatic"                                                                                    , "2.0"      , "222.0043"
""    , ""       , ""          , ""        , "  └─ Lector RFID UHF IDX-4000 - Sensormatic"                                                                                        , "2.0"      , "708.3747"
"629" , "PO00629", "USD-COMPRA", "purchase", "PADRE"                                                                                                                              , ""         , ""
""    , ""       , ""          , ""        , "  └─ Gabinete chico para Paradox"                                                                                                   , "10.0"     , "8.47"
"628" , "PO00628", "USD-COMPRA", "purchase", "PADRE"                                                                                                                              , ""         , ""
""    , ""       , ""          , ""        , "  └─ Etiqueta Vusion 1.6 Negro Blanco Rojo GL440 Gris oscuro"                                                                       , "3.0"      , "28.0"
""    , ""       , ""          , ""        , "  └─ Etiqueta Vusion 2.2 Negro Blanco Rojo GL440 Gris oscuro"                                                                       , "3.0"      , "28.0"
""    , ""       , ""          , ""        , "  └─ Etiqueta Vusion 2.6 Negro Blanco Rojo GL440 Gris oscuro"                                                                       , "3.0"      , "28.0"
""    , ""       , ""          , ""        , "  └─ Etiqueta Vusion 4.2 Negro Blanco Rojo GL440 Gris oscuro"                                                                       , "2.0"      , "31.0"
""    , ""       , ""          , ""        , "  └─ VUSION 7.4 BWR GU320 F/anthracite"                                                                                             , "1.0"      , "36.0"
""    , ""       , ""          , ""        , "  └─ Cloudpoint USA/ Canada bundle incl"                                                                                            , "1.0"      , "364.62"
""    , ""       , ""          , ""        , "  └─ Rail R6 Arasé with adhesive L90mm (transparent)"                                                                               , "5.0"      , "0.9"
""    , ""       , ""          , ""        , "  └─ Rail R6 Standard L180 mm"                                                                                                      , "5.0"      , "0.9"
""    , ""       , ""          , ""        , "  └─ Vusion adaptor blisterpin"                                                                                                     , "3.0"      , "0.85"
""    , ""       , ""          , ""        , "  └─ VUSION Suspension hook Black"                                                                                                  , "3.0"      , "0.85"
""    , ""       , ""          , ""        , "  └─ Vusion C-clip S"                                                                                                               , "3.0"      , "0.85"
""    , ""       , ""          , ""        , "  └─ G2 Vusion imago rail clip"                                                                                                     , "3.0"      , "0.85"
""    , ""       , ""          , ""        , "  └─ Crochet ouvert 3 mm (Blanc)"                                                                                                   , "3.0"      , "0.85"
""    , ""       , ""          , ""        , "  └─ Adap Blisterpin G1 1.6/2.2/2.6"                                                                                                , "3.0"      , "0.85"
""    , ""       , ""          , ""        , "  └─ Vusion foostand small (transparent)"                                                                                           , "3.0"      , "0.85"
""    , ""       , ""          , ""        , "  └─ Open hook 10mm - white"                                                                                                        , "3.0"      , "0.9"
""    , ""       , ""          , ""        , "  └─ Herramienta para Remover Etiquetas Imagotag"                                                                                   , "1.0"      , "0.9"
""    , ""       , ""          , ""        , "  └─ Vusion adapterplate small - adhesive"                                                                                          , "3.0"      , "0.85"
""    , ""       , ""          , ""        , "  └─ Vusion R5 rail clip anthracite RAL"                                                                                            , "3.0"      , "0.85"
""    , ""       , ""          , ""        , "  └─ CORNIERE 25MM 30° TRANSPARENT"                                                                                                 , "5.0"      , "0.9"
""    , ""       , ""          , ""        , "  └─ CORNIERE 48MM 45° TRANSPARENT"                                                                                                 , "5.0"      , "0.9"
""    , ""       , ""          , ""        , "  └─ VUSION Easy UnLock Tool"                                                                                                       , "1.0"      , "5.45"
"626" , "PO00626", "USD-COMPRA", "purchase", "PADRE"                                                                                                                              , ""         , ""
""    , ""       , ""          , ""        , "  └─ Lector mini montaje HID iclass R10 SE negro"                                                                                   , "4.0"      , "140.0"
"624" , "PO00624", "USD-COMPRA", "purchase", "PADRE"                                                                                                                              , ""         , ""
""    , ""       , ""          , ""        , "  └─ Lector mini montaje HID iclass R10 SE negro"                                                                                   , "10.0"     , "140.0"
"623" , "PO00623", "USD-COMPRA", "purchase", "PADRE"                                                                                                                              , ""         , ""
""    , ""       , ""          , ""        , "  └─ Expasion Bay -  para panel 4100-9211 SIMPLEX"                                                                                  , "4.0"      , "207.8475"
""    , ""       , ""          , ""        , "  └─ Master telephone 3nacs"                                                                                                        , "1.0"      , "372.96"
""    , ""       , ""          , ""        , "  └─ 566-248"                                                                                                                       , "3.0"      , "51.7333"
""    , ""       , ""          , ""        , "  └─ 566-317"                                                                                                                       , "1.0"      , "64.18"
""    , ""       , ""          , ""        , "  └─ 566-060"                                                                                                                       , "1.0"      , "85.15"
"619" , "PO00619", "USD-COMPRA", "purchase", "PADRE"                                                                                                                              , ""         , ""
""    , ""       , ""          , ""        , "  └─ Modulo expansor 8 zonas DSC"                                                                                                   , "10.0"     , "28.0"
""    , ""       , ""          , ""        , "  └─ Teclado LCD a iconos para 64 zonas DSC"                                                                                        , "5.0"      , "46.0"
"617" , "PO00617", "USD-COMPRA", "purchase", "PADRE"                                                                                                                              , ""         , ""
""    , ""       , ""          , ""        , "  └─ Gabinete chico para Paradox"                                                                                                   , "10.0"     , "8.47"
"616" , "PO00616", "USD-COMPRA", "purchase", "PADRE"                                                                                                                              , ""         , ""
""    , ""       , ""          , ""        , "  └─ licencia ADDSNC50"                                                                                                             , "1.0"      , "324.0"
"610" , "PO00610", "USD-COMPRA", "purchase", "PADRE"                                                                                                                              , ""         , ""
""    , ""       , ""          , ""        , "  └─ Cable UTP CAT6 INTERIOR"                                                                                                       , "500.0"    , "0.32"
"605" , "PO00605", "USD-COMPRA", "purchase", "PADRE"                                                                                                                              , ""         , ""
""    , ""       , ""          , ""        , "  └─ DISCO DURO 10TB SURVEILLANCE - SEAGATE"                                                                                        , "3.0"      , "315.7"
"604" , "PO00604", "USD-COMPRA", "purchase", "PADRE"                                                                                                                              , ""         , ""
""    , ""       , ""          , ""        , "  └─ TARJETA DE MEMORIA MICRO SD 32GB"                                                                                              , "25.0"     , "4.29"
""    , ""       , ""          , ""        , "  └─ Micro SD 64GB"                                                                                                                 , "36.0"     , "6.6"
""    , ""       , ""          , ""        , "  └─ MicroSD de 128 Gb"                                                                                                             , "7.0"      , "13.64"
"603" , "PO00603", "USD-COMPRA", "purchase", "PADRE"                                                                                                                              , ""         , ""
""    , ""       , ""          , ""        , "  └─ DISCO DURO 1TB PURPEL WESTER DIGITAL"                                                                                          , "7.0"      , "50.27"
""    , ""       , ""          , ""        , "  └─ DISCO DURO 2TB PURPLE - WESTER DIGITAL"                                                                                        , "8.0"      , "61.76"
""    , ""       , ""          , ""        , "  └─ DISCO DURO 4TB PURPLE - WESTER DIGITAL"                                                                                        , "7.0"      , "98.4"
"600" , "PO00600", "USD-COMPRA", "purchase", "PADRE"                                                                                                                              , ""         , ""
""    , ""       , ""          , ""        , "  └─ Transformador 220-16. 5V 4A"                                                                                                   , "30.0"     , "9.0"
"599" , "PO00599", "USD-COMPRA", "purchase", "PADRE"                                                                                                                              , ""         , ""
""    , ""       , ""          , ""        , "  └─ Pedestal Ultra 1.8 Secundario SENSORMATIC"                                                                                     , "25.0"     , "267.22"
""    , ""       , ""          , ""        , "  └─ Pedestal Ultra 1.8 Primario SENSORMATIC"                                                                                       , "25.0"     , "584.77"
""    , ""       , ""          , ""        , "  └─ Descuento Especial"                                                                                                            , "-1.0"     , "2118.82"
"598" , "PO00598", "USD-COMPRA", "purchase", "PADRE"                                                                                                                              , ""         , ""
""    , ""       , ""          , ""        , "  └─ Pedestal UltraPost VI Primario SENSORMATIC"                                                                                    , "5.0"      , "422.59"
""    , ""       , ""          , ""        , "  └─ Placa adaptadora de alarma AMS1145"                                                                                            , "10.0"     , "12.19"
""    , ""       , ""          , ""        , "  └─ Etiqueta Adhesiva AM DR SENSORMATIC"                                                                                           , "500000.0" , "0.02171"
""    , ""       , ""          , ""        , "  └─ Separador universal negro SENSORMATIC 5kgaus"                                                                                  , "50.0"     , "13.3924"
""    , ""       , ""          , ""        , "  └─ AMS-1145 Controller SENSORMATIC"                                                                                               , "7.0"      , "277.7388"
""    , ""       , ""          , ""        , "  └─ Placa para UltraPost VI"                                                                                                       , "7.0"      , "390.6964"
""    , ""       , ""          , ""        , "  └─ Pedestal UltraPost VI Secundario SENSORMATIC"                                                                                  , "3.0"      , "355.5147"
""    , ""       , ""          , ""        , "  └─ SISTEMA SYNERGY AUTOCONTENIDO 2.5 - GRIS"                                                                                      , "2.0"      , "1022.6"
""    , ""       , ""          , ""        , "  └─ Sistema Pedestal Synergy autocontenido 2.5 color negro - Dual"                                                                 , "2.0"      , "1022.6"
""    , ""       , ""          , ""        , "  └─ Etiqueta Adhesiva AM SENSORMATIC (VPL)"                                                                                        , "1500000.0", "0.00907"
""    , ""       , ""          , ""        , "  └─ DESACTIVADOR ELECTRONICO AMB 2011 - SENSORMATIC"                                                                               , "25.0"     , "171.61"
""    , ""       , ""          , ""        , "  └─ Pedestal Secundario AMS1146 Ultra 1.5"                                                                                         , "10.0"     , "175.98"
""    , ""       , ""          , ""        , "  └─ Pedestal Primario AMS1146 Ultra 1.5"                                                                                           , "6.0"      , "468.57"
"597" , "PO00597", "USD-COMPRA", "purchase", "PADRE"                                                                                                                              , ""         , ""
""    , ""       , ""          , ""        , "  └─ illustra Pro 5MP Fisheye LT"                                                                                                   , "6.0"      , "353.25"
"596" , "PO00596", "USD-COMPRA", "purchase", "PADRE"                                                                                                                              , ""         , ""
""    , ""       , ""          , ""        , "  └─ Kit de riel deslizante para montaje en bastidor para chasis exacqVision"                                                       , "1.0"      , "55.8"
""    , ""       , ""          , ""        , "  └─ Grabador IP 2U con 4 licencias de cámaras IP (64 máx.)"                                                                        , "1.0"      , "2242.5"
""    , ""       , ""          , ""        , "  └─ Licencia de cámara IP PROFESIONAL por cámara. para servidor exacqVision."                                                      , "22.0"     , "108.0"
"595" , "PO00595", "USD-COMPRA", "purchase", "PADRE"                                                                                                                              , ""         , ""
""    , ""       , ""          , ""        , "  └─ CABLE DE DATOS 18/2 AWG MALLADO"                                                                                               , "12200.0"  , "0.42957"
"594" , "PO00594", "USD-COMPRA", "purchase", "PADRE"                                                                                                                              , ""         , ""
""    , ""       , ""          , ""        , "  └─ Pedestal AM DUAL - KEEPER"                                                                                                     , "20.0"     , "190.0"
""    , ""       , ""          , ""        , "  └─ PEDESTAL RF - MONO"                                                                                                            , "10.0"     , "140.0"
""    , ""       , ""          , ""        , "  └─ DESACTIVADOR ELECTRONICO 230V/50HZ"                                                                                            , "170.0"    , "70.0"
""    , ""       , ""          , ""        , "  └─ ETIQUETA AM 16MM"                                                                                                              , "100000.0" , "0.0786"
""    , ""       , ""          , ""        , "  └─ TACHUELA AM 16MM"                                                                                                              , "100000.0" , "0.0042"
""    , ""       , ""          , ""        , "  └─ ETIQUETA DURA CON LAZO"                                                                                                        , "50000.0"  , "0.1232"
""    , ""       , ""          , ""        , "  └─ SEPARADOR MANUAL MAGNETICO - 8000 GAUSS"                                                                                       , "200.0"    , "11.0"
"591" , "PO00591", "USD-COMPRA", "purchase", "PADRE"                                                                                                                              , ""         , ""
""    , ""       , ""          , ""        , "  └─ CABLE DE DATOS 18/2 AWG SIN MALLA"                                                                                             , "4575.0"   , "0.3286"
""    , ""       , ""          , ""        , "  └─ Analizador emisor Óptico a Baterías"                                                                                           , "29.0"     , "168.35"
""    , ""       , ""          , ""        , "  └─ Barrera Detectora de Humo 10 - OSI 10"                                                                                         , "9.0"      , "348.05"
""    , ""       , ""          , ""        , "  └─ Detector termovelocimétrico de 90grados"                                                                                       , "48.0"     , "7.32"
""    , ""       , ""          , ""        , "  └─ Detector Termovelocimetrico 57° System Sensor"                                                                                 , "48.0"     , "6.85"
"590" , "PO00590", "USD-COMPRA", "purchase", "PADRE"                                                                                                                              , ""         , ""
""    , ""       , ""          , ""        , "  └─ Pedestal en ángulo SERIE 850 - BLANCO"                                                                                         , "22.0"     , "38.8"
""    , ""       , ""          , ""        , "  └─ Sensor serie 850 tipo C - Blanco INVUE"                                                                                        , "23.0"     , "22.0"
""    , ""       , ""          , ""        , "  └─ WS2 Expositor con cordón blanco largo CBL"                                                                                     , "1.0"      , "58.85"
""    , ""       , ""          , ""        , "  └─ Sensor micro USB - serie 850 - Blanco INVUE"                                                                                   , "3.0"      , "14.4"
""    , ""       , ""          , ""        , "  └─ Cable Serie 850 Lightning Blanco INVUE"                                                                                        , "30.0"     , "37.4"
""    , ""       , ""          , ""        , "  └─ S855V ULP USB-C SENSOR - WHITE"                                                                                                , "22.0"     , "22.0"
""    , ""       , ""          , ""        , "  └─ Llave de desactivacion IR3 INVUE"                                                                                              , "50.0"     , "35.45"
""    , ""       , ""          , ""        , "  └─ Cable de conexion para moviles Apple Blanco INVUE"                                                                             , "1.0"      , "11.1"
""    , ""       , ""          , ""        , "  └─ ZIPS Cable recto con sensor micro-USB - Blanco"                                                                                , "30.0"     , "15.0"
""    , ""       , ""          , ""        , "  └─ W2000 ALL ABOVE TABLE WEARABLE SOLUTION - WHITE"                                                                               , "6.0"      , "86.0"
""    , ""       , ""          , ""        , "  └─ Cable sensor para laptop USB INVUE"                                                                                            , "5.0"      , "12.05"
""    , ""       , ""          , ""        , "  └─ Cable de Conexion Tipo C Blanco INVUE"                                                                                         , "40.0"     , "8.55"
""    , ""       , ""          , ""        , "  └─ Programador de llave INVUE"                                                                                                    , "20.0"     , "8.85"
""    , ""       , ""          , ""        , "  └─ Sensores universales  PSA  - S960"                                                                                             , "160.0"    , "0.7625"
""    , ""       , ""          , ""        , "  └─ Estacion de programacion de llave INVUE"                                                                                       , "20.0"     , "33.25"
""    , ""       , ""          , ""        , "  └─ Llave de desactivacion INVUE"                                                                                                  , "17.0"     , "21.15"
""    , ""       , ""          , ""        , "  └─ S855V VERTICAL HANDHELD ALARMING STAND - WHITE"                                                                                , "70.0"     , "38.8"
""    , ""       , ""          , ""        , "  └─ Cable de conexion Micro -USB AP-II Blanco INVUE"                                                                               , "57.0"     , "7.6"
""    , ""       , ""          , ""        , "  └─ LLAVE PARA TRABA PARA GANCHO 8.1MM - INVUE"                                                                                    , "500.0"    , "2.55"
""    , ""       , ""          , ""        , "  └─ LLAVE PARA TRABA PARA GANCHO 6MM - INVUE"                                                                                      , "100.0"    , "2.25"
""    , ""       , ""          , ""        , "  └─ SENSOR APPLE LIGHTNING"                                                                                                        , "20.0"     , "37.4"
""    , ""       , ""          , ""        , "  └─ NEW ZIPS Unidad de Alarma Cuatro Puertos - Blanco"                                                                             , "30.0"     , "35.7"
""    , ""       , ""          , ""        , "  └─ Candado OneKEY"                                                                                                                , "5.0"      , "79.75"
"588" , "PO00588", "USD-COMPRA", "purchase", "PADRE"                                                                                                                              , ""         , ""
""    , ""       , ""          , ""        , "  └─ Detector humo calor de 2 hilos con UL"                                                                                         , "1200.0"   , "6.9"
""    , ""       , ""          , ""        , "  └─ Detector termovelocimétrico de 2 hilos "                                                                                       , "1000.0"   , "5.3"
""    , ""       , ""          , ""        , "  └─ Detector de Humo Calor de 4 hilos sin UL"                                                                                      , "1800.0"   , "6.2"
""    , ""       , ""          , ""        , "  └─ Detector termovelocimétrico"                                                                                                   , "300.0"    , "5.9"
""    , ""       , ""          , ""        , "  └─ Detector de Humo de 4 hilos auto reset"                                                                                        , "200.0"    , "7.5"
""    , ""       , ""          , ""        , "  └─ Detector de humo con salida de led remota 2 hilos"                                                                             , "200.0"    , "6.8"
""    , ""       , ""          , ""        , "  └─ Detector de humo convencional 2 Hilos - Sentek"                                                                                , "200.0"    , "6.6"
""    , ""       , ""          , ""        , "  └─ Contacto magnético de metal  NC  NO. Con soporte tipo L."                                                                      , "150.0"    , "5.05"
"584" , "PO00584", "USD-COMPRA", "purchase", "PADRE"                                                                                                                              , ""         , ""
""    , ""       , ""          , ""        , "  └─ Detector humo calor de 2 hilos con UL"                                                                                         , "1200.0"   , "6.9"
""    , ""       , ""          , ""        , "  └─ Detector termovelocimétrico de 2 hilos "                                                                                       , "750.0"    , "5.3"
""    , ""       , ""          , ""        , "  └─ Detector de Humo Calor de 4 hilos sin UL"                                                                                      , "3000.0"   , "6.2"
""    , ""       , ""          , ""        , "  └─ Pulsador manual de incendio convencional "                                                                                     , "100.0"    , "4.5"
"583" , "PO00583", "USD-COMPRA", "purchase", "PADRE"                                                                                                                              , ""         , ""
""    , ""       , ""          , ""        , "  └─ Pedestal Ultra 1.8 Primario SENSORMATIC"                                                                                       , "15.0"     , "543.837"
"582" , "PO00582", "USD-COMPRA", "purchase", "PADRE"                                                                                                                              , ""         , ""
""    , ""       , ""          , ""        , "  └─ Pedestal de alarma para movil Blanco INVUE"                                                                                    , "200.0"    , "53.25"
""    , ""       , ""          , ""        , "  └─ Cable de Conexion Tipo C Blanco INVUE"                                                                                         , "29.0"     , "8.2"
""    , ""       , ""          , ""        , "  └─ Cable de conexion para moviles Apple Blanco INVUE"                                                                             , "20.0"     , "10.65"
""    , ""       , ""          , ""        , "  └─ Cable de conexión para Tablet USB Type C INVUE"                                                                                , "90.0"     , "11.2"
""    , ""       , ""          , ""        , "  └─ S855V VERTICAL HANDHELD ALARMING STAND - WHITE"                                                                                , "21.0"     , "37.3"
""    , ""       , ""          , ""        , "  └─ SENSOR APPLE LIGHTNING"                                                                                                        , "10.0"     , "35.95"
""    , ""       , ""          , ""        , "  └─ W2000 ALL ABOVE TABLE WEARABLE SOLUTION - WHITE"                                                                               , "20.0"     , "82.7"
""    , ""       , ""          , ""        , "  └─ LLAVE PARA TRABA PARA GANCHO 6MM - INVUE"                                                                                      , "75.0"     , "2.15"
""    , ""       , ""          , ""        , "  └─ Fuente de alimentacion Micro USB 5.3V INVUE"                                                                                   , "19.0"     , "10.65"
""    , ""       , ""          , ""        , "  └─ Fuente de alimentación  USB-A 5V - UE"                                                                                         , "40.0"     , "12.8"
""    , ""       , ""          , ""        , "  └─ NEW ZIPS Unidad de Alarma Cuatro Puertos - Blanco"                                                                             , "1.0"      , "34.35"
""    , ""       , ""          , ""        , "  └─ One 55 Soporte Angulado OnePOD - Blanco"                                                                                       , "30.0"     , "49.0"
""    , ""       , ""          , ""        , "  └─ Sensor de alarma One55/One65  blanco"                                                                                          , "30.0"     , "32.5"
"581" , "PO00581", "USD-COMPRA", "purchase", "PADRE"                                                                                                                              , ""         , ""
""    , ""       , ""          , ""        , "  └─ Mochila Pequeña color azul con logo"                                                                                           , "20.0"     , "5.48"
""    , ""       , ""          , ""        , "  └─ Switch PoE de 8 puertos"                                                                                                       , "60.0"     , "33.0"
""    , ""       , ""          , ""        , "  └─ Kit de Destornilladores Dahua"                                                                                                 , "40.0"     , "5.21"
""    , ""       , ""          , ""        , "  └─ Juego de cables universales Dahua"                                                                                             , "20.0"     , "2.12"
""    , ""       , ""          , ""        , "  └─ Cinta metrica con logo Dahua"                                                                                                  , "30.0"     , "0.59"
""    , ""       , ""          , ""        , "  └─ Sombrillas Dahua color azul"                                                                                                   , "30.0"     , "1.89"
""    , ""       , ""          , ""        , "  └─ Ventilador eléctrico de mano Dahua"                                                                                            , "20.0"     , "2.69"
""    , ""       , ""          , ""        , "  └─ Ventilador eléctrico de mano Dahua"                                                                                            , "60.0"     , "2.69"
""    , ""       , ""          , ""        , "  └─ Soporte para celular para vehiculo con cargador"                                                                               , "5.0"      , "15.41"
""    , ""       , ""          , ""        , "  └─ Llavero colgante con logo Dahua"                                                                                               , "52.0"     , "0.63"
""    , ""       , ""          , ""        , "  └─ Monitor IP 7` sin wifi"                                                                                                        , "25.0"     , "79.0"
""    , ""       , ""          , ""        , "  └─ Panel externo para video portero para 4 dptos."                                                                                , "5.0"      , "80.0"
""    , ""       , ""          , ""        , "  └─ Estación de puerta para edificios de departamentos. Pantalla IPS de 4.3`. Touch."                                              , "5.0"      , "155.0"
""    , ""       , ""          , ""        , "  └─ Soporte para CCTV - Dahua 70mm x 90mm x 193mm"                                                                                 , "10.0"     , "4.0"
""    , ""       , ""          , ""        , "  └─ Kit de alarma inalámbrico. Incluye 1 PIR"                                                                                      , "10.0"     , "120.0"
""    , ""       , ""          , ""        , "  └─ Sirena inalámbrica 433.1 MHz–434.6 MHz - Dahua"                                                                                , "10.0"     , "18.0"
""    , ""       , ""          , ""        , "  └─ Remera tipo polo color negro tamaño XL - TEKO"                                                                                 , "15.0"     , "4.98"
""    , ""       , ""          , ""        , "  └─ Remera tipo polo color negro tamaño XXL - TEKO"                                                                                , "15.0"     , "4.96"
""    , ""       , ""          , ""        , "  └─ Remera tipo polo color negro L - TEKO"                                                                                         , "15.0"     , "4.98"
""    , ""       , ""          , ""        , "  └─ Remera Imou XL color naranja"                                                                                                  , "5.0"      , "5.03"
""    , ""       , ""          , ""        , "  └─ Remera Imou tamaño L color naranja"                                                                                            , "5.0"      , "5.03"
""    , ""       , ""          , ""        , "  └─ Remera tipo polo color negro tamaño M - TEKO"                                                                                  , "15.0"     , "4.94"
""    , ""       , ""          , ""        , "  └─ Gorro con logo Dahua color negro"                                                                                              , "50.0"     , "1.5"
""    , ""       , ""          , ""        , "  └─ Termo deportivo con logo Dahua 2"                                                                                              , "5.0"      , "5.51"
""    , ""       , ""          , ""        , "  └─ Placa empotrable para facial - Dahua"                                                                                          , "5.0"      , "15.0"
""    , ""       , ""          , ""        , "  └─ Termo deportivo con logo Dahua 2"                                                                                              , "20.0"     , "2.69"
""    , ""       , ""          , ""        , "  └─ Boligrafo con logo Dahua"                                                                                                      , "150.0"    , "0.16"
""    , ""       , ""          , ""        , "  └─ Agenda ejecutiva Dahua"                                                                                                        , "10.0"     , "0.9"
""    , ""       , ""          , ""        , "  └─ Detector de movimiento inalámbrico Pet inmune. 3 niveles"                                                                      , "20.0"     , "23.0"
""    , ""       , ""          , ""        , "  └─ Destornillador simple con logo Dahua"                                                                                          , "60.0"     , "0.29"
""    , ""       , ""          , ""        , "  └─ Lector de tarjetas Mifare Dahua"                                                                                               , "20.0"     , "8.0"
""    , ""       , ""          , ""        , "  └─ Anotador pequeño Dahua"                                                                                                        , "33.0"     , "0.22"
""    , ""       , ""          , ""        , "  └─ Porta celular para vehiculo"                                                                                                   , "10.0"     , "1.59"
""    , ""       , ""          , ""        , "  └─ Llavero metálico con logo Dahua"                                                                                               , "50.0"     , "0.1"
""    , ""       , ""          , ""        , "  └─ Contacto magnético inalámbrico Dahua"                                                                                          , "20.0"     , "20.0"
""    , ""       , ""          , ""        , "  └─ Mouse Inalámbrico Dahua"                                                                                                       , "10.0"     , "6.48"
""    , ""       , ""          , ""        , "  └─ Mouse Inalámbrico Dahua"                                                                                                       , "20.0"     , "6.48"
""    , ""       , ""          , ""        , "  └─ Mouse pad con logo Dahua"                                                                                                      , "35.0"     , "0.32"
""    , ""       , ""          , ""        , "  └─ NVR de 4 canales metálico 4 puertos PoE"                                                                                       , "8.0"      , "52.0"
""    , ""       , ""          , ""        , "  └─ NVR de 16 canales  16 puertos PoE 2 HDD"                                                                                       , "5.0"      , "167.0"
""    , ""       , ""          , ""        , "  └─ NVR 64ch para 4 HDD Smart 2.0"                                                                                                 , "3.0"      , "343.0"
""    , ""       , ""          , ""        , "  └─ NVR de 16ch metálico hasta 1 canal 4K."                                                                                        , "5.0"      , "56.0"
""    , ""       , ""          , ""        , "  └─ Terminal de Asistencia biométrico y teclado TCP/IP"                                                                            , "50.0"     , "40.0"
""    , ""       , ""          , ""        , "  └─ Terminal de Asistencia biométrico y teclado TCP/IP"                                                                            , "5.0"      , "40.0"
""    , ""       , ""          , ""        , "  └─ Domo PTZ IP de 4MP WizSense 25x"                                                                                               , "2.0"      , "259.0"
""    , ""       , ""          , ""        , "  └─ Domo PTZ IP de 2MP Starlight Laser de 45x. IR 550 mts. Hi-PoE. IP67"                                                           , "1.0"      , "666.0"
""    , ""       , ""          , ""        , "  └─ Domo PTZ IP de 2MP Starlight de 30x. IR 200 mts. PoE. IK10"                                                                    , "1.0"      , "369.0"
""    , ""       , ""          , ""        , "  └─ Controlador de Acceso para 4 Lectoras"                                                                                         , "5.0"      , "65.0"
""    , ""       , ""          , ""        , "  └─ Controlador de Acceso Profesional para 4 puertas"                                                                              , "3.0"      , "190.0"
""    , ""       , ""          , ""        , "  └─ Cámara WIFI Imou 360° 2MP con micrófono."                                                                                      , "80.0"     , "25.0"
""    , ""       , ""          , ""        , "  └─ Bullet WIFI Imou de 2MP"                                                                                                       , "100.0"    , "24.0"
""    , ""       , ""          , ""        , "  └─ Bullet WIFI Imou de 2MP"                                                                                                       , "40.0"     , "25.0"
""    , ""       , ""          , ""        , "  └─ Bullet WIFI IMOU de 4MP"                                                                                                       , "50.0"     , "35.0"
""    , ""       , ""          , ""        , "  └─ Bullet WIFI IMOU de 4MP"                                                                                                       , "80.0"     , "35.0"
""    , ""       , ""          , ""        , "  └─ Cámara IP Wifi Imou Floodlight cam IPC-L26P"                                                                                   , "8.0"      , "78.0"
""    , ""       , ""          , ""        , "  └─ XVR de 16ch 5MP"                                                                                                               , "10.0"     , "89.0"
""    , ""       , ""          , ""        , "  └─ XVR de 32 canales 1080p hasta 5MP Lite de resolución de grabación"                                                             , "12.0"     , "186.0"
""    , ""       , ""          , ""        , "  └─ XVR de 4 canales 720p/1080p Lite. WizSense. Serie Cooper"                                                                      , "300.0"    , "24.0"
""    , ""       , ""          , ""        , "  └─ XVR de 8 canales 720p/1080p Lite. WizSense. Serie Cooper"                                                                      , "400.0"    , "30.0"
""    , ""       , ""          , ""        , "  └─ Grabador Digital compacto 1U Penta-brid 1080N / 720P de 16 canales - DAHUA"                                                    , "390.0"    , "58.0"
""    , ""       , ""          , ""        , "  └─ XVR de 4 canales WizSense. Hasta 5MP Lite"                                                                                     , "20.0"     , "43.0"
""    , ""       , ""          , ""        , "  └─ XVR de 4 canales WizSense. Hasta 5MP Lite"                                                                                     , "30.0"     , "43.0"
""    , ""       , ""          , ""        , "  └─ XVR de 8 canales 5MP Lite. WizSense"                                                                                           , "20.0"     , "59.0"
""    , ""       , ""          , ""        , "  └─ XVR de 4 canales 720p/1080p Lite. WizSense. Serie Cooper"                                                                      , "1.0"      , "24.0"
""    , ""       , ""          , ""        , "  └─ XVR de 8 canales 5MP Lite. WizSense"                                                                                           , "100.0"    , "59.0"
""    , ""       , ""          , ""        , "  └─ Bullet HDCVI de 5MP IR 80 metros"                                                                                              , "100.0"    , "23.0"
""    , ""       , ""          , ""        , "  └─ Cámara Bullet Starlight HDCVI a todo color de 5MP"                                                                             , "80.0"     , "25.0"
""    , ""       , ""          , ""        , "  └─ Mini domo HDCVI 1080p 2.8mm"                                                                                                   , "200.0"    , "10.5"
""    , ""       , ""          , ""        , "  └─ Domo 2MP IR Dome WI-FI"                                                                                                        , "20.0"     , "31.0"
""    , ""       , ""          , ""        , "  └─ Bullet IP WIFI 2MP S2"                                                                                                         , "20.0"     , "30.0"
""    , ""       , ""          , ""        , "  └─ Bullet Cooper 1080p 2.8mm IR 20 mts con switch"                                                                                , "2500.0"   , "11.0"
""    , ""       , ""          , ""        , "  └─ Bullet Cooper 2.8mm IR 20 mts con switch"                                                                                      , "1000.0"   , "8.5"
""    , ""       , ""          , ""        , "  └─ Bullet IP Full Color de 2MP. Alcance 15mts. PoE"                                                                               , "60.0"     , "29.0"
""    , ""       , ""          , ""        , "  └─ Bullet IP de 4MP con micrófono incorporado. IP67"                                                                              , "30.0"     , "42.0"
""    , ""       , ""          , ""        , "  └─ Bullet IP de 2MP Full Color hasta 30 metros con micrófono incorporado. IP67"                                                   , "20.0"     , "45.0"
""    , ""       , ""          , ""        , "  └─ Bullet IP de 8MP PoE 3.6mm"                                                                                                    , "20.0"     , "70.0"
""    , ""       , ""          , ""        , "  └─ Domo HDCVI de 2MP Full Color"                                                                                                  , "50.0"     , "14.0"
""    , ""       , ""          , ""        , "  └─ Bullet HDCVI 1080p Full Color 2.8mm"                                                                                           , "1500.0"   , "14.0"
""    , ""       , ""          , ""        , "  └─ Domo IP de 4MP con micrófono incorporado. IP67"                                                                                , "60.0"     , "42.0"
""    , ""       , ""          , ""        , "  └─ Bullet 8MP 2.8MM"                                                                                                              , "60.0"     , "31.0"
""    , ""       , ""          , ""        , "  └─ Bullet HDCVI de 5MP IR 40 metros"                                                                                              , "80.0"     , "22.0"
""    , ""       , ""          , ""        , "  └─ Cámara Ojo de Pez IP de 5MP. WizMind. Infrarrojo hasta 10 metros. Mapa de calor  Ranura para microSD. Entrada de audio/alarma.", "15.0"     , "101.0"
""    , ""       , ""          , ""        , "  └─ Domo IP de 8MP"                                                                                                                , "20.0"     , "63.0"
""    , ""       , ""          , ""        , "  └─ Bullet IP de 8MP PoE"                                                                                                          , "30.0"     , "63.0"
""    , ""       , ""          , ""        , "  └─ Domo HDCVI de 5MP Full Color hasta 20 metros. IP67"                                                                            , "80.0"     , "26.0"
"579" , "PO00579", "USD-COMPRA", "purchase", "PADRE"                                                                                                                              , ""         , ""
""    , ""       , ""          , ""        , "  └─ Cable de alarma 6 vías"                                                                                                        , "5.0"      , "12.85"
"578" , "PO00578", "USD-COMPRA", "purchase", "PADRE"                                                                                                                              , ""         , ""
""    , ""       , ""          , ""        , "  └─ Cable 16/2 Genesis"                                                                                                            , "2440.0"   , "0.59813"
"576" , "PO00576", "USD-COMPRA", "purchase", "PADRE"                                                                                                                              , ""         , ""
""    , ""       , ""          , ""        , "  └─ Molinete modelo DS103N - Daosafe"                                                                                              , "2.0"      , "393.0"
"575" , "PO00575", "USD-COMPRA", "purchase", "PADRE"                                                                                                                              , ""         , ""
""    , ""       , ""          , ""        , "  └─ Etiqueta Adhesiva AM SENSORMATIC (VPL)"                                                                                        , "1500000.0", "0.01196"
"574" , "PO00574", "USD-COMPRA", "purchase", "PADRE"                                                                                                                              , ""         , ""
""    , ""       , ""          , ""        , "  └─ Placa de alarma DSC 18-32 zonas"                                                                                               , "4.0"      , "55.0"
""    , ""       , ""          , ""        , "  └─ Transformador 220-16. 5V 4A"                                                                                                   , "10.0"     , "9.0"
""    , ""       , ""          , ""        , "  └─ Kit panel 4-8zonas con teclado DSC"                                                                                            , "10.0"     , "46.0"
""    , ""       , ""          , ""        , "  └─ Kit panel 18-32 zonas con teclado PK5501"                                                                                      , "6.0"      , "87.0"
"566" , "PO00566", "USD-COMPRA", "purchase", "PADRE"                                                                                                                              , ""         , ""
""    , ""       , ""          , ""        , "  └─ TARJETA DE MEMORIA MICRO SD 32GB"                                                                                              , "47.0"     , "4.46"
"564" , "PO00564", "USD-COMPRA", "purchase", "PADRE"                                                                                                                              , ""         , ""
""    , ""       , ""          , ""        , "  └─ Kit de videoportero analógico  Frente de calle de 1.3MP"                                                                       , "20.0"     , "52.0"
""    , ""       , ""          , ""        , "  └─ Switch PoE de 4 puertos"                                                                                                       , "50.0"     , "23.0"
""    , ""       , ""          , ""        , "  └─ Switch PoE de 16 puertos"                                                                                                      , "50.0"     , "106.0"
""    , ""       , ""          , ""        , "  └─ Termo deportivo con logo Dahua 2"                                                                                              , "10.0"     , "4.01"
""    , ""       , ""          , ""        , "  └─ Fuente para exterior 220 input 12V/2A output"                                                                                  , "200.0"    , "2.8"
""    , ""       , ""          , ""        , "  └─ Monitor IP 7` con wifi y ranura para microsd"                                                                                  , "5.0"      , "95.0"
""    , ""       , ""          , ""        , "  └─ Frente de calle IP WIFI autónomo"                                                                                              , "20.0"     , "75.0"
""    , ""       , ""          , ""        , "  └─ Panel externo para video portero para 4 dptos."                                                                                , "5.0"      , "80.0"
""    , ""       , ""          , ""        , "  └─ IPC-HUM8241-L1-0280B"                                                                                                          , "4.0"      , "45.0"
""    , ""       , ""          , ""        , "  └─ DHI-LM22-V200-B4"                                                                                                              , "13.0"     , "110.0"
""    , ""       , ""          , ""        , "  └─ DHI-LM32-F200-C1"                                                                                                              , "9.0"      , "185.0"
""    , ""       , ""          , ""        , "  └─ Controlador de acceso y asistencia por reconocimiento facial 500 usuarios"                                                     , "20.0"     , "99.0"
""    , ""       , ""          , ""        , "  └─ CONTROLADORA PARA PTZ IP JOYSTICK DE 3 EJES PANTALLA 75 X 33MM PUERTOS RJ45/RS485/RS422/RS232/USB"                             , "1.0"      , "115.0"
""    , ""       , ""          , ""        , "  └─ DHI-ASC2202C-D"                                                                                                                , "9.0"      , "140.0"
""    , ""       , ""          , ""        , "  └─ Soporte de pared para cámaras (domo  bullet  turret)"                                                                          , "200.0"    , "1.0"
""    , ""       , ""          , ""        , "  └─ Domo PTZ HDCVI 1080p 25x"                                                                                                      , "1.0"      , "147.0"
""    , ""       , ""          , ""        , "  └─ Domo PTZ IP de 2MP 25x PoE"                                                                                                    , "5.0"      , "212.0"
""    , ""       , ""          , ""        , "  └─ Domo PTZ IP de 4MP WizSense 25x"                                                                                               , "5.0"      , "259.0"
""    , ""       , ""          , ""        , "  └─ Domo PTZ IP de 2MP Starlight de 30x. IR 200 mts. PoE. IK10"                                                                    , "2.0"      , "440.0"
""    , ""       , ""          , ""        , "  └─ Cámara WIFI Imou para interior 1080p"                                                                                          , "200.0"    , "18.0"
""    , ""       , ""          , ""        , "  └─ Bullet WIFI Imou de 2MP"                                                                                                       , "80.0"     , "25.0"
""    , ""       , ""          , ""        , "  └─ Cámara IP WIFI para exterior Imou"                                                                                             , "100.0"    , "29.0"
""    , ""       , ""          , ""        , "  └─ NVR de 4ch PoE S3"                                                                                                             , "5.0"      , "52.0"
""    , ""       , ""          , ""        , "  └─ NVR de 16ch compacto Wizsense"                                                                                                 , "10.0"     , "76.0"
""    , ""       , ""          , ""        , "  └─ NVR 64ch para 4 HDD Smart 2.0"                                                                                                 , "8.0"      , "343.0"
""    , ""       , ""          , ""        , "  └─ XVR de 32 canales 1080p hasta 5MP Lite de resolución de grabación"                                                             , "20.0"     , "186.0"
""    , ""       , ""          , ""        , "  └─ XVR de 8 canales 4K"                                                                                                           , "5.0"      , "128.0"
""    , ""       , ""          , ""        , "  └─ XVR de 4 canales WizSense. Hasta 5MP Lite"                                                                                     , "20.0"     , "43.0"
""    , ""       , ""          , ""        , "  └─ XVR de 8 canales 5MP Lite. WizSense"                                                                                           , "40.0"     , "59.0"
""    , ""       , ""          , ""        , "  └─ XVR de 16ch 5MP"                                                                                                               , "10.0"     , "89.0"
""    , ""       , ""          , ""        , "  └─ XVR de 16ch 5MP"                                                                                                               , "40.0"     , "89.0"
""    , ""       , ""          , ""        , "  └─ DHI-XVR5216AN-4KL"                                                                                                             , "5.0"      , "169.0"
""    , ""       , ""          , ""        , "  └─ DH-XVR1B04H-I"                                                                                                                 , "1.0"      , "42.0"
""    , ""       , ""          , ""        , "  └─ DH-IPC-HFW2239SP-SA-LED-S2"                                                                                                    , "20.0"     , "45.0"
""    , ""       , ""          , ""        , "  └─ Bullet IP de 4MP Varifocal motorizado"                                                                                         , "180.0"    , "83.0"
""    , ""       , ""          , ""        , "  └─ Domo Full Color 1080p HDCVI"                                                                                                   , "20.0"     , "21.0"
""    , ""       , ""          , ""        , "  └─ Domo HDCVI de 5MP con micrófono"                                                                                               , "40.0"     , "22.0"
""    , ""       , ""          , ""        , "  └─ Domo HDCVI de 5MP Full Color hasta 20 metros. IP67"                                                                            , "40.0"     , "26.0"
""    , ""       , ""          , ""        , "  └─ Bullet HDCVI de 2MP IR 80 metros con micrófono"                                                                                , "200.0"    , "16.0"
""    , ""       , ""          , ""        , "  └─ Bullet HDCVI 1080p Full Color 2.8mm"                                                                                           , "300.0"    , "14.0"
""    , ""       , ""          , ""        , "  └─ Bullet HDCVI de 5MP con micrófono incorporado"                                                                                 , "80.0"     , "20.0"
""    , ""       , ""          , ""        , "  └─ Bullet HDCVI de 5MP IR 40 metros"                                                                                              , "60.0"     , "20.0"
""    , ""       , ""          , ""        , "  └─ Bullet Cooper 2.8mm IR 20 mts con switch"                                                                                      , "1500.0"   , "8.5"
""    , ""       , ""          , ""        , "  └─ Bullet HDCVI de 5MP IR 80 metros con micrófono"                                                                                , "60.0"     , "23.0"
""    , ""       , ""          , ""        , "  └─ Cámara Bullet Starlight HDCVI a todo color de 5MP"                                                                             , "90.0"     , "25.0"
""    , ""       , ""          , ""        , "  └─ DH-HAC-HFW1800TLP-A"                                                                                                           , "10.0"     , "26.0"
""    , ""       , ""          , ""        , "  └─ Cámara oculta tipo PIR 1080P"                                                                                                  , "30.0"     , "19.0"
""    , ""       , ""          , ""        , "  └─ Bullet HDCVI de 5MP Full Color con disuasión activa"                                                                           , "20.0"     , "30.0"
""    , ""       , ""          , ""        , "  └─ Domo Cooper 2.8 mm IR 20 mts con switch"                                                                                       , "3.0"      , "6.9"
""    , ""       , ""          , ""        , "  └─ Cámara Ojo de Pez IP de 5MP. WizMind. Infrarrojo hasta 10 metros. Mapa de calor  Ranura para microSD. Entrada de audio/alarma.", "5.0"      , "101.0"
""    , ""       , ""          , ""        , "  └─ Domo 2MP IR Dome WI-FI"                                                                                                        , "20.0"     , "31.0"
""    , ""       , ""          , ""        , "  └─ Domo IP de 2MP con ranura para microSD PoE"                                                                                    , "20.0"     , "42.0"
""    , ""       , ""          , ""        , "  └─ Mini domo IP de 2MP IR 30 mts"                                                                                                 , "30.0"     , "52.0"
""    , ""       , ""          , ""        , "  └─ Domo IP de 5MP IR 30mts PoE"                                                                                                   , "20.0"     , "43.0"
""    , ""       , ""          , ""        , "  └─ Bullet Cooper 1080p 2.8mm IR 20 mts con switch"                                                                                , "1500.0"   , "11.0"
""    , ""       , ""          , ""        , "  └─ Domo IP de 8MP"                                                                                                                , "10.0"     , "63.0"
""    , ""       , ""          , ""        , "  └─ DH-IPC-HDW2231T-ZS-S2"                                                                                                         , "8.0"      , "99.0"
""    , ""       , ""          , ""        , "  └─ Bullet IP 2 MP Varifocal motorizado PoE"                                                                                       , "40.0"     , "59.0"
""    , ""       , ""          , ""        , "  └─ Bullet IP Full Color de 2MP. Alcance 15mts. PoE"                                                                               , "40.0"     , "29.0"
""    , ""       , ""          , ""        , "  └─ Bullet IP 4MP 2.8 mm PoE S4"                                                                                                   , "70.0"     , "39.0"
""    , ""       , ""          , ""        , "  └─ Bullet IP de 5MP IR 30mts PoE"                                                                                                 , "40.0"     , "43.0"
""    , ""       , ""          , ""        , "  └─ Bullet IP de 8MP PoE"                                                                                                          , "20.0"     , "63.0"
"561" , "PO00561", "USD-COMPRA", "purchase", "PADRE"                                                                                                                              , ""         , ""
""    , ""       , ""          , ""        , "  └─ Barrera Detectora de Humo - OSI-90 - 80 ° Soporta Hasta 7 Emisores"                                                            , "5.0"      , "487.21"
"560" , "PO00560", "USD-COMPRA", "purchase", "PADRE"                                                                                                                              , ""         , ""
""    , ""       , ""          , ""        , "  └─ Lector Facial Bluetooth MultiClass SE Dual RFID"                                                                               , "3.0"      , "1680.0"
"559" , "PO00559", "USD-COMPRA", "purchase", "PADRE"                                                                                                                              , ""         , ""
""    , ""       , ""          , ""        , "  └─ Cerradura Electromagnetica 180kg ZUDSEC"                                                                                       , "200.0"    , "10.9"
""    , ""       , ""          , ""        , "  └─ Soporte en U para cerradura de 180kg ZUDSEC"                                                                                   , "100.0"    , "2.9"
""    , ""       , ""          , ""        , "  └─ Soporte en L para cerradura de 180kg ZUDSEC"                                                                                   , "100.0"    , "2.5"
""    , ""       , ""          , ""        , "  └─ Soporte en Z paara cerradura de 180kg ZUDSEC"                                                                                  , "150.0"    , "4.6"
""    , ""       , ""          , ""        , "  └─ Cerradura Electromagnetica de 280KG con LED ZUDSEC"                                                                            , "200.0"    , "13.5"
""    , ""       , ""          , ""        , "  └─ Soporte en U para cerradura de 280KG ZUDSEC"                                                                                   , "50.0"     , "3.8"
""    , ""       , ""          , ""        , "  └─ Soporte en L para cerradura de 280kg ZUDSEC"                                                                                   , "50.0"     , "2.7"
""    , ""       , ""          , ""        , "  └─ Soporte en Z para cerraduras de 280kg ZUDSEC"                                                                                  , "150.0"    , "4.8"
""    , ""       , ""          , ""        , "  └─ Botón de salida Touch - Black"                                                                                                 , "40.0"     , "4.49"
""    , ""       , ""          , ""        , "  └─ Botón de liberación para  puertas ZUDSEC"                                                                                      , "100.0"    , "3.98"
""    , ""       , ""          , ""        , "  └─ Botón de apertura/salida EXIT ZUDSEC"                                                                                          , "50.0"     , "4.95"
""    , ""       , ""          , ""        , "  └─ Botón de salida de sensor infrarrojo - ZUDSEC"                                                                                 , "80.0"     , "4.95"
""    , ""       , ""          , ""        , "  └─ Botón de Emergencia ZUDSEC"                                                                                                    , "200.0"    , "0.58"
""    , ""       , ""          , ""        , "  └─ Teclado Multifuncion standalone con luz azul ZUDSEC"                                                                           , "30.0"     , "11.98"
""    , ""       , ""          , ""        , "  └─ Tarjeta de identificación de etiqueta de llave ZUDSEC"                                                                         , "200.0"    , "0.25"
""    , ""       , ""          , ""        , "  └─ Fuente de alimentación de control de acceso ZUDSEC"                                                                            , "50.0"     , "8.9"
""    , ""       , ""          , ""        , "  └─ Control de rondas para guardias con lector RFID ZUDSEC"                                                                        , "30.0"     , "49.9"
""    , ""       , ""          , ""        , "  └─ Etiquetas para control de Rondas - ZUDSEC"                                                                                     , "60.0"     , "0.8"
""    , ""       , ""          , ""        , "  └─ Barrera infrarroja 10 haces 2mts altura 40mts de ZUDSEC"                                                                       , "60.0"     , "52.0"
""    , ""       , ""          , ""        , "  └─ Barreras Detector IR 30m ZUDSEC"                                                                                               , "50.0"     , "19.5"
""    , ""       , ""          , ""        , "  └─ Barrera Detector IR 60m ZUDSEC"                                                                                                , "50.0"     , "19.5"
""    , ""       , ""          , ""        , "  └─ Barreras Detector IR 100M ZUDSEC"                                                                                              , "50.0"     , "21.5"
""    , ""       , ""          , ""        , "  └─ Kit de alarma inalámbrico GSM/WIFI - ZUDSEC"                                                                                   , "50.0"     , "62.5"
""    , ""       , ""          , ""        , "  └─ Detector de movimiento inalámbrico"                                                                                            , "50.0"     , "5.49"
""    , ""       , ""          , ""        , "  └─ Sirena inalámbrica - ZUDSEC"                                                                                                   , "20.0"     , "12.5"
""    , ""       , ""          , ""        , "  └─ Sirena blanca 12V 30W ZUDSEC"                                                                                                  , "50.0"     , "6.98"
""    , ""       , ""          , ""        , "  └─ Sirena Audiovisual Incendio 3 tonos 110dB 12V ZUDSEC"                                                                          , "200.0"    , "6.25"
""    , ""       , ""          , ""        , "  └─ Detector de Calor Autónomo ZUDSEC"                                                                                             , "100.0"    , "5.95"
""    , ""       , ""          , ""        , "  └─ Detector humo/calor inalámbrico ZUDSEC"                                                                                        , "50.0"     , "8.8"
""    , ""       , ""          , ""        , "  └─ Fuente de alimentación 12v 5 A - ZUDSEC"                                                                                       , "100.0"    , "5.59"
""    , ""       , ""          , ""        , "  └─ Fuente de 12v 10amper ZUDSEC"                                                                                                  , "50.0"     , "6.99"
""    , ""       , ""          , ""        , "  └─ Fuente de 12v 20amper ZUDSEC"                                                                                                  , "50.0"     , "9.9"
""    , ""       , ""          , ""        , "  └─ Fuente de 12v 30amper ZUDSEC"                                                                                                  , "60.0"     , "12.5"
""    , ""       , ""          , ""        , "  └─ Fuente de 12v 10amper 8ch con gabinete y fusilera ZUDSEC"                                                                      , "50.0"     , "13.5"
""    , ""       , ""          , ""        , "  └─ Transformador 220v a 12v 5amper ZUDSEC"                                                                                        , "50.0"     , "4.98"
""    , ""       , ""          , ""        , "  └─ FUENTE DE ALIMENTACION DE 9 CANALES 12V 10A ZUDSEC"                                                                            , "50.0"     , "17.9"
""    , ""       , ""          , ""        , "  └─ Inyector PoE1000E ZUDSEC"                                                                                                      , "50.0"     , "9.9"
""    , ""       , ""          , ""        , "  └─ Extensor de HDMI 60Mts - ZUDSEC"                                                                                               , "30.0"     , "22.0"
""    , ""       , ""          , ""        , "  └─ HDMI Splitters: 1080P  1 X 2"                                                                                                  , "20.0"     , "7.6"
""    , ""       , ""          , ""        , "  └─ Video Balum activo"                                                                                                            , "20.0"     , "10.5"
""    , ""       , ""          , ""        , "  └─ Conector BNC - Zudsec"                                                                                                         , "500.0"    , "0.15"
""    , ""       , ""          , ""        , "  └─ Bombilla de luz Led inteligente WIFI - ZUDSEC"                                                                                 , "50.0"     , "7.45"
""    , ""       , ""          , ""        , "  └─ Enchufe inteligente WIFI -ZUDSEC"                                                                                              , "100.0"    , "5.45"
""    , ""       , ""          , ""        , "  └─ Interruptor inteligente de 1 canal WIFI"                                                                                       , "30.0"     , "4.98"
""    , ""       , ""          , ""        , "  └─ Interruptor de luz inteligente WIFI 1 cuadrilla - ZUDSEC"                                                                      , "20.0"     , "9.9"
""    , ""       , ""          , ""        , "  └─ Controlador de apertura de garaje WIFI - ZUDSEC"                                                                               , "50.0"     , "14.99"
""    , ""       , ""          , ""        , "  └─ Mando a distancia universal - ZUDSEC"                                                                                          , "30.0"     , "8.59"
""    , ""       , ""          , ""        , "  └─ Micrófono para CCTV de alta fidelidad"                                                                                         , "100.0"    , "2.59"
""    , ""       , ""          , ""        , "  └─ Fuente de alimentación 24v 3A"                                                                                                 , "100.0"    , "4.95"
""    , ""       , ""          , ""        , "  └─ Fuente de alimentación 12v 5A con ranura para batería 12v7A"                                                                   , "50.0"     , "10.5"
""    , ""       , ""          , ""        , "  └─ Kit de alarma Zudsec con lector biométrico"                                                                                    , "20.0"     , "65.9"
""    , ""       , ""          , ""        , "  └─ Alarma para motocicletas - Zudsec"                                                                                             , "50.0"     , "7.69"
""    , ""       , ""          , ""        , "  └─ Detector de monóxido de carbono autónomo"                                                                                      , "50.0"     , "7.85"
""    , ""       , ""          , ""        , "  └─ Detector de gas licuado cableado"                                                                                              , "50.0"     , "6.48"
""    , ""       , ""          , ""        , "  └─ Detector de fuga de gas"                                                                                                       , "50.0"     , "7.95"
""    , ""       , ""          , ""        , "  └─ Micrófono para CCTV"                                                                                                           , "20.0"     , "2.15"
""    , ""       , ""          , ""        , "  └─ Cámara PTZ 4G con panel solar integrado 1080p - ZUDSEC"                                                                        , "5.0"      , "69.9"
""    , ""       , ""          , ""        , "  └─ Conector BNC hembra a RCA macho - Zudsec"                                                                                      , "100.0"    , "0.08"
""    , ""       , ""          , ""        , "  └─ Descuento Especial"                                                                                                            , "-1.0"     , "16.0"
"555" , "PO00555", "USD-COMPRA", "purchase", "PADRE"                                                                                                                              , ""         , ""
""    , ""       , ""          , ""        , "  └─ Kit panel 4-8zonas con teclado DSC"                                                                                            , "5.0"      , "47.0"
""    , ""       , ""          , ""        , "  └─ Gabinete metalico P/PC 1832/1864 - DSC"                                                                                        , "10.0"     , "13.0"
"550" , "PO00550", "USD-COMPRA", "purchase", "PADRE"                                                                                                                              , ""         , ""
""    , ""       , ""          , ""        , "  └─ Sirena audiovisual inalámbrica TEKO"                                                                                           , "50.0"     , "20.01"
""    , ""       , ""          , ""        , "  └─ Detector de humo inalámbrico TEKO"                                                                                             , "500.0"    , "18.65"
""    , ""       , ""          , ""        , "  └─ Detector termovelocimétrico inalámbrico TEKO"                                                                                  , "200.0"    , "18.65"
""    , ""       , ""          , ""        , "  └─ Pulsador manual de incendio inalámbrico TEKO"                                                                                  , "100.0"    , "22.97"
""    , ""       , ""          , ""        , "  └─ Botón de pánico inalámbrico(433 MHz) - TEKO"                                                                                   , "60.0"     , "7.31"
""    , ""       , ""          , ""        , "  └─ Receptor inalámbrico TEKO"                                                                                                     , "30.0"     , "26.5"
""    , ""       , ""          , ""        , "  └─ Pulsera (botón de pánico inalámbrico) 433MHz -TEKO"                                                                            , "20.0"     , "14.97"
"549" , "PO00549", "USD-COMPRA", "purchase", "PADRE"                                                                                                                              , ""         , ""
""    , ""       , ""          , ""        , "  └─ Módulo de Desactivación Forzada - Sensormatic"                                                                                 , "1.0"      , "166.1942"
""    , ""       , ""          , ""        , "  └─ PowerPad Desactivator"                                                                                                         , "1.0"      , "572.0378"
"546" , "PO00546", "USD-COMPRA", "purchase", "PADRE"                                                                                                                              , ""         , ""
""    , ""       , ""          , ""        , "  └─ Molinete Daosafe"                                                                                                              , "6.0"      , "473.0"
""    , ""       , ""          , ""        , "  └─ Placa de respaldo para molinete DS104 Daosafe"                                                                                 , "2.0"      , "93.0"
"545" , "PO00545", "USD-COMPRA", "purchase", "PADRE"                                                                                                                              , ""         , ""
""    , ""       , ""          , ""        , "  └─ Modulo para Lectora APC iSTAR SOFTWARE HOUSE"                                                                                  , "10.0"     , "217.25"
"542" , "PO00542", "USD-COMPRA", "purchase", "PADRE"                                                                                                                              , ""         , ""
""    , ""       , ""          , ""        , "  └─ Kit panel 18-32 zonas con teclado PK5501"                                                                                      , "10.0"     , "87.0"
"537" , "PO00537", "USD-COMPRA", "purchase", "PADRE"                                                                                                                              , ""         , ""
""    , ""       , ""          , ""        , "  └─ Modulo expansor 8 zonas DSC"                                                                                                   , "10.0"     , "28.0"
"536" , "PO00536", "USD-COMPRA", "purchase", "PADRE"                                                                                                                              , ""         , ""
""    , ""       , ""          , ""        , "  └─ Cable de alarma 4 vías"                                                                                                        , "5.0"      , "8.83"
"534" , "PO00534", "USD-COMPRA", "purchase", "PADRE"                                                                                                                              , ""         , ""
""    , ""       , ""          , ""        , "  └─ DISCO DURO 6TB PURPLE - WESTER DIGITAL"                                                                                        , "8.0"      , "188.1"
"533" , "PO00533", "USD-COMPRA", "purchase", "PADRE"                                                                                                                              , ""         , ""
""    , ""       , ""          , ""        , "  └─ DISCO DURO 1TB SURVEILLANCE - SEAGATE"                                                                                         , "5.0"      , "47.52"
""    , ""       , ""          , ""        , "  └─ DISCO DURO 4TB SURVEILLANCE - SEAGATE"                                                                                         , "2.0"      , "67.43"
""    , ""       , ""          , ""        , "  └─ DISCO DURO 6TB SURVEILLANCE - SEAGATE"                                                                                         , "4.0"      , "167.75"
"528" , "PO00528", "USD-COMPRA", "purchase", "PADRE"                                                                                                                              , ""         , ""
""    , ""       , ""          , ""        , "  └─ Swicth poe administrable capa 2 24 puertos 100mbps 2 puertos"                                                                  , "12.0"     , "120.0"
""    , ""       , ""          , ""        , "  └─ Surveillance Management Center"                                                                                                , "1.0"      , "3500.0"
""    , ""       , ""          , ""        , "  └─ 16-HDD Enterprise Video Storage"                                                                                               , "1.0"      , "1700.0"
"527" , "PO00527", "USD-COMPRA", "purchase", "PADRE"                                                                                                                              , ""         , ""
""    , ""       , ""          , ""        , "  └─ Cable de alarma 6 vías"                                                                                                        , "1.0"      , "16.18"
""    , ""       , ""          , ""        , "  └─ Cable de alarma 4 vías"                                                                                                        , "2.0"      , "8.83"
""    , ""       , ""          , ""        , "  └─ Gabinete chico para Paradox"                                                                                                   , "2.0"      , "8.52"
""    , ""       , ""          , ""        , "  └─ Control remoto inalámbrico 433MHz"                                                                                             , "1.0"      , "14.42"
"526" , "PO00526", "USD-COMPRA", "purchase", "PADRE"                                                                                                                              , ""         , ""
""    , ""       , ""          , ""        , "  └─ Panel Direccionable FC506 500 Puntos"                                                                                          , "5.0"      , "696.28"
""    , ""       , ""          , ""        , "  └─ Panel direccionable FC501 para 128 puntos FIRECLASS"                                                                           , "5.0"      , "362.108"
""    , ""       , ""          , ""        , "  └─ Panel Repetidor Serie FC500"                                                                                                   , "2.0"      , "229.225"
""    , ""       , ""          , ""        , "  └─ Sensor térmico analógico FC460 FIRECLASS"                                                                                      , "500.0"    , "15.951"
""    , ""       , ""          , ""        , "  └─ BASE 4B 4` - FIRECLASS"                                                                                                        , "1900.0"   , "1.9682"
""    , ""       , ""          , ""        , "  └─ Multisensor de triple tecnologia FC460 FIRECLASS"                                                                              , "100.0"    , "34.1796"
""    , ""       , ""          , ""        , "  └─ Pulsador de alarma direccionable rearmable FC420CP-I FIRECLASS"                                                                , "50.0"     , "23.452"
""    , ""       , ""          , ""        , "  └─ Modulo de control de 2 entradas para FC500 FIRECLASS"                                                                          , "10.0"     , "25.184"
""    , ""       , ""          , ""        , "  └─ Módulo IP para Central Analógica FC501FC FIRECLASS"                                                                            , "5.0"      , "114.514"
""    , ""       , ""          , ""        , "  └─ Fuente de alimentación BXM24/50-U FIRECLASS"                                                                                   , "1.0"      , "155.55"
""    , ""       , ""          , ""        , "  └─ Programador de elementos de lazos. FC490ST FIRECLASS"                                                                          , "2.0"      , "181.895"
""    , ""       , ""          , ""        , "  └─ Panel Convencional Fireclass 2 zonas J408-2"                                                                                   , "30.0"     , "109.1167"
""    , ""       , ""          , ""        , "  └─ Panel Convencional Fireclass de 4 zonas J408-4 - Fireclass"                                                                    , "16.0"     , "115.8431"
""    , ""       , ""          , ""        , "  └─ Panel J424-8 Fireclass"                                                                                                        , "20.0"     , "177.983"
""    , ""       , ""          , ""        , "  └─ Módulo expansor de 8 zonas Fireclass"                                                                                          , "20.0"     , "36.4545"
""    , ""       , ""          , ""        , "  └─ Detector de Humo lineal FireOne - Fireclass"                                                                                   , "20.0"     , "238.7555"
""    , ""       , ""          , ""        , "  └─ FR2000 Espejo Para Barrera FireOne"                                                                                            , "20.0"     , "22.446"
""    , ""       , ""          , ""        , "  └─ Panel Direccionable FC708D 1000 puntos"                                                                                        , "1.0"      , "1169.75"
""    , ""       , ""          , ""        , "  └─ Detector Humo/Calor Convencional 701P - Fireclass"                                                                             , "100.0"    , "6.24"
""    , ""       , ""          , ""        , "  └─ Detector Termovelocimétrico Convencional 701H- Fireclass"                                                                      , "600.0"    , "5.6628"
"525" , "PO00525", "USD-COMPRA", "purchase", "PADRE"                                                                                                                              , ""         , ""
""    , ""       , ""          , ""        , "  └─ Pulsador Manual CM702-ERD CAMDEN"                                                                                              , "8.0"      , "35.0"
""    , ""       , ""          , ""        , "  └─ Botón tipo hongo de metal verde - ENFORCER"                                                                                    , "1.0"      , "11.68"
"523" , "PO00523", "USD-COMPRA", "purchase", "PADRE"                                                                                                                              , ""         , ""
""    , ""       , ""          , ""        , "  └─ CONVERSOR DE MEDIOS GIGABIT ETHERNET - TP-LINK"                                                                                , "7.0"      , "96508.0"
"522" , "PO00522", "USD-COMPRA", "purchase", "PADRE"                                                                                                                              , ""         , ""
""    , ""       , ""          , ""        , "  └─ PLACA MADRE ASUS PRIME LGA1200"                                                                                                , "1.0"      , "137.2"
""    , ""       , ""          , ""        , "  └─ PROCESADOR CI7 2 50/16M"                                                                                                       , "1.0"      , "441.0"
""    , ""       , ""          , ""        , "  └─ MEMORIA RAM 16GB"                                                                                                              , "2.0"      , "97.71"
""    , ""       , ""          , ""        , "  └─ FUENTE TIPO PC 700W"                                                                                                           , "1.0"      , "93.0"
"520" , "PO00520", "USD-COMPRA", "purchase", "PADRE"                                                                                                                              , ""         , ""
""    , ""       , ""          , ""        , "  └─ Detector de Hidrógeno para Panel de Incendio - MARCURCO"                                                                       , "1.0"      , "239.24"
"519" , "PO00519", "USD-COMPRA", "purchase", "PADRE"                                                                                                                              , ""         , ""
""    , ""       , ""          , ""        , "  └─ Cinta metrica con logo Dahua"                                                                                                  , "20.0"     , "0.66"
""    , ""       , ""          , ""        , "  └─ Remera tipo polo color negro tamaño M - TEKO"                                                                                  , "10.0"     , "5.52"
""    , ""       , ""          , ""        , "  └─ Remera tipo polo color negro tamaño XL - TEKO"                                                                                 , "10.0"     , "5.53"
""    , ""       , ""          , ""        , "  └─ Remera tipo polo color negro tamaño XXL - TEKO"                                                                                , "10.0"     , "5.62"
""    , ""       , ""          , ""        , "  └─ Remera tipo polo color negro tamaño XXXL - Teko"                                                                               , "10.0"     , "5.56"
""    , ""       , ""          , ""        , "  └─ Video tester"                                                                                                                  , "10.0"     , "60.0"
""    , ""       , ""          , ""        , "  └─ Ventiladores de mano a USB"                                                                                                    , "20.0"     , "3.0"
""    , ""       , ""          , ""        , "  └─ Bolso de TNT Blanco con logo Dahua"                                                                                            , "50.0"     , "0.32"
""    , ""       , ""          , ""        , "  └─ Llavero colgante con logo Dahua"                                                                                               , "100.0"    , "0.47"
""    , ""       , ""          , ""        , "  └─ Gorro con logo Dahua color negro"                                                                                              , "50.0"     , "1.67"
""    , ""       , ""          , ""        , "  └─ IP Villa Door Station & Indoor Monitor"                                                                                        , "50.0"     , "122.0"
""    , ""       , ""          , ""        , "  └─ Kit de videoportero analógico  Frente de calle de 1.3MP"                                                                       , "30.0"     , "48.0"
""    , ""       , ""          , ""        , "  └─ Switch PoE de 24 puertos"                                                                                                      , "10.0"     , "125.0"
""    , ""       , ""          , ""        , "  └─ Switch PoE 8 puertos no administrable econ"                                                                                    , "20.0"     , "25.0"
""    , ""       , ""          , ""        , "  └─ Switch PoE de 8 puertos"                                                                                                       , "30.0"     , "33.0"
""    , ""       , ""          , ""        , "  └─ Switch PoE de 16 puertos"                                                                                                      , "20.0"     , "106.0"
""    , ""       , ""          , ""        , "  └─ Placa empotrable para facial - Dahua"                                                                                          , "1.0"      , "15.0"
""    , ""       , ""          , ""        , "  └─ Frente de calle para departamentos con reconocimiento facial. Hasta 200 monitores"                                             , "1.0"      , "158.0"
""    , ""       , ""          , ""        , "  └─ Monitor IP 7` sin wifi"                                                                                                        , "20.0"     , "65.0"
""    , ""       , ""          , ""        , "  └─ Monitor analógico 7`"                                                                                                          , "10.0"     , "35.0"
""    , ""       , ""          , ""        , "  └─ Fuente para exterior 220 input 12V/2A output"                                                                                  , "100.0"    , "2.8"
""    , ""       , ""          , ""        , "  └─ Cinta adhesiva con logo Dahua"                                                                                                 , "100.0"    , "0.44"
""    , ""       , ""          , ""        , "  └─ Destornillador simple con logo Dahua"                                                                                          , "50.0"     , "0.32"
""    , ""       , ""          , ""        , "  └─ Chaleco para herramientas con logo dahua"                                                                                      , "5.0"      , "9.43"
""    , ""       , ""          , ""        , "  └─ Mouse con logo Dahua"                                                                                                          , "10.0"     , "5.97"
""    , ""       , ""          , ""        , "  └─ Juego de cables universales Dahua"                                                                                             , "20.0"     , "1.57"
""    , ""       , ""          , ""        , "  └─ Bullet WIFI Imou de 2MP"                                                                                                       , "100.0"    , "25.0"
""    , ""       , ""          , ""        , "  └─ Bullet WIFI Imou de 2MP con sirena y altavoz"                                                                                  , "50.0"     , "43.0"
""    , ""       , ""          , ""        , "  └─ Cámara IP WIFI para exterior Imou"                                                                                             , "100.0"    , "29.0"
""    , ""       , ""          , ""        , "  └─ Boligrafo con logo Dahua"                                                                                                      , "110.0"    , "0.18"
""    , ""       , ""          , ""        , "  └─ Boligrafo con logo Dahua color negro"                                                                                          , "100.0"    , "0.22"
""    , ""       , ""          , ""        , "  └─ Soporte de pared para cámaras (domo  bullet  turret)"                                                                          , "600.0"    , "1.0"
""    , ""       , ""          , ""        , "  └─ Porta celular para vehiculo"                                                                                                   , "10.0"     , "1.55"
""    , ""       , ""          , ""        , "  └─ Soporte para celular para vehiculo con cargador"                                                                               , "10.0"     , "4.56"
""    , ""       , ""          , ""        , "  └─ Caja Luminosa con logo IMOU"                                                                                                   , "2.0"      , "20.13"
""    , ""       , ""          , ""        , "  └─ Cartel luminoso 1.3.02.17.00050"                                                                                               , "4.0"      , "23.11"
""    , ""       , ""          , ""        , "  └─ Domo PTZ IP  de 8MP 25x WizSense"                                                                                              , "2.0"      , "504.0"
""    , ""       , ""          , ""        , "  └─ Domo PTZ HDCVI 1080p 25x"                                                                                                      , "20.0"     , "147.0"
""    , ""       , ""          , ""        , "  └─ Domo PTZ IP de 4MP WizSense 25x"                                                                                               , "2.0"      , "240.0"
""    , ""       , ""          , ""        , "  └─ Mini PTZ IP 4x wifi 2MP"                                                                                                       , "4.0"      , "79.0"
""    , ""       , ""          , ""        , "  └─ Domo PTZ IP de 2MP 25x PoE"                                                                                                    , "20.0"     , "212.0"
""    , ""       , ""          , ""        , "  └─ Grabador Digital compacto 1U Penta-brid 1080N / 720P de 16 canales - DAHUA"                                                    , "500.0"    , "53.0"
""    , ""       , ""          , ""        , "  └─ XVR de 4 canales 720p/1080p Lite. WizSense. Serie Cooper"                                                                      , "400.0"    , "21.9"
""    , ""       , ""          , ""        , "  └─ XVR de 8 canales 5MP Lite. WizSense"                                                                                           , "20.0"     , "59.0"
""    , ""       , ""          , ""        , "  └─ XVR de 8 canales 720p/1080p Lite. WizSense. Serie Cooper"                                                                      , "900.0"    , "26.4"
""    , ""       , ""          , ""        , "  └─ XVR de 16ch 5MP"                                                                                                               , "80.0"     , "89.0"
""    , ""       , ""          , ""        , "  └─ NVR 64ch para 4 HDD Smart 2.0"                                                                                                 , "2.0"      , "343.0"
""    , ""       , ""          , ""        , "  └─ NVR 4K de 8 canales con 8 puertos PoE"                                                                                         , "5.0"      , "88.0"
""    , ""       , ""          , ""        , "  └─ NVR de 4ch PoE S3"                                                                                                             , "5.0"      , "46.0"
""    , ""       , ""          , ""        , "  └─ NVR de 8 canales con PoE S3"                                                                                                   , "20.0"     , "65.0"
""    , ""       , ""          , ""        , "  └─ NVR de 32 canales 2HDD 4K Lite"                                                                                                , "5.0"      , "110.0"
""    , ""       , ""          , ""        , "  └─ Grabador IP DAHUA de 64 Canales - 320Mbps"                                                                                     , "5.0"      , "410.0"
""    , ""       , ""          , ""        , "  └─ Grabador de vídeo en red compacto 1U 4PoE 4K y H.265 Lite de 4/8 canales"                                                      , "2.0"      , "49.0"
""    , ""       , ""          , ""        , "  └─ NVR de 4ch PoE S3"                                                                                                             , "5.0"      , "46.0"
""    , ""       , ""          , ""        , "  └─ NVR de 16ch compacto Wizsense"                                                                                                 , "8.0"      , "55.0"
""    , ""       , ""          , ""        , "  └─ NVR de 16ch compacto Wizsense"                                                                                                 , "6.0"      , "55.0"
""    , ""       , ""          , ""        , "  └─ Grabador de vídeo en red compacto 1U 4PoE 4K y H.265 Lite de 4/8 canales"                                                      , "2.0"      , "49.0"
""    , ""       , ""          , ""        , "  └─ Domo Cooper HDCVI de 5MP 2.8mm"                                                                                                , "60.0"     , "14.0"
""    , ""       , ""          , ""        , "  └─ Bullet Cooper 2.8mm IR 20 mts con switch"                                                                                      , "2000.0"   , "7.9"
""    , ""       , ""          , ""        , "  └─ Domo HDCVI Full Color de 2MP con micrófono incorporado"                                                                        , "100.0"    , "15.0"
""    , ""       , ""          , ""        , "  └─ Bullet HDCVI 1080p Full Color 2.8mm"                                                                                           , "800.0"    , "13.0"
""    , ""       , ""          , ""        , "  └─ Domo IP de 2MP PoE 2.8mm"                                                                                                      , "250.0"    , "25.0"
""    , ""       , ""          , ""        , "  └─ Bullet HDCVI 1080p IR 30 mts para interior"                                                                                    , "20.0"     , "16.0"
""    , ""       , ""          , ""        , "  └─ Bullet IP ANPR de 2MP Varifocal Motorizado"                                                                                    , "2.0"      , "349.0"
""    , ""       , ""          , ""        , "  └─ Bullet 8MP 2.8MM"                                                                                                              , "40.0"     , "28.0"
""    , ""       , ""          , ""        , "  └─ Bullet HDCVI de 5MP Full Color con disuasión activa"                                                                           , "50.0"     , "30.0"
""    , ""       , ""          , ""        , "  └─ Cámara Ojo de Pez IP de 5MP. WizMind. Infrarrojo hasta 10 metros. Mapa de calor  Ranura para microSD. Entrada de audio/alarma.", "5.0"      , "92.0"
""    , ""       , ""          , ""        , "  └─ Bullet HDCVI de 5MP Full Color con disuasión activa"                                                                           , "40.0"     , "30.0"
""    , ""       , ""          , ""        , "  └─ Bullet IP 2 MP Varifocal motorizado PoE"                                                                                       , "100.0"    , "53.0"
""    , ""       , ""          , ""        , "  └─ Bullet IP Full Color de 2MP. Alcance 15mts. PoE"                                                                               , "80.0"     , "26.0"
""    , ""       , ""          , ""        , "  └─ Bullet IP de 5MP IR 30mts PoE"                                                                                                 , "40.0"     , "38.0"
""    , ""       , ""          , ""        , "  └─ Domo IP de 5MP IR 30mts PoE"                                                                                                   , "20.0"     , "38.0"
""    , ""       , ""          , ""        , "  └─ Bullet HDCVI de 2MP IR 80 metros con micrófono"                                                                                , "300.0"    , "15.0"
""    , ""       , ""          , ""        , "  └─ Bullet HDCVI de 2MP IR 40 mts"                                                                                                 , "100.0"    , "13.0"
""    , ""       , ""          , ""        , "  └─ Bullet HDCVI Full Color 1080p con micrófono incorporado"                                                                       , "100.0"    , "15.0"
""    , ""       , ""          , ""        , "  └─ Bullet Cooper 1080p 2.8mm IR 20 mts con switch"                                                                                , "2000.0"   , "10.1"
""    , ""       , ""          , ""        , "  └─ Domo IP de 2MP PoE 2.8mm"                                                                                                      , "300.0"    , "28.0"
""    , ""       , ""          , ""        , "  └─ Bullet IP de 5MP IR 30mts PoE"                                                                                                 , "60.0"     , "38.0"
""    , ""       , ""          , ""        , "  └─ Domo IP de 5MP IR 30mts PoE"                                                                                                   , "40.0"     , "38.0"
""    , ""       , ""          , ""        , "  └─ Bullet IP de 2MP 2.8mm S5"                                                                                                     , "200.0"    , "28.0"
""    , ""       , ""          , ""        , "  └─ Bullet IP de 4MP Varifocal motorizado"                                                                                         , "10.0"     , "83.0"
""    , ""       , ""          , ""        , "  └─ Bullet 8MP 2.8MM"                                                                                                              , "60.0"     , "30.0"
""    , ""       , ""          , ""        , "  └─ Domo 4K HDCVI"                                                                                                                 , "40.0"     , "26.0"
""    , ""       , ""          , ""        , "  └─ Bullet HDCVI de 5MP. IR hasta 20 metros."                                                                                      , "100.0"    , "15.0"
""    , ""       , ""          , ""        , "  └─ Mini domo HDCVI 1080p 2.8mm"                                                                                                   , "800.0"    , "9.6"
""    , ""       , ""          , ""        , "  └─ Cámara oculta HDCVI 1080p"                                                                                                     , "10.0"     , "28.0"
""    , ""       , ""          , ""        , "  └─ Bullet HDCVI de 2MP IR 40 mts"                                                                                                 , "300.0"    , "13.0"
""    , ""       , ""          , ""        , "  └─ Bullet HDCVI de 2MP IR 80 metros con micrófono"                                                                                , "400.0"    , "15.0"
""    , ""       , ""          , ""        , "  └─ Domo HDCVI 1080p con micrófono incorporado"                                                                                    , "300.0"    , "13.0"
""    , ""       , ""          , ""        , "  └─ Bullet HDCVI 1080p Full Color 2.8mm"                                                                                           , "200.0"    , "13.0"
""    , ""       , ""          , ""        , "  └─ Domo HDCVI de 8MP"                                                                                                             , "20.0"     , "27.0"
""    , ""       , ""          , ""        , "  └─ Bullet IP Térmica de 4MP PoE"                                                                                                  , "1.0"      , "394.0"
""    , ""       , ""          , ""        , "  └─ Bullet HDCVI de 5MP IR 40 metros"                                                                                              , "80.0"     , "20.0"
""    , ""       , ""          , ""        , "  └─ Cámara Bullet Starlight HDCVI a todo color de 5MP"                                                                             , "50.0"     , "25.0"
""    , ""       , ""          , ""        , "  └─ Cámara contadora de personas de 3MP IP"                                                                                        , "1.0"      , "375.0"
""    , ""       , ""          , ""        , "  └─ Bullet IP de 2MP 2.8mm S5"                                                                                                     , "80.0"     , "25.0"
""    , ""       , ""          , ""        , "  └─ Bullet Cooper 1080p 2.8mm IR 20 mts con switch"                                                                                , "1500.0"   , "10.1"
""    , ""       , ""          , ""        , "  └─ Bullet Cooper 2.8mm IR 20 mts con switch"                                                                                      , "2000.0"   , "7.9"
""    , ""       , ""          , ""        , "  └─ Domo IP de 8MP"                                                                                                                , "40.0"     , "63.0"
""    , ""       , ""          , ""        , "  └─ Kit de cámara Imou 2MP estación de base IP65"                                                                                  , "10.0"     , "100.0"
""    , ""       , ""          , ""        , "  └─ Domo HDCVI 1080p con micrófono incorporado"                                                                                    , "200.0"    , "13.0"
""    , ""       , ""          , ""        , "  └─ Domo Cooper 2.8 mm IR 20 mts con switch"                                                                                       , "500.0"    , "6.9"
""    , ""       , ""          , ""        , "  └─ Bullet Full Color 1080p HDCVI"                                                                                                 , "40.0"     , "20.0"
""    , ""       , ""          , ""        , "  └─ Domo HDCVI de 5MP con micrófono"                                                                                               , "60.0"     , "20.0"
""    , ""       , ""          , ""        , "  └─ Bullet HDCVI de 5MP IR 40 metros"                                                                                              , "40.0"     , "20.0"
""    , ""       , ""          , ""        , "  └─ Bullet HDCVI de 5MP con micrófono incorporado"                                                                                 , "20.0"     , "18.0"
""    , ""       , ""          , ""        , "  └─ Domo HDCVI de 5MP con micrófono"                                                                                               , "30.0"     , "20.0"
"517" , "PO00517", "USD-COMPRA", "purchase", "PADRE"                                                                                                                              , ""         , ""
""    , ""       , ""          , ""        , "  └─ Cable de alarma 4 vías"                                                                                                        , "16.0"     , "8.83"
"513" , "PO00513", "USD-COMPRA", "purchase", "PADRE"                                                                                                                              , ""         , ""
""    , ""       , ""          , ""        , "  └─ Tarjetas de control para paneles 4010ES"                                                                                       , "1.0"      , "513.32"
""    , ""       , ""          , ""        , "  └─ SSD Sensor Base SIMPLEX IDNET"                                                                                                 , "606.0"    , "16.236"
""    , ""       , ""          , ""        , "  └─ Alarma audiovisual SIMPLEX"                                                                                                    , "118.0"    , "31.464"
""    , ""       , ""          , ""        , "  └─ Modulo Detector ZAM. SIMPLEX"                                                                                                  , "46.0"     , "27.1761"
""    , ""       , ""          , ""        , "  └─ Tarjeta de Sistema Principal IDNET"                                                                                            , "3.0"      , "428.0833"
""    , ""       , ""          , ""        , "  └─ Placa madre cpu RUI"                                                                                                           , "2.0"      , "121.455"
""    , ""       , ""          , ""        , "  └─ Anunciador Remoto SIMPLEX p/ 4010ES"                                                                                           , "6.0"      , "231.12"
""    , ""       , ""          , ""        , "  └─ Tarjeta Fuente de Energia SIMPLEX"                                                                                             , "1.0"      , "278.86"
""    , ""       , ""          , ""        , "  └─ Suministro extendido con IDENET"                                                                                               , "2.0"      , "428.085"
""    , ""       , ""          , ""        , "  └─ Sensor de temperatura Direccionado TV IDNET "                                                                                  , "153.0"    , "10.784"
""    , ""       , ""          , ""        , "  └─ Sensor de fotos analógico Humo/Calor SIMPLEX IDNET"                                                                            , "796.0"    , "20.724"
""    , ""       , ""          , ""        , "  └─ Pulsador manual doble accion SIMPLEX"                                                                                          , "126.0"    , "28.308"
""    , ""       , ""          , ""        , "  └─ Teclado remoto LCD SIMPLEX"                                                                                                    , "1.0"      , "236.48"
""    , ""       , ""          , ""        , "  └─ Panel Simplex 4010ES"                                                                                                          , "10.0"     , "1368.652"
"512" , "PO00512", "USD-COMPRA", "purchase", "PADRE"                                                                                                                              , ""         , ""
""    , ""       , ""          , ""        , "  └─ Detector humo calor de 2 hilos con UL"                                                                                         , "1000.0"   , "6.9"
""    , ""       , ""          , ""        , "  └─ Detector termovelocimétrico de 2 hilos "                                                                                       , "300.0"    , "5.3"
""    , ""       , ""          , ""        , "  └─ Detector de Humo Calor de 4 hilos sin UL"                                                                                      , "1000.0"   , "6.2"
""    , ""       , ""          , ""        , "  └─ Detector de Humo Calor con UL SV"                                                                                              , "1000.0"   , "8.2"
""    , ""       , ""          , ""        , "  └─ Detector termovelocimétrico"                                                                                                   , "300.0"    , "5.9"
""    , ""       , ""          , ""        , "  └─ Contacto magnético de metal  NC  NO. Con soporte tipo L."                                                                      , "100.0"    , "5.05"
""    , ""       , ""          , ""        , "  └─ Contacto magnético de metal  NC"                                                                                               , "50.0"     , "2.22"
""    , ""       , ""          , ""        , "  └─ Detector de monóxido de carbono 4 hilos"                                                                                       , "100.0"    , "17.0"
""    , ""       , ""          , ""        , "  └─ Detector de gas 2 hilos"                                                                                                       , "100.0"    , "15.0"
""    , ""       , ""          , ""        , "  └─ Detector autónomo de gas natural/metano. 12-24 V"                                                                              , "100.0"    , "16.0"
"511" , "PO00511", "USD-COMPRA", "purchase", "PADRE"                                                                                                                              , ""         , ""
""    , ""       , ""          , ""        , "  └─ Pulsador manual Simple SECUTRON"                                                                                               , "400.0"    , "14.0"
"510" , "PO00510", "USD-COMPRA", "purchase", "PADRE"                                                                                                                              , ""         , ""
""    , ""       , ""          , ""        , "  └─ Monitor de 22` Philips"                                                                                                        , "1.0"      , "169.4"
"509" , "PO00509", "USD-COMPRA", "purchase", "PADRE"                                                                                                                              , ""         , ""
""    , ""       , ""          , ""        , "  └─ Cable de alarma 4 vías"                                                                                                        , "10.0"     , "8.83"
"508" , "PO00508", "USD-COMPRA", "purchase", "PADRE"                                                                                                                              , ""         , ""
""    , ""       , ""          , ""        , "  └─ Kit panel 18-32 zonas con teclado PK5501"                                                                                      , "20.0"     , "82.0"
""    , ""       , ""          , ""        , "  └─ Placa de alarma DSC 18-32 zonas"                                                                                               , "3.0"      , "55.0"
""    , ""       , ""          , ""        , "  └─ PLACA DE ALARMA DSC 8 - 64 ZONAS"                                                                                              , "3.0"      , "78.0"
""    , ""       , ""          , ""        , "  └─ Detector IR pet immune DSC"                                                                                                    , "36.0"     , "9.5"
""    , ""       , ""          , ""        , "  └─ SIRENA PARA EXTERIOR DE 20W DSC"                                                                                               , "10.0"     , "6.5"
""    , ""       , ""          , ""        , "  └─ Base de montaje para sensores PIR de la linea “LC”"                                                                            , "30.0"     , "1.8"
"506" , "PO00506", "USD-COMPRA", "purchase", "PADRE"                                                                                                                              , ""         , ""
""    , ""       , ""          , ""        , "  └─ Detector humo calor de 2 hilos con UL"                                                                                         , "1500.0"   , "6.9"
""    , ""       , ""          , ""        , "  └─ Detector de Humo Calor con UL SV"                                                                                              , "5500.0"   , "8.2"
""    , ""       , ""          , ""        , "  └─ Detector termovelocimétrico de 2 hilos "                                                                                       , "800.0"    , "5.3"
""    , ""       , ""          , ""        , "  └─ Detector de Humo Calor de 4 hilos sin UL"                                                                                      , "500.0"    , "6.2"
""    , ""       , ""          , ""        , "  └─ Detector termovelocimétrico"                                                                                                   , "1500.0"   , "5.9"
""    , ""       , ""          , ""        , "  └─ Detector termovelocimétrico 2 hilos económico"                                                                                 , "100.0"    , "4.1"
""    , ""       , ""          , ""        , "  └─ Detector de calor y humo óptico de 2 cables"                                                                                   , "500.0"    , "5.0"
""    , ""       , ""          , ""        , "  └─ Detector de Humo Calor SD218"                                                                                                  , "100.0"    , "4.5"
"505" , "PO00505", "USD-COMPRA", "purchase", "PADRE"                                                                                                                              , ""         , ""
""    , ""       , ""          , ""        , "  └─ TARJETA DE MEMORIA MICRO SD 32GB"                                                                                              , "50.0"     , "4.13"
""    , ""       , ""          , ""        , "  └─ Micro SD 64GB"                                                                                                                 , "10.0"     , "6.71"
""    , ""       , ""          , ""        , "  └─ MicroSD de 128 Gb"                                                                                                             , "15.0"     , "14.2833"
"504" , "PO00504", "USD-COMPRA", "purchase", "PADRE"                                                                                                                              , ""         , ""
""    , ""       , ""          , ""        , "  └─ DISCO DURO 1TB PURPEL WESTER DIGITAL"                                                                                          , "10.0"     , "50.05"
""    , ""       , ""          , ""        , "  └─ DISCO DURO 2TB PURPLE - WESTER DIGITAL"                                                                                        , "10.0"     , "64.79"
""    , ""       , ""          , ""        , "  └─ DISCO DURO 4TB PURPLE - WESTER DIGITAL"                                                                                        , "10.0"     , "114.95"
"503" , "PO00503", "USD-COMPRA", "purchase", "PADRE"                                                                                                                              , ""         , ""
""    , ""       , ""          , ""        , "  └─ DESACTIVADOR ELECTRONICO AMB 2011 - SENSORMATIC"                                                                               , "80.0"     , "227.506"
""    , ""       , ""          , ""        , "  └─ Pedestal Secundario AMS1146 Ultra 1.5"                                                                                         , "4.0"      , "233.299"
""    , ""       , ""          , ""        , "  └─ Etiqueta Adhesiva AM DR SENSORMATIC"                                                                                           , "250000.0" , "0.0219"
""    , ""       , ""          , ""        , "  └─ Pedestal Primario AMS1146 Ultra 1.5"                                                                                           , "5.0"      , "434.834"
""    , ""       , ""          , ""        , "  └─ Pedestal UltraPost VI Secundario SENSORMATIC"                                                                                  , "15.0"     , "358.606"
""    , ""       , ""          , ""        , "  └─ Separador universal negro SENSORMATIC 5kgaus"                                                                                  , "65.0"     , "13.509"
""    , ""       , ""          , ""        , "  └─ Pedestal Ultra 1.8 Primario SENSORMATIC"                                                                                       , "14.0"     , "542.667"
""    , ""       , ""          , ""        , "  └─ Etiqueta adhesiva - PS1 - Sensormatic"                                                                                         , "1750000.0", "0.0121"
""    , ""       , ""          , ""        , "  └─ Pedestal Ultra 1.8 Secundario SENSORMATIC"                                                                                     , "8.0"      , "215.0687"
"501" , "PO00501", "USD-COMPRA", "purchase", "PADRE"                                                                                                                              , ""         , ""
""    , ""       , ""          , ""        , "  └─ Detector doble tecnologia pet immune & micro DSC"                                                                              , "15.0"     , "24.0"
""    , ""       , ""          , ""        , "  └─ Teclado LCD a iconos para 64 zonas DSC"                                                                                        , "5.0"      , "46.0"
""    , ""       , ""          , ""        , "  └─ Gabinete metalico P/PC 1832/1864 - DSC"                                                                                        , "12.0"     , "12.0"
""    , ""       , ""          , ""        , "  └─ Modulo expansor 8 zonas DSC"                                                                                                   , "10.0"     , "23.0"
""    , ""       , ""          , ""        , "  └─ RECEPTOR WIRELESS DSC"                                                                                                         , "2.0"      , "35.0"
""    , ""       , ""          , ""        , "  └─ Kit panel 4-8zonas con teclado DSC"                                                                                            , "10.0"     , "44.0"
"500" , "PO00500", "USD-COMPRA", "purchase", "PADRE"                                                                                                                              , ""         , ""
""    , ""       , ""          , ""        , "  └─ Detector PIR cableado TEKO"                                                                                                    , "300.0"    , "4.41"
""    , ""       , ""          , ""        , "  └─ Detector acústico de rotura de cristales - TEKO"                                                                               , "20.0"     , "4.19"
""    , ""       , ""          , ""        , "  └─ Detector de movimiento combinado Astra-621 - TEKO"                                                                             , "100.0"    , "10.8"
""    , ""       , ""          , ""        , "  └─ Botón pulsador Astra-322 - TEKO"                                                                                               , "50.0"     , "2.41"
""    , ""       , ""          , ""        , "  └─ Panel de control de seguridad e incendio -Astra-712/8  TEKO"                                                                   , "20.0"     , "36.54"
""    , ""       , ""          , ""        , "  └─ Alarma de luz de señalización Astra-10 Ver3 TEKO"                                                                              , "300.0"    , "3.54"
""    , ""       , ""          , ""        , "  └─ Sistema de Incendio  intrusión y control de temperatura inalámbrico - Teko"                                                    , "30.0"     , "47.31"
""    , ""       , ""          , ""        , "  └─ Kit controlador Smart Home -TEKO"                                                                                              , "100.0"    , "69.21"
""    , ""       , ""          , ""        , "  └─ Botón de pánico inalámbrico - TEKO"                                                                                            , "50.0"     , "13.83"
""    , ""       , ""          , ""        , "  └─ Detector antirrobo de punto de contacto magnético -ASTRA-3321 - TEKO"                                                          , "300.0"    , "13.97"
""    , ""       , ""          , ""        , "  └─ Detector antirrobo - Astra-5121 - TEKO"                                                                                        , "200.0"    , "19.56"
""    , ""       , ""          , ""        , "  └─ Detector de movimiento Astra-5131 version C"                                                                                   , "50.0"     , "19.56"
""    , ""       , ""          , ""        , "  └─ Detector de rotura de cristales Astra-6131"                                                                                    , "50.0"     , "22.35"
""    , ""       , ""          , ""        , "  └─ Detector de movimiento para techo inalámbrico - TEKO"                                                                          , "30.0"     , "20.95"
""    , ""       , ""          , ""        , "  └─ Teclado inalámbrico Astra-8121 - TEKO"                                                                                         , "100.0"    , "20.05"
""    , ""       , ""          , ""        , "  └─ Módulo de relé de potencia inalámbrico  5A  433 MHz - TEKO"                                                                    , "50.0"     , "18.33"
""    , ""       , ""          , ""        , "  └─ Mando a distancia inalámbrico  433 MHz  botón de pánico - TEKO"                                                                , "30.0"     , "11.45"
""    , ""       , ""          , ""        , "  └─ Dispositivo receptor  433 MHz - TEKO"                                                                                          , "10.0"     , "35.25"
""    , ""       , ""          , ""        , "  └─ Dispositivo transmisor  433 MHz"                                                                                               , "10.0"     , "36.35"
""    , ""       , ""          , ""        , "  └─ Consola de monitoreo centralizada - TEKO"                                                                                      , "10.0"     , "55.59"
""    , ""       , ""          , ""        , "  └─ Teclado numérico cableado TEKO"                                                                                                , "50.0"     , "17.56"
"499" , "PO00499", "USD-COMPRA", "purchase", "PADRE"                                                                                                                              , ""         , ""
""    , ""       , ""          , ""        , "  └─ Cerradura Electromagnetica 180kg ZUDSEC"                                                                                       , "300.0"    , "10.9"
""    , ""       , ""          , ""        , "  └─ Soporte en U para cerradura de 180kg ZUDSEC"                                                                                   , "150.0"    , "2.9"
""    , ""       , ""          , ""        , "  └─ Soporte en Z paara cerradura de 180kg ZUDSEC"                                                                                  , "100.0"    , "4.6"
""    , ""       , ""          , ""        , "  └─ Soporte en L para cerradura de 280kg ZUDSEC"                                                                                   , "100.0"    , "2.7"
""    , ""       , ""          , ""        , "  └─ Botón de apertura/salida EXIT ZUDSEC"                                                                                          , "100.0"    , "4.95"
""    , ""       , ""          , ""        , "  └─ Botón de salida de sensor infrarrojo - ZUDSEC"                                                                                 , "60.0"     , "4.95"
""    , ""       , ""          , ""        , "  └─ Botón de Emergencia ZUDSEC"                                                                                                    , "500.0"    , "0.58"
""    , ""       , ""          , ""        , "  └─ Tarjeta (Mifare) frecuencia 13.56 MHz ZUDSEC"                                                                                  , "2000.0"   , "0.28"
""    , ""       , ""          , ""        , "  └─ Fuente de alimentación de control de acceso ZUDSEC"                                                                            , "100.0"    , "8.9"
""    , ""       , ""          , ""        , "  └─ Control de rondas para guardias con lector RFID ZUDSEC"                                                                        , "10.0"     , "49.9"
""    , ""       , ""          , ""        , "  └─ Barrera infrarroja 2 haces 37cm altura 40mts de ZUDSEC"                                                                        , "20.0"     , "14.9"
""    , ""       , ""          , ""        , "  └─ Barrera Infrarroja 4 haces 40 mts ZUDSEC"                                                                                      , "30.0"     , "19.8"
""    , ""       , ""          , ""        , "  └─ Barrera infrarroja 10 haces 2mts altura 40mts de ZUDSEC"                                                                       , "20.0"     , "52.0"
""    , ""       , ""          , ""        , "  └─ Barrera Detector IR 60m ZUDSEC"                                                                                                , "200.0"    , "19.5"
""    , ""       , ""          , ""        , "  └─ Kit de alarma inalámbrico GSM/WIFI - ZUDSEC"                                                                                   , "30.0"     , "65.5"
""    , ""       , ""          , ""        , "  └─ Detector PIR inalambrico para ZDAS-16CA-16G ZUDSEC"                                                                            , "50.0"     , "7.25"
""    , ""       , ""          , ""        , "  └─ Detector humo/calor inalámbrico ZUDSEC"                                                                                        , "100.0"    , "8.8"
""    , ""       , ""          , ""        , "  └─ Sirena Audiovisual Blanca y Roja 12V ZUDSEC"                                                                                   , "100.0"    , "2.29"
""    , ""       , ""          , ""        , "  └─ Sirena Audiovisual Incendio 3 tonos 110dB 12V ZUDSEC"                                                                          , "200.0"    , "6.25"
""    , ""       , ""          , ""        , "  └─ FUENTE DE ALIMENTACION PLASTICO 5A 4CH ZUDSEC"                                                                                 , "200.0"    , "7.99"
""    , ""       , ""          , ""        , "  └─ Fuente de 12v 10amper ZUDSEC"                                                                                                  , "100.0"    , "6.99"
""    , ""       , ""          , ""        , "  └─ Fuente con fusilera 12V 20AM 18ch ZUDSEC"                                                                                      , "300.0"    , "18.9"
""    , ""       , ""          , ""        , "  └─ FUENTE DE ALIMENTACION DE 9 CANALES 12V 10A ZUDSEC"                                                                            , "50.0"     , "17.9"
""    , ""       , ""          , ""        , "  └─ Microfono para CCTV con regulador de volumen ZUDSEC"                                                                           , "100.0"    , "2.25"
""    , ""       , ""          , ""        , "  └─ Inyector PoE1000E ZUDSEC"                                                                                                      , "50.0"     , "9.9"
""    , ""       , ""          , ""        , "  └─ Bombilla de luz Led inteligente WIFI - ZUDSEC"                                                                                 , "50.0"     , "7.45"
""    , ""       , ""          , ""        , "  └─ Enchufe inteligente WIFI -ZUDSEC"                                                                                              , "100.0"    , "5.45"
""    , ""       , ""          , ""        , "  └─ Interruptor inteligente de 1 canal WIFI"                                                                                       , "30.0"     , "4.98"
""    , ""       , ""          , ""        , "  └─ Interruptor de luz inteligente WIFI 1 cuadrilla - ZUDSEC"                                                                      , "20.0"     , "9.9"
""    , ""       , ""          , ""        , "  └─ Controlador de apertura de garaje WIFI - ZUDSEC"                                                                               , "50.0"     , "14.99"
""    , ""       , ""          , ""        , "  └─ Mando a distancia universal - ZUDSEC"                                                                                          , "30.0"     , "8.59"
""    , ""       , ""          , ""        , "  └─ Barreras Detector IR 30m ZUDSEC"                                                                                               , "100.0"    , "17.5"
""    , ""       , ""          , ""        , "  └─ Barreras Detector IR 100M ZUDSEC"                                                                                              , "200.0"    , "20.5"
"495" , "PO00495", "USD-COMPRA", "purchase", "PADRE"                                                                                                                              , ""         , ""
""    , ""       , ""          , ""        , "  └─ 12MP Panoramic Network IR Fisheye Camera"                                                                                      , "2.0"      , "871.17"
"488" , "PO00488", "USD-COMPRA", "purchase", "PADRE"                                                                                                                              , ""         , ""
""    , ""       , ""          , ""        , "  └─ Modulo expansor 8 zonas DSC"                                                                                                   , "10.0"     , "22.0"
""    , ""       , ""          , ""        , "  └─ RECEPTOR WIRELESS DSC"                                                                                                         , "2.0"      , "35.0"
""    , ""       , ""          , ""        , "  └─ CONTACTO MAGNETICO INALAMBRICO CON INTERRUPTOR DSC"                                                                            , "10.0"     , "24.0"
""    , ""       , ""          , ""        , "  └─ DETECTOR INFRARROJO INALAMBRICO DSC"                                                                                           , "10.0"     , "30.0"
"486" , "PO00486", "USD-COMPRA", "purchase", "PADRE"                                                                                                                              , ""         , ""
""    , ""       , ""          , ""        , "  └─ Interruptor de flujo para rociador Potter VSR-S"                                                                               , "16.0"     , "117.568"
"485" , "PO00485", "USD-COMPRA", "purchase", "PADRE"                                                                                                                              , ""         , ""
""    , ""       , ""          , ""        , "  └─ Tarjetas de control para paneles 4010ES"                                                                                       , "3.0"      , "487.654"
""    , ""       , ""          , ""        , "  └─ Tarjeta de Sistema Principal IDNET"                                                                                            , "3.0"      , "406.6798"
""    , ""       , ""          , ""        , "  └─ 4010ES TOP BAY PDI"                                                                                                            , "2.0"      , "78.09"
"484" , "PO00484", "USD-COMPRA", "purchase", "PADRE"                                                                                                                              , ""         , ""
""    , ""       , ""          , ""        , "  └─ Kit de videoportero analógico  Frente de calle de 1.3MP"                                                                       , "30.0"     , "48.0"
""    , ""       , ""          , ""        , "  └─ Estación de puerta para edificios de departamentos. Pantalla IPS de 4.3`. Touch."                                              , "1.0"      , "125.0"
""    , ""       , ""          , ""        , "  └─ Monitor IP 7` sin wifi"                                                                                                        , "20.0"     , "65.0"
""    , ""       , ""          , ""        , "  └─ Sirena inalámbrica 433.1 MHz–434.6 MHz - Dahua"                                                                                , "5.0"      , "18.0"
""    , ""       , ""          , ""        , "  └─ Switch PoE 16 puertos no adminstrable econ"                                                                                    , "15.0"     , "95.0"
""    , ""       , ""          , ""        , "  └─ Switch PoE 4 puertos no administrable econ"                                                                                    , "20.0"     , "20.0"
""    , ""       , ""          , ""        , "  └─ Switch PoE 8 puertos no administrable econ"                                                                                    , "20.0"     , "25.0"
""    , ""       , ""          , ""        , "  └─ Llave tipo llavero inalámbrico"                                                                                                , "5.0"      , "12.0"
""    , ""       , ""          , ""        , "  └─ Placa empotrable para facial - Dahua"                                                                                          , "1.0"      , "15.0"
""    , ""       , ""          , ""        , "  └─ Panel de alarma inalámbrico Imou. Frecuencia 433Mhz. RJ45."                                                                    , "20.0"     , "30.0"
""    , ""       , ""          , ""        , "  └─ Kit de alarma inalámbrico. Incluye 1 PIR"                                                                                      , "5.0"      , "120.0"
""    , ""       , ""          , ""        , "  └─ Fuente para exterior 220 input 12V/2A output"                                                                                  , "100.0"    , "2.8"
""    , ""       , ""          , ""        , "  └─ Detector de movimiento inalámbrico Pet inmune. 3 niveles"                                                                      , "15.0"     , "23.0"
""    , ""       , ""          , ""        , "  └─ Contacto magnético inalámbrico Dahua"                                                                                          , "15.0"     , "20.0"
""    , ""       , ""          , ""        , "  └─ Soporte de pared para cámaras (domo  bullet  turret)"                                                                          , "300.0"    , "1.0"
""    , ""       , ""          , ""        , "  └─ PTZ IP de 2MP. 25X. PoE+. IR hasta 100 metros. IP66"                                                                           , "10.0"     , "180.0"
""    , ""       , ""          , ""        , "  └─ PTZ IP de 4MP WizSense. 25x . Protección perimetral  SDM Plus. IR hasta 100 metros"                                            , "2.0"      , "240.0"
""    , ""       , ""          , ""        , "  └─ Mini PTZ IP 4x sin wifi 2MP"                                                                                                   , "2.0"      , "74.0"
""    , ""       , ""          , ""        , "  └─ 14” Vandal-proof Housing"                                                                                                      , "10.0"     , "28.0"
""    , ""       , ""          , ""        , "  └─ Housing Dahua"                                                                                                                 , "10.0"     , "7.0"
""    , ""       , ""          , ""        , "  └─ XVR de 4 canales 720p/1080p Lite. WizSense. Serie Cooper"                                                                      , "300.0"    , "21.9"
""    , ""       , ""          , ""        , "  └─ XVR de 16 canales 720p/1080p Lite. WizSense. Serie Cooper. Compact 1U"                                                         , "10.0"     , "58.0"
""    , ""       , ""          , ""        , "  └─ XVR de 8 canales 720p/1080p Lite. WizSense. Serie Cooper"                                                                      , "300.0"    , "26.4"
""    , ""       , ""          , ""        , "  └─ Grabador Digital compacto 1U Penta-brid 1080N / 720P de 16 canales - DAHUA"                                                    , "200.0"    , "53.0"
""    , ""       , ""          , ""        , "  └─ XVR de 8 canales 720p/1080p Lite WizSense"                                                                                     , "20.0"     , "37.0"
""    , ""       , ""          , ""        , "  └─ XVR de 32ch 5MP WizSense"                                                                                                      , "5.0"      , "178.0"
""    , ""       , ""          , ""        , "  └─ XVR de 8 canales WizSense Full 4K"                                                                                             , "4.0"      , "136.0"
""    , ""       , ""          , ""        , "  └─ XVR de 16 canales WizSense Full 4K Lite"                                                                                       , "3.0"      , "179.0"
""    , ""       , ""          , ""        , "  └─ XVR de 16ch 5MP WizSense"                                                                                                      , "5.0"      , "89.0"
""    , ""       , ""          , ""        , "  └─ XVR de 16ch 5MP WizSense"                                                                                                      , "10.0"     , "89.0"
""    , ""       , ""          , ""        , "  └─ Cámara IP WIFI para exterior Imou"                                                                                             , "100.0"    , "29.0"
""    , ""       , ""          , ""        , "  └─ Domo IP de 4MP. Ranura para microSD.  Starlight Infrarrojo hasta 30 metros."                                                   , "30.0"     , "39.0"
""    , ""       , ""          , ""        , "  └─ Bullet HDCVI de 5MP IR 40 metros"                                                                                              , "30.0"     , "18.0"
""    , ""       , ""          , ""        , "  └─ Domo HDCVI de 5MP con micrófono"                                                                                               , "20.0"     , "20.0"
""    , ""       , ""          , ""        , "  └─ Cámara Bullet Starlight HDCVI a todo color de 5MP"                                                                             , "80.0"     , "25.0"
""    , ""       , ""          , ""        , "  └─ Bullet HDCVI Varifocal de 5MP. Zoom motorizado 2.7-12mm. Smart IR hasta 60 metros. IP67"                                       , "10.0"     , "43.0"
""    , ""       , ""          , ""        , "  └─ Bullet HDCVI 1080p Full Color 2.8mm"                                                                                           , "300.0"    , "13.0"
""    , ""       , ""          , ""        , "  └─ Cámara oculta tipo PIR 1080P"                                                                                                  , "50.0"     , "19.0"
""    , ""       , ""          , ""        , "  └─ Bullet HDCVI de 5MP IR 80 metros con micrófono"                                                                                , "30.0"     , "21.0"
""    , ""       , ""          , ""        , "  └─ Cámara Ojo de Pez IP de 5MP. WizMind. Infrarrojo hasta 10 metros. Mapa de calor  Ranura para microSD. Entrada de audio/alarma.", "2.0"      , "92.0"
""    , ""       , ""          , ""        , "  └─ Bullet HDCVI de 5MP Full Color con disuasión activa"                                                                           , "80.0"     , "30.0"
""    , ""       , ""          , ""        , "  └─ Bullet 8MP 2.8MM"                                                                                                              , "15.0"     , "28.0"
""    , ""       , ""          , ""        , "  └─ Bullet HDCVI de 2MP IR 40 mts"                                                                                                 , "200.0"    , "13.0"
""    , ""       , ""          , ""        , "  └─ Bullet Cooper 1080p 2.8mm IR 20 mts con switch"                                                                                , "1200.0"   , "10.1"
""    , ""       , ""          , ""        , "  └─ Domo HDCVI 1080p con micrófono incorporado"                                                                                    , "300.0"    , "13.0"
""    , ""       , ""          , ""        , "  └─ Bullet HDCVI de 2MP IR 80 metros con micrófono"                                                                                , "200.0"    , "15.0"
""    , ""       , ""          , ""        , "  └─ Bullet HDCVI de 5MP. IR hasta 20 metros."                                                                                      , "200.0"    , "15.0"
""    , ""       , ""          , ""        , "  └─ Domo Cooper HDCVI de 5MP 2.8mm"                                                                                                , "60.0"     , "14.0"
""    , ""       , ""          , ""        , "  └─ Domo  5MP HDCVI"                                                                                                               , "50.0"     , "15.0"
""    , ""       , ""          , ""        , "  └─ Domo HDCVI de 8MP"                                                                                                             , "10.0"     , "27.0"
""    , ""       , ""          , ""        , "  └─ Bullet IP de 5MP PoE 2.8mm"                                                                                                    , "50.0"     , "44.0"
""    , ""       , ""          , ""        , "  └─ Bullet IP Full Color de 2MP. Alcance 15mts. PoE"                                                                               , "50.0"     , "26.0"
"482" , "PO00482", "USD-COMPRA", "purchase", "PADRE"                                                                                                                              , ""         , ""
""    , ""       , ""          , ""        , "  └─ Cable de alarma 4 vías"                                                                                                        , "10.0"     , "8.83"
"479" , "PO00479", "USD-COMPRA", "purchase", "PADRE"                                                                                                                              , ""         , ""
""    , ""       , ""          , ""        , "  └─ Bullet Full HD 1080p 3.6MM"                                                                                                    , "110.0"    , "10.5"
""    , ""       , ""          , ""        , "  └─ Bullet HDCVI de 8MP IR 80mts con micrófono incorporado"                                                                        , "24.0"     , "26.0"
""    , ""       , ""          , ""        , "  └─ XVR de 4 canales 720p/1080p Lite. WizSense. Serie Cooper"                                                                      , "200.0"    , "24.0"
""    , ""       , ""          , ""        , "  └─ XVR de 8 canales 720p/1080p Lite. WizSense. Serie Cooper"                                                                      , "400.0"    , "30.0"
""    , ""       , ""          , ""        , "  └─ XVR de 4ch 5MP WizSense"                                                                                                       , "20.0"     , "43.0"
""    , ""       , ""          , ""        , "  └─ Bullet HDDCVI de 5MP lente 2.8mm"                                                                                              , "600.0"    , "16.0"
""    , ""       , ""          , ""        , "  └─ XVR de 8 canales 5MP Lite. WizSense"                                                                                           , "20.0"     , "59.0"
""    , ""       , ""          , ""        , "  └─ Grabador Digital compacto 1U Penta-brid 1080N / 720P de 16 canales - DAHUA"                                                    , "400.0"    , "58.0"
""    , ""       , ""          , ""        , "  └─ Bullet IP de 2MP 2.8mm S5"                                                                                                     , "230.0"    , "28.0"
""    , ""       , ""          , ""        , "  └─ Domo IP de 2MP PoE 2.8mm"                                                                                                      , "100.0"    , "28.0"
""    , ""       , ""          , ""        , "  └─ Domo HDCVI 1080p con micrófono incorporado"                                                                                    , "200.0"    , "14.0"
""    , ""       , ""          , ""        , "  └─ Bullet IP de 4MP Varifocal motorizado PoE"                                                                                     , "40.0"     , "93.0"
""    , ""       , ""          , ""        , "  └─ NVR de 32 canales 2HDD 4K Lite"                                                                                                , "5.0"      , "110.0"
""    , ""       , ""          , ""        , "  └─ Domo IP de 4MP PoE"                                                                                                            , "40.0"     , "39.0"
""    , ""       , ""          , ""        , "  └─ Domo PTZ HDCVI de 2MP. 25x zoom optico  Starlight  WDR de 120 dB  IR hasta 100 metros."                                        , "20.0"     , "185.0"
""    , ""       , ""          , ""        , "  └─ NVR de 16 canales  16 puertos PoE 2 HDD"                                                                                       , "10.0"     , "167.0"
""    , ""       , ""          , ""        , "  └─ Domo HDCVI 8MP con micrófono incorporado"                                                                                      , "40.0"     , "30.0"
""    , ""       , ""          , ""        , "  └─ Bullet IP 2 MP Varifocal motorizado PoE"                                                                                       , "20.0"     , "59.0"
""    , ""       , ""          , ""        , "  └─ NVR de 8 canales con PoE S3"                                                                                                   , "20.0"     , "70.0"
""    , ""       , ""          , ""        , "  └─ Mini domo 1080p 2.8mm"                                                                                                         , "400.0"    , "10.5"
"475" , "PO00475", "USD-COMPRA", "purchase", "PADRE"                                                                                                                              , ""         , ""
""    , ""       , ""          , ""        , "  └─ Detector de Flama"                                                                                                             , "29.0"     , "168.25"
"474" , "PO00474", "USD-COMPRA", "purchase", "PADRE"                                                                                                                              , ""         , ""
""    , ""       , ""          , ""        , "  └─ Acc p/ Sprinkler Blanco 5/8IN ADJ 2PC WH GRINNEL"                                                                              , "200.0"    , "1.838"
""    , ""       , ""          , ""        , "  └─ Acc para Sprinkler 5/8IN ADJ 2 PC ESCUT CHROM GRINNEL"                                                                         , "200.0"    , "1.838"
""    , ""       , ""          , ""        , "  └─ Sprinkler Automatico blanco TY-B 1/2 K5.6 55F WH - GRINNEL"                                                                    , "500.0"    , "5.49"
""    , ""       , ""          , ""        , "  └─ Sprinkler Automatico TY-B 1/2 K5.6 155F CHR PD SR GRINNEL"                                                                     , "500.0"    , "5.49"
"472" , "PO00472", "USD-COMPRA", "purchase", "PADRE"                                                                                                                              , ""         , ""
""    , ""       , ""          , ""        , "  └─ Detector de Humo lineal 50mts"                                                                                                 , "9.0"      , "493.0"
"470" , "PO00470", "USD-COMPRA", "purchase", "PADRE"                                                                                                                              , ""         , ""
""    , ""       , ""          , ""        , "  └─ DISCO DURO 6TB SURVEILLANCE - SEAGATE"                                                                                         , "2.0"      , "180.29"
""    , ""       , ""          , ""        , "  └─ DISCO DURO 4TB SURVEILLANCE - SEAGATE"                                                                                         , "5.0"      , "106.48"
""    , ""       , ""          , ""        , "  └─ DISCO DURO 2TB SURVEILLANCE - SEAGATE"                                                                                         , "2.0"      , "59.07"
"468" , "PO00468", "USD-COMPRA", "purchase", "PADRE"                                                                                                                              , ""         , ""
""    , ""       , ""          , ""        , "  └─ Gabinete metalico P/PC 1832/1864 - DSC"                                                                                        , "18.0"     , "12.0"
""    , ""       , ""          , ""        , "  └─ Detector IR pet immune DSC"                                                                                                    , "36.0"     , "9.5"
""    , ""       , ""          , ""        , "  └─ Kit panel 18-32 zonas con teclado PK5501"                                                                                      , "5.0"      , "78.0"
""    , ""       , ""          , ""        , "  └─ Placa de alarma DSC 18-32 zonas"                                                                                               , "5.0"      , "55.0"
""    , ""       , ""          , ""        , "  └─ CONTACTO MAGNETICO INALAMBRICO CON INTERRUPTOR DSC"                                                                            , "5.0"      , "24.0"
""    , ""       , ""          , ""        , "  └─ Base de montaje para sensores PIR de la linea “LC”"                                                                            , "20.0"     , "1.8"
""    , ""       , ""          , ""        , "  └─ Teclado LCD alfanumerico 64zonas con 5 term DSC"                                                                               , "10.0"     , "72.0"
""    , ""       , ""          , ""        , "  └─ Teclado LCD a iconos para 64 zonas DSC"                                                                                        , "10.0"     , "44.0"
""    , ""       , ""          , ""        , "  └─ Detector de Ruptura de Cristal DG-50 DSC"                                                                                      , "5.0"      , "18.0"
"464" , "PO00464", "USD-COMPRA", "purchase", "PADRE"                                                                                                                              , ""         , ""
""    , ""       , ""          , ""        , "  └─ Detector antirrobo volumétrico óptico Astra-5"                                                                                 , "1.0"      , "6.32"
""    , ""       , ""          , ""        , "  └─ Detector de rotura de cristales Astra-GB - TEKO"                                                                               , "1.0"      , "6.24"
""    , ""       , ""          , ""        , "  └─ Detector de movimiento combinado Astra-621 - TEKO"                                                                             , "1.0"      , "10.85"
""    , ""       , ""          , ""        , "  └─ Panel de control de seguridad e incendio -Astra-712/8  TEKO"                                                                   , "1.0"      , "36.72"
""    , ""       , ""          , ""        , "  └─ Alarma de luz de señalización Astra-10 Ver3 TEKO"                                                                              , "1.0"      , "3.55"
""    , ""       , ""          , ""        , "  └─ Seguridad y alarma contra incendios  luz y sonido."                                                                            , "1.0"      , "2.42"
""    , ""       , ""          , ""        , "  └─ Kit controlador Smart Home -TEKO"                                                                                              , "1.0"      , "69.54"
""    , ""       , ""          , ""        , "  └─ Sirena audiovisual inalámbrica TEKO"                                                                                           , "1.0"      , "17.79"
""    , ""       , ""          , ""        , "  └─ Detector antirrobo de punto de contacto magnético -ASTRA-3321 - TEKO"                                                          , "1.0"      , "12.75"
""    , ""       , ""          , ""        , "  └─ Detector de humo inalámbrico TEKO"                                                                                             , "1.0"      , "16.57"
""    , ""       , ""          , ""        , "  └─ Detector termovelocimétrico inalámbrico TEKO"                                                                                  , "1.0"      , "16.57"
""    , ""       , ""          , ""        , "  └─ Pulsador manual de incendio inalámbrico TEKO"                                                                                  , "1.0"      , "20.41"
""    , ""       , ""          , ""        , "  └─ Detector antirrobo - Astra-5121 - TEKO"                                                                                        , "1.0"      , "17.87"
""    , ""       , ""          , ""        , "  └─ Detector de movimiento combinado Astra-621 - TEKO"                                                                             , "1.0"      , "20.4"
""    , ""       , ""          , ""        , "  └─ Detector de movimiento - Astra-7 - TEKO"                                                                                       , "1.0"      , "19.0"
"463" , "PO00463", "USD-COMPRA", "purchase", "PADRE"                                                                                                                              , ""         , ""
""    , ""       , ""          , ""        , "  └─ TARJETA DE MEMORIA MICRO SD 32GB"                                                                                              , "50.0"     , "4.46"
""    , ""       , ""          , ""        , "  └─ Micro SD 64GB"                                                                                                                 , "30.0"     , "8.022"
"461" , "PO00461", "USD-COMPRA", "purchase", "PADRE"                                                                                                                              , ""         , ""
""    , ""       , ""          , ""        , "  └─ CABLE UTP CAT 6 INTERIOR GRIS - Furukawua"                                                                                     , "305.0"    , "0.5785"
"460" , "PO00460", "USD-COMPRA", "done"    , "PADRE"                                                                                                                              , ""         , ""
""    , ""       , ""          , ""        , "  └─ Panel Direccionable FC506 500 Puntos"                                                                                          , "3.0"      , "696.28"
""    , ""       , ""          , ""        , "  └─ Panel Repetidor Serie FC500"                                                                                                   , "2.0"      , "229.225"
""    , ""       , ""          , ""        , "  └─ Sensor térmico analógico FC460 FIRECLASS"                                                                                      , "200.0"    , "15.951"
""    , ""       , ""          , ""        , "  └─ Sensor Dual Optico Termico FC460PH FIRECLASS"                                                                                  , "1500.0"   , "22.7864"
""    , ""       , ""          , ""        , "  └─ BASE 4B 4` - FIRECLASS"                                                                                                        , "1700.0"   , "1.9682"
""    , ""       , ""          , ""        , "  └─ Pulsador de alarma direccionable rearmable FC420CP-I FIRECLASS"                                                                , "20.0"     , "23.452"
""    , ""       , ""          , ""        , "  └─ Panel Convencional Fireclass 2 zonas J408-2"                                                                                   , "50.0"     , "109.1168"
""    , ""       , ""          , ""        , "  └─ FR2000 Espejo Para Barrera FireOne"                                                                                            , "20.0"     , "22.446"
"457" , "PO00457", "USD-COMPRA", "purchase", "PADRE"                                                                                                                              , ""         , ""
""    , ""       , ""          , ""        , "  └─ UPS Infosec X1 1500 VA L.Interac - 220V"                                                                                       , "2.0"      , "175.34"
""    , ""       , ""          , ""        , "  └─ Televisor de  32` JVC LT32N750U HD DIG/SMART/HDMI"                                                                             , "1.0"      , "232.76"
"455" , "PO00455", "USD-COMPRA", "purchase", "PADRE"                                                                                                                              , ""         , ""
""    , ""       , ""          , ""        , "  └─ Humo test"                                                                                                                     , "161.0"    , "16.0"
"454" , "PO00454", "USD-COMPRA", "purchase", "PADRE"                                                                                                                              , ""         , ""
""    , ""       , ""          , ""        , "  └─ Notebook ASUS C15/ DM14221T/ 15.6 FHD"                                                                                         , "1.0"      , "648.0"
"443" , "PO00443", "USD-COMPRA", "purchase", "PADRE"                                                                                                                              , ""         , ""
""    , ""       , ""          , ""        , "  └─ Notebook HP (CDE)"                                                                                                             , "1.0"      , "607.0"
""    , ""       , ""          , ""        , "  └─ PC de escritorio con impresora (CDE)"                                                                                          , "1.0"      , "937.0"
"427" , "PO00427", "USD-COMPRA", "purchase", "PADRE"                                                                                                                              , ""         , ""
""    , ""       , ""          , ""        , "  └─ Pedestal de alarma para movil Blanco INVUE"                                                                                    , "100.0"    , "50.0"
""    , ""       , ""          , ""        , "  └─ W2000 ALL ABOVE TABLE WEARABLE SOLUTION - WHITE"                                                                               , "17.0"     , "77.65"
""    , ""       , ""          , ""        , "  └─ WS2 Expositor con cordón blanco largo CBL"                                                                                     , "20.0"     , "53.15"
""    , ""       , ""          , ""        , "  └─ Pedestal en ángulo SERIE 850 - BLANCO"                                                                                         , "28.0"     , "35.0"
""    , ""       , ""          , ""        , "  └─ ZIPS Cable lazo ajustable - Blanco"                                                                                            , "100.0"    , "9.75"
""    , ""       , ""          , ""        , "  └─ Llave de desactivacion IR3 INVUE"                                                                                              , "20.0"     , "32.0"
""    , ""       , ""          , ""        , "  └─ Sensor flexible blanco  INVUE"                                                                                                 , "50.0"     , "12.75"
""    , ""       , ""          , ""        , "  └─ Cable de conexion espiral p/ tablet USB MICRO INVUE"                                                                           , "28.0"     , "32.0"
""    , ""       , ""          , ""        , "  └─ Cable sensor para laptop USB INVUE"                                                                                            , "27.0"     , "10.0"
""    , ""       , ""          , ""        , "  └─ Candado Invue"                                                                                                                 , "5.0"      , "72.0"
""    , ""       , ""          , ""        , "  └─ GANCHO DE FIJACION DE 9 PULG. BLANCO - INVUE"                                                                                  , "150.0"    , "4.8"
""    , ""       , ""          , ""        , "  └─ Sensor simple para lente 50-55 mm Blanco"                                                                                      , "30.0"     , "14.15"
""    , ""       , ""          , ""        , "  └─ Cable de conexion Micro -USB AP-II Blanco INVUE"                                                                               , "100.0"    , "6.85"
""    , ""       , ""          , ""        , "  └─ ZIPS Cable lazo no ajustable - Blanco"                                                                                         , "69.0"     , "9.75"
""    , ""       , ""          , ""        , "  └─ NEW ZIPS Unidad de Alarma Cuatro Puertos - Blanco"                                                                             , "20.0"     , "32.25"
""    , ""       , ""          , ""        , "  └─ Cable de conexion para moviles Apple Blanco INVUE"                                                                             , "30.0"     , "10.0"
""    , ""       , ""          , ""        , "  └─ Cable de conexion p/ One Pod Lightning Blanco INVUE"                                                                           , "12.0"     , "13.75"
""    , ""       , ""          , ""        , "  └─ MULTI LENS SINGLE SENSOR 40-50MM WHITE"                                                                                        , "30.0"     , "17.05"
""    , ""       , ""          , ""        , "  └─ Fuente de alimentacion Micro USB 5.3V INVUE"                                                                                   , "50.0"     , "10.0"
""    , ""       , ""          , ""        , "  └─ Sensor para usables lado izquierdo INVUE"                                                                                      , "43.0"     , "11.0"
""    , ""       , ""          , ""        , "  └─ Clip Metálico de Fijación de Sensor - InVue"                                                                                   , "225.0"    , "2.0"
""    , ""       , ""          , ""        , "  └─ ZIPS Cable recto con sensor micro-USB - Blanco"                                                                                , "35.0"     , "13.5"
""    , ""       , ""          , ""        , "  └─ S855V ULP USB-C SENSOR - WHITE"                                                                                                , "20.0"     , "19.85"
""    , ""       , ""          , ""        , "  └─ Cable de conexión para Tablet USB Type C INVUE"                                                                                , "36.0"     , "10.5"
""    , ""       , ""          , ""        , "  └─ Sensor para usables recto INVUE"                                                                                               , "30.0"     , "11.0"
""    , ""       , ""          , ""        , "  └─ Cable de conexion espiral p/ tablet Tipo C Blanco INVUE"                                                                       , "28.0"     , "11.25"
""    , ""       , ""          , ""        , "  └─ Adhesivos de reemplazo p/ pedestales - INVUE"                                                                                  , "264.0"    , "1.0"
""    , ""       , ""          , ""        , "  └─ Placa adhesiva Super LSE 58mm x 92mm  INVUE"                                                                                   , "50.0"     , "5.25"
""    , ""       , ""          , ""        , "  └─ Adhesivos de reemplazo p/ sensores - INVUE"                                                                                    , "200.0"    , "1.3"
""    , ""       , ""          , ""        , "  └─ Cable de conexion TAB MICRO USB AP-II Blanco INVUE"                                                                            , "26.0"     , "9.75"
""    , ""       , ""          , ""        , "  └─ Sensor micro USB - serie 850 - Blanco INVUE"                                                                                   , "18.0"     , "13.0"
""    , ""       , ""          , ""        , "  └─ GANCHO DE FIJACION DE 9 PULG. BLANCO INVUE"                                                                                    , "25.0"     , "4.2"
""    , ""       , ""          , ""        , "  └─ Sensor serie 850 tipo C - Blanco INVUE"                                                                                        , "10.0"     , "19.85"
""    , ""       , ""          , ""        , "  └─ Sensor Zip de Fijación Blanco - InVue"                                                                                         , "17.0"     , "10.5"
""    , ""       , ""          , ""        , "  └─ Sensor flexible universal WS2 Negro - INVUE"                                                                                   , "57.0"     , "2.85"
""    , ""       , ""          , ""        , "  └─ Sensor de visión alarmante One65  blanco - INVUE"                                                                              , "4.0"      , "35.5"
""    , ""       , ""          , ""        , "  └─ Llave magnética OM para remover ganchera INVUE"                                                                                , "30.0"     , "8.0"
""    , ""       , ""          , ""        , "  └─ Soporte de pantalla para tablet S885V -Blanco INVUE"                                                                           , "12.0"     , "5.0"
""    , ""       , ""          , ""        , "  └─ Kit de limpieza para superficies INVUE"                                                                                        , "19.0"     , "6.0"
""    , ""       , ""          , ""        , "  └─ Almohadillas de silicona antideslizantes  gris"                                                                                , "180.0"    , "0.525"
""    , ""       , ""          , ""        , "  └─ Adhesivos de reemplazo p/ pedestales"                                                                                          , "120.0"    , "0.75"
""    , ""       , ""          , ""        , "  └─ Adhesivo plunger Micro 2.0 Negro INVUE"                                                                                        , "32.0"     , "2.75"
""    , ""       , ""          , ""        , "  └─ Llave magnética de bloqueo OnePOD - INVUE"                                                                                     , "8.0"      , "2.5"
""    , ""       , ""          , ""        , "  └─ Cable de conexion p/ TABLET APPLE LIGHTNING INVUE"                                                                             , "6.0"      , "11.6"
""    , ""       , ""          , ""        , "  └─ Adhesivo redondo grande con agujero INVUE"                                                                                     , "100.0"    , "0.68"
""    , ""       , ""          , ""        , "  └─ Adhesivo para sensores INVUE"                                                                                                  , "48.0"     , "0.7125"
""    , ""       , ""          , ""        , "  └─ Sensor Bandeja Apple WS2 40MM - Negro InVue"                                                                                   , "7.0"      , "4.6"
""    , ""       , ""          , ""        , "  └─ Tablet antideslizante S855V STD - gris INVUE"                                                                                  , "48.0"     , "0.3407"
""    , ""       , ""          , ""        , "  └─ Sensores universales  PSA  - S960"                                                                                             , "24.0"     , "0.688"
""    , ""       , ""          , ""        , "  └─ Llave de mano IR boton gris"                                                                                                   , "2.0"      , "23.55"
"422" , "PO00422", "USD-COMPRA", "purchase", "PADRE"                                                                                                                              , ""         , ""
""    , ""       , ""          , ""        , "  └─ Kit panel 18-32 zonas con teclado PK5501"                                                                                      , "15.0"     , "78.0"
""    , ""       , ""          , ""        , "  └─ Detector IR pet immune DSC"                                                                                                    , "36.0"     , "9.5"
""    , ""       , ""          , ""        , "  └─ Kit panel 4-8zonas con teclado DSC"                                                                                            , "5.0"      , "44.0"
""    , ""       , ""          , ""        , "  └─ Base de montaje para sensores PIR de la linea “LC”"                                                                            , "50.0"     , "1.8"
"418" , "PO00418", "USD-COMPRA", "purchase", "PADRE"                                                                                                                              , ""         , ""
""    , ""       , ""          , ""        , "  └─ Cable poder para `k` USA 125V"                                                                                                 , "3.0"      , "2.67"
""    , ""       , ""          , ""        , "  └─ Fuente 24/2A  100-240VAC - Sensormatic"                                                                                        , "3.0"      , "22.74"
""    , ""       , ""          , ""        , "  └─ Separador Eléctrico Supertag - Sensormatic"                                                                                    , "3.0"      , "199.7"
""    , ""       , ""          , ""        , "  └─ Lector RFID UHF IDX-4000 - Sensormatic"                                                                                        , "3.0"      , "612.41"
""    , ""       , ""          , ""        , "  └─ Cable de Extensión 10ft. MCX to RP SMA - Sensormatic"                                                                          , "3.0"      , "41.84"
"416" , "PO00416", "USD-COMPRA", "purchase", "PADRE"                                                                                                                              , ""         , ""
""    , ""       , ""          , ""        , "  └─ CABLE DE DATOS 18/2 - MALLADO - SV"                                                                                            , "600.0"    , "0.8"
"410" , "PO00410", "USD-COMPRA", "purchase", "PADRE"                                                                                                                              , ""         , ""
""    , ""       , ""          , ""        , "  └─ DISCO DURO 1TB SURVEILLANCE - SEAGATE"                                                                                         , "10.0"     , "46.53"
""    , ""       , ""          , ""        , "  └─ DISCO DURO 4TB SURVEILLANCE - SEAGATE"                                                                                         , "5.0"      , "102.52"
""    , ""       , ""          , ""        , "  └─ TARJETA DE MEMORIA MICRO SD 32GB"                                                                                              , "10.0"     , "4.46"
""    , ""       , ""          , ""        , "  └─ Micro SD 64GB"                                                                                                                 , "10.0"     , "8.025"
"409" , "PO00409", "USD-COMPRA", "purchase", "PADRE"                                                                                                                              , ""         , ""
""    , ""       , ""          , ""        , "  └─ Licencia intellex Network Client v5.0"                                                                                         , "1.0"      , "442.6"
"406" , "PO00406", "USD-COMPRA", "purchase", "PADRE"                                                                                                                              , ""         , ""
""    , ""       , ""          , ""        , "  └─ Frente de calle IP WIFI autónomo"                                                                                              , "20.0"     , "60.0"
""    , ""       , ""          , ""        , "  └─ Contacto magnético inalámbrico Imou"                                                                                           , "30.0"     , "12.0"
""    , ""       , ""          , ""        , "  └─ Soporte para CCTV - Dahua 70mm x 90mm x 193mm"                                                                                 , "10.0"     , "4.0"
""    , ""       , ""          , ""        , "  └─ Sirena estroboscópica para exterior hasta 250mm"                                                                               , "20.0"     , "16.0"
""    , ""       , ""          , ""        , "  └─ Control remoto 4 botones transmisión hasta 80m"                                                                                , "20.0"     , "4.0"
""    , ""       , ""          , ""        , "  └─ Mini PTZ IP WIFI de 4MP 4x"                                                                                                    , "10.0"     , "85.0"
""    , ""       , ""          , ""        , "  └─ Detector de movimiento PIR transmisión hasta 200m"                                                                             , "30.0"     , "14.0"
""    , ""       , ""          , ""        , "  └─ Controlador de asistencia y acceso biométrico"                                                                                 , "15.0"     , "80.0"
""    , ""       , ""          , ""        , "  └─ Soporte de pared para cámaras (domo  bullet  turret)"                                                                          , "200.0"    , "1.0"
""    , ""       , ""          , ""        , "  └─ NVR 2MP 32ch para 2 HDD con 16 puertos poe"                                                                                    , "10.0"     , "167.0"
""    , ""       , ""          , ""        , "  └─ NVR de 32 canales 2 canales 4K 4HDD"                                                                                           , "10.0"     , "135.0"
""    , ""       , ""          , ""        , "  └─ XVR de 4 canales 720p/1080p Lite WizSense"                                                                                     , "15.0"     , "28.0"
""    , ""       , ""          , ""        , "  └─ XVR de 8 canales 720p/1080p Lite WizSense"                                                                                     , "40.0"     , "35.0"
""    , ""       , ""          , ""        , "  └─ XVR de 8 canales 720p/1080p Lite. WizSense. Serie Cooper"                                                                      , "500.0"    , "26.9"
""    , ""       , ""          , ""        , "  └─ XVR de 4 canales 720p/1080p Lite. WizSense. Serie Cooper"                                                                      , "200.0"    , "21.9"
""    , ""       , ""          , ""        , "  └─ XVR de 16ch 5MP WizSense"                                                                                                      , "5.0"      , "84.0"
""    , ""       , ""          , ""        , "  └─ Grabador Digital compacto 1U Penta-brid 1080N / 720P de 16 canales - DAHUA"                                                    , "200.0"    , "53.0"
""    , ""       , ""          , ""        , "  └─ XVR de 16 canales 720p/1080p Lite. WizSense. Serie Cooper. Compact 1U"                                                         , "15.0"     , "58.0"
""    , ""       , ""          , ""        , "  └─ Domo Cooper 2.8 mm IR 20 mts con switch"                                                                                       , "500.0"    , "6.5"
""    , ""       , ""          , ""        , "  └─ Domo HDCVI de 2MP Full Color"                                                                                                  , "50.0"     , "12.5"
""    , ""       , ""          , ""        , "  └─ Cámara WIFI IP IMOU 2MP IR 10M para interior"                                                                                  , "100.0"    , "24.0"
""    , ""       , ""          , ""        , "  └─ Bullet HDCVI de 5MP metálica 2.8mm"                                                                                            , "100.0"    , "17.0"
""    , ""       , ""          , ""        , "  └─ Domo IP de 2MP WizMind con micrófono incorporado. IP67  ePoE."                                                                 , "10.0"     , "91.0"
""    , ""       , ""          , ""        , "  └─ Bullet HDCVI de 2MP IR 80 metros con micrófono"                                                                                , "80.0"     , "14.0"
""    , ""       , ""          , ""        , "  └─ Bullet IP de 2MP WizMind. IP67  ePoE."                                                                                         , "10.0"     , "95.0"
""    , ""       , ""          , ""        , "  └─ Domo HDCVI Full Color de 5MP"                                                                                                  , "20.0"     , "19.0"
""    , ""       , ""          , ""        , "  └─ Cámara Bullet Starlight HDCVI a todo color de 5MP"                                                                             , "50.0"     , "20.0"
""    , ""       , ""          , ""        , "  └─ Bullet Cooper 2.8mm IR 20 mts con switch"                                                                                      , "1000.0"   , "7.5"
""    , ""       , ""          , ""        , "  └─ Mini domo HDCVI 1080p 2.8mm"                                                                                                   , "800.0"    , "9.59"
""    , ""       , ""          , ""        , "  └─ Domo IP de 2MP con ranura para microSD. PoE"                                                                                   , "50.0"     , "33.0"
""    , ""       , ""          , ""        , "  └─ Domo Cooper HDCVI de 5MP 2.8mm"                                                                                                , "100.0"    , "14.0"
""    , ""       , ""          , ""        , "  └─ Cámara Ojo de Pez HDCVI de 5MP"                                                                                                , "5.0"      , "58.0"
""    , ""       , ""          , ""        , "  └─ Bullet HDCVI 1080p Full Color 2.8mm"                                                                                           , "100.0"    , "12.5"
""    , ""       , ""          , ""        , "  └─ Bullet HDCVI de 5MP con micrófono incorporado"                                                                                 , "10.0"     , "18.0"
""    , ""       , ""          , ""        , "  └─ Cámara oculta tipo PIR 1080P"                                                                                                  , "50.0"     , "19.0"
""    , ""       , ""          , ""        , "  └─ Bullet IP de 2MP PoE IR 30 mts ranura para microSD"                                                                            , "80.0"     , "33.0"
""    , ""       , ""          , ""        , "  └─ Bullet Cooper 1080p 2.8mm IR 20 mts con switch"                                                                                , "1500.0"   , "9.59"
""    , ""       , ""          , ""        , "  └─ Bolso Ecológico Dahua"                                                                                                         , "50.0"     , "0.6"
""    , ""       , ""          , ""        , "  └─ Mochila Dahua grande color negro"                                                                                              , "50.0"     , "8.96"
""    , ""       , ""          , ""        , "  └─ Kit de destornilladores con logo IMOU"                                                                                         , "50.0"     , "3.88"
""    , ""       , ""          , ""        , "  └─ Kit de Destornilladores Dahua"                                                                                                 , "40.0"     , "3.13"
"401" , "PO00401", "USD-COMPRA", "purchase", "PADRE"                                                                                                                              , ""         , ""
""    , ""       , ""          , ""        , "  └─ Osciloscopio digital  100 MHz 2 puntas de pruebas y accesorios"                                                                , "1.0"      , "307.97"
""    , ""       , ""          , ""        , "  └─ Punta de prueba repuesto para osciloscopio"                                                                                    , "1.0"      , "15.99"
"389" , "PO00389", "USD-COMPRA", "purchase", "PADRE"                                                                                                                              , ""         , ""
""    , ""       , ""          , ""        , "  └─ Detector fotoelectrico inalambrico DSC"                                                                                        , "15.0"     , "72.0"
"388" , "PO00388", "USD-COMPRA", "purchase", "PADRE"                                                                                                                              , ""         , ""
""    , ""       , ""          , ""        , "  └─ Detector humo calor de 2 hilos con UL"                                                                                         , "2000.0"   , "6.9"
""    , ""       , ""          , ""        , "  └─ Detector termovelocimétrico de 2 hilos "                                                                                       , "300.0"    , "5.3"
""    , ""       , ""          , ""        , "  └─ Detector de Humo Calor de 4 hilos sin UL"                                                                                      , "5000.0"   , "6.2"
""    , ""       , ""          , ""        , "  └─ Detector de Humo Calor con UL SV"                                                                                              , "500.0"    , "8.2"
""    , ""       , ""          , ""        , "  └─ Detector termovelocimétrico"                                                                                                   , "1000.0"   , "5.9"
""    , ""       , ""          , ""        , "  └─ Detector termovelocimétrico 2 hilos económico"                                                                                 , "200.0"    , "4.1"
""    , ""       , ""          , ""        , "  └─ Contacto magnético de metal  NC"                                                                                               , "200.0"    , "2.22"
"386" , "PO00386", "USD-COMPRA", "purchase", "PADRE"                                                                                                                              , ""         , ""
""    , ""       , ""          , ""        , "  └─ Placa de alarma cableada Spectra de 4 zonas expandible a 32 zonas."                                                            , "5.0"      , "13.97"
""    , ""       , ""          , ""        , "  └─ Placa de alarma cableada Magellan de 2 zonas."                                                                                 , "5.0"      , "41.09"
""    , ""       , ""          , ""        , "  └─ Gabinete chico para Paradox"                                                                                                   , "10.0"     , "8.52"
""    , ""       , ""          , ""        , "  └─ Teclado para panel de 10 zonas cableado"                                                                                       , "5.0"      , "26.19"
""    , ""       , ""          , ""        , "  └─ Teclado LED cableado de 32 zonas compatible con Spectra y Magellan"                                                            , "3.0"      , "28.06"
""    , ""       , ""          , ""        , "  └─ Teclado LCD alfanumérico 32 zonas SP/MG"                                                                                       , "2.0"      , "44.48"
""    , ""       , ""          , ""        , "  └─ Control remoto inalámbrico 433MHz"                                                                                             , "5.0"      , "14.42"
""    , ""       , ""          , ""        , "  └─ Detector de movimiento cableado antimastocas Paradox"                                                                          , "10.0"     , "6.82"
"385" , "PO00385", "USD-COMPRA", "purchase", "PADRE"                                                                                                                              , ""         , ""
""    , ""       , ""          , ""        , "  └─ Detector de movimiento vista vertical"                                                                                         , "5.0"      , "17.96"
""    , ""       , ""          , ""        , "  └─ Detector de movimientos digital de 4 elementos Paradox"                                                                        , "10.0"     , "12.4"
""    , ""       , ""          , ""        , "  └─ Detector digital de rotura de vidrios Paradox"                                                                                 , "3.0"      , "18.52"
""    , ""       , ""          , ""        , "  └─ Detector digital de rotura de vidrios Paradox"                                                                                 , "3.0"      , "13.44"
""    , ""       , ""          , ""        , "  └─ Detector de movimiento para exteriores"                                                                                        , "3.0"      , "43.63"
""    , ""       , ""          , ""        , "  └─ Cámara IP PIR"                                                                                                                 , "2.0"      , "129.43"
""    , ""       , ""          , ""        , "  └─ Detector de movimiento inalambrico antimastocas Paradox"                                                                       , "20.0"     , "24.65"
""    , ""       , ""          , ""        , "  └─ Contacto magnético inalambrico"                                                                                                , "10.0"     , "26.61"
"384" , "PO00384", "USD-COMPRA", "purchase", "PADRE"                                                                                                                              , ""         , ""
""    , ""       , ""          , ""        , "  └─ Detector Humo Calor Inalambrico"                                                                                               , "10.0"     , "63.33"
""    , ""       , ""          , ""        , "  └─ Sirena inalámbrica para exterior con luz estroboscópica Paradox"                                                               , "2.0"      , "57.3"
""    , ""       , ""          , ""        , "  └─ Sirena inalámbrica para exterior con luz estroboscópica Paradox"                                                               , "2.0"      , "94.09"
""    , ""       , ""          , ""        , "  └─ Módulo comunicador GPRS/GSM"                                                                                                   , "5.0"      , "73.89"
""    , ""       , ""          , ""        , "  └─ Módulo de comunicación LTE/4G/3G/2G/GSM"                                                                                       , "1.0"      , "91.98"
""    , ""       , ""          , ""        , "  └─ Módulo de comunicación IP"                                                                                                     , "5.0"      , "61.96"
""    , ""       , ""          , ""        , "  └─ Cable de alarma 4 vías"                                                                                                        , "5.0"      , "8.83"
""    , ""       , ""          , ""        , "  └─ Cable de alarma 6 vías"                                                                                                        , "5.0"      , "16.18"
"382" , "PO00382", "USD-COMPRA", "purchase", "PADRE"                                                                                                                              , ""         , ""
""    , ""       , ""          , ""        , "  └─ Detector IR pet immune DSC"                                                                                                    , "36.0"     , "9.5"
""    , ""       , ""          , ""        , "  └─ Base de montaje para sensores PIR de la linea “LC”"                                                                            , "15.0"     , "1.8"
""    , ""       , ""          , ""        , "  └─ Placa de alarma DSC 18-32 zonas"                                                                                               , "2.0"      , "55.0"
""    , ""       , ""          , ""        , "  └─ Modulo expansor 8 zonas DSC"                                                                                                   , "10.0"     , "22.0"
""    , ""       , ""          , ""        , "  └─ Teclado LCD a iconos para 64 zonas DSC"                                                                                        , "5.0"      , "44.0"
""    , ""       , ""          , ""        , "  └─ Teclado LCD alfanumerico 64zonas con 5 term DSC"                                                                               , "5.0"      , "70.0"
""    , ""       , ""          , ""        , "  └─ Gabinete metalico P/PC 1832/1864 - DSC"                                                                                        , "6.0"      , "12.0"
"381" , "PO00381", "USD-COMPRA", "purchase", "PADRE"                                                                                                                              , ""         , ""
""    , ""       , ""          , ""        , "  └─ Lona de repuesto para artículo SA-4040-S.0003"                                                                                 , "1.0"      , "1257.0"
"380" , "PO00380", "USD-COMPRA", "purchase", "PADRE"                                                                                                                              , ""         , ""
""    , ""       , ""          , ""        , "  └─ Etiqueta Adhesiva AM SENSORMATIC (VPL)"                                                                                        , "1500000.0", "0.0121"
""    , ""       , ""          , ""        , "  └─ DESACTIVADOR ELECTRONICO AMB 2011 - SENSORMATIC"                                                                               , "10.0"     , "227.8704"
""    , ""       , ""          , ""        , "  └─ Pedestal Ultra 1.8 Primario SENSORMATIC"                                                                                       , "23.0"     , "556.93"
""    , ""       , ""          , ""        , "  └─ Pedestal Ultra 1.8 Secundario SENSORMATIC"                                                                                     , "23.0"     , "209.8843"
""    , ""       , ""          , ""        , "  └─ Etiqueta Adhesiva AM DR SENSORMATIC"                                                                                           , "750000.0" , "0.0219"
""    , ""       , ""          , ""        , "  └─ Separador manual de etiquetas duras SENSORMATIC"                                                                               , "30.0"     , "43.9518"
"375" , "PO00375", "USD-COMPRA", "purchase", "PADRE"                                                                                                                              , ""         , ""
""    , ""       , ""          , ""        , "  └─ TARJETA DE MEMORIA MICRO SD 32GB"                                                                                              , "48.0"     , "4.4539"
""    , ""       , ""          , ""        , "  └─ Micro SD 64GB"                                                                                                                 , "44.0"     , "8.03"
""    , ""       , ""          , ""        , "  └─ MicroSD de 128 Gb"                                                                                                             , "10.0"     , "15.68"
"371" , "PO00371", "USD-COMPRA", "purchase", "PADRE"                                                                                                                              , ""         , ""
""    , ""       , ""          , ""        , "  └─ Interruptor de flujo para rociador Potter VSR-S"                                                                               , "12.0"     , "117.568"
"370" , "PO00370", "USD-COMPRA", "purchase", "PADRE"                                                                                                                              , ""         , ""
""    , ""       , ""          , ""        , "  └─ Separador universal negro SENSORMATIC 5kgaus"                                                                                  , "50.0"     , "13.5306"
"369" , "PO00369", "USD-COMPRA", "purchase", "PADRE"                                                                                                                              , ""         , ""
""    , ""       , ""          , ""        , "  └─ DISCO DURO 2TB SURVEILLANCE - SEAGATE"                                                                                         , "6.0"      , "65.56"
""    , ""       , ""          , ""        , "  └─ DISCO DURO 4TB SURVEILLANCE - SEAGATE"                                                                                         , "6.0"      , "111.54"
"363" , "PO00363", "USD-COMPRA", "purchase", "PADRE"                                                                                                                              , ""         , ""
""    , ""       , ""          , ""        , "  └─ Kit panel 18-32 zonas con teclado PK5501"                                                                                      , "10.0"     , "74.0"
""    , ""       , ""          , ""        , "  └─ Gabinete metalico P/PC 1832/1864 - DSC"                                                                                        , "18.0"     , "12.0"
""    , ""       , ""          , ""        , "  └─ Detector IR pet immune DSC"                                                                                                    , "24.0"     , "9.5"
""    , ""       , ""          , ""        , "  └─ Base de montaje para sensores PIR de la linea “LC”"                                                                            , "15.0"     , "1.8"
""    , ""       , ""          , ""        , "  └─ CONTACTO MAGNETICO INALAMBRICO CON INTERRUPTOR DSC"                                                                            , "5.0"      , "24.0"
""    , ""       , ""          , ""        , "  └─ Modulo expansor 8 zonas DSC"                                                                                                   , "5.0"      , "22.0"
"359" , "PO00359", "USD-COMPRA", "purchase", "PADRE"                                                                                                                              , ""         , ""
""    , ""       , ""          , ""        , "  └─ Sirena con Lámpara Estroboscópica a 2 Hilos"                                                                                   , "305.0"    , "27.83"
""    , ""       , ""          , ""        , "  └─ IP/ETHERNET MODULE"                                                                                                            , "5.0"      , "66.67"
""    , ""       , ""          , ""        , "  └─ Receptor Universal con conexion directa al Keybus del panel de alarma"                                                         , "20.0"     , "31.01"
"358" , "PO00358", "USD-COMPRA", "purchase", "PADRE"                                                                                                                              , ""         , ""
""    , ""       , ""          , ""        , "  └─ Modulo de control de 2 entradas para FC500 FIRECLASS"                                                                          , "7.0"      , "25.1843"
""    , ""       , ""          , ""        , "  └─ Panel direccionable FC501 para 128 puntos FIRECLASS"                                                                           , "10.0"     , "362.107"
""    , ""       , ""          , ""        , "  └─ Panel Direccionable FC506 500 Puntos"                                                                                          , "5.0"      , "696.28"
""    , ""       , ""          , ""        , "  └─ Panel Repetidor Serie FC500"                                                                                                   , "2.0"      , "229.225"
""    , ""       , ""          , ""        , "  └─ Sensor térmico analógico FC460 FIRECLASS"                                                                                      , "60.0"     , "15.951"
""    , ""       , ""          , ""        , "  └─ Sensor Dual Optico Termico FC460PH FIRECLASS"                                                                                  , "300.0"    , "22.7864"
""    , ""       , ""          , ""        , "  └─ BASE 4B 4` - FIRECLASS"                                                                                                        , "360.0"    , "1.9682"
""    , ""       , ""          , ""        , "  └─ Pulsador de alarma direccionable rearmable FC420CP-I FIRECLASS"                                                                , "50.0"     , "23.452"
""    , ""       , ""          , ""        , "  └─ Programador de elementos de lazos. FC490ST FIRECLASS"                                                                          , "1.0"      , "181.89"
""    , ""       , ""          , ""        , "  └─ Panel Convencional Fireclass 2 zonas J408-2"                                                                                   , "10.0"     , "109.117"
""    , ""       , ""          , ""        , "  └─ Panel Convencional Fireclass de 4 zonas J408-4 - Fireclass"                                                                    , "10.0"     , "115.843"
""    , ""       , ""          , ""        , "  └─ Panel J424-8 Fireclass"                                                                                                        , "20.0"     , "177.983"
""    , ""       , ""          , ""        , "  └─ Base aisladora para sistemas analogicos FIRECLASS"                                                                             , "100.0"    , "5.9072"
""    , ""       , ""          , ""        , "  └─ Fuente De Alimentación BAW75T24  - FIRECLASS"                                                                                  , "5.0"      , "42.148"
"355" , "PO00355", "USD-COMPRA", "purchase", "PADRE"                                                                                                                              , ""         , ""
""    , ""       , ""          , ""        , "  └─ DISCO DURO 4TB SURVEILLANCE - SEAGATE"                                                                                         , "5.0"      , "104.3"
""    , ""       , ""          , ""        , "  └─ DISCO DURO 1TB SURVEILLANCE - SEAGATE"                                                                                         , "10.0"     , "48.27"
""    , ""       , ""          , ""        , "  └─ DISCO DURO 2TB SURVEILLANCE - SEAGATE"                                                                                         , "5.0"      , "59.9"
"353" , "PO00353", "USD-COMPRA", "purchase", "PADRE"                                                                                                                              , ""         , ""
""    , ""       , ""          , ""        , "  └─ Detector IR pet immune DSC"                                                                                                    , "20.0"     , "9.5"
""    , ""       , ""          , ""        , "  └─ SIRENA PARA EXTERIOR DE 20W DSC"                                                                                               , "10.0"     , "6.0"
"352" , "PO00352", "USD-COMPRA", "purchase", "PADRE"                                                                                                                              , ""         , ""
""    , ""       , ""          , ""        , "  └─ ETIQUETA AM 16MM"                                                                                                              , "130000.0" , "0.0535"
""    , ""       , ""          , ""        , "  └─ TACHUELA AM 16MM"                                                                                                              , "150000.0" , "0.0035"
""    , ""       , ""          , ""        , "  └─ ETIQUETA DURA CON LAZO"                                                                                                        , "25000.0"  , "0.115"
""    , ""       , ""          , ""        , "  └─ Etiqueta dura mini RF  gris"                                                                                                   , "25000.0"  , "0.037"
""    , ""       , ""          , ""        , "  └─ SEPARADOR MANUAL MAGNETICO - 8000 GAUSS"                                                                                       , "150.0"    , "10.5"
""    , ""       , ""          , ""        , "  └─ SEPARADOR MANUAL TIPO LLAVERO (5000 GAUSS)"                                                                                    , "15.0"     , "3.0"
""    , ""       , ""          , ""        , "  └─ SEPARADOR MANUAL TIPO SUPERTAG MK225"                                                                                          , "10.0"     , "14.0"
""    , ""       , ""          , ""        , "  └─ DESACTIVADOR ELECTRONICO 230V/50HZ"                                                                                            , "150.0"    , "65.0"
""    , ""       , ""          , ""        , "  └─ Etiqueta dura AM ultragator  Keeper"                                                                                           , "5000.0"   , "0.12"
"349" , "PO00349", "USD-COMPRA", "purchase", "PADRE"                                                                                                                              , ""         , ""
""    , ""       , ""          , ""        , "  └─ Humo test"                                                                                                                     , "30.0"     , "16.5"
""    , ""       , ""          , ""        , "  └─ Cable de alarma 4 vías"                                                                                                        , "1.0"      , "8.82"
"345" , "PO00345", "USD-COMPRA", "purchase", "PADRE"                                                                                                                              , ""         , ""
""    , ""       , ""          , ""        , "  └─ Placa de alarma cableada Magellan de 2 zonas."                                                                                 , "2.0"      , "41.09"
""    , ""       , ""          , ""        , "  └─ Gabinete chico para Paradox"                                                                                                   , "4.0"      , "8.52"
""    , ""       , ""          , ""        , "  └─ Contacto magnético inalambrico"                                                                                                , "4.0"      , "26.61"
""    , ""       , ""          , ""        , "  └─ Detector de movimiento inalambrico antimastocas Paradox"                                                                       , "6.0"      , "24.65"
""    , ""       , ""          , ""        , "  └─ Módulo comunicador GPRS/GSM"                                                                                                   , "1.0"      , "73.89"
""    , ""       , ""          , ""        , "  └─ Módulo de comunicación IP"                                                                                                     , "1.0"      , "61.96"
""    , ""       , ""          , ""        , "  └─ Teclado LCD alfanumérico 32 zonas SP/MG"                                                                                       , "2.0"      , "44.48"
""    , ""       , ""          , ""        , "  └─ Detector de movimiento cableado antimastocas Paradox"                                                                          , "8.0"      , "6.82"
"344" , "PO00344", "USD-COMPRA", "purchase", "PADRE"                                                                                                                              , ""         , ""
""    , ""       , ""          , ""        , "  └─ Placa de alarma cableada Spectra de 4 zonas expandible a 32 zonas."                                                            , "2.0"      , "13.97"
""    , ""       , ""          , ""        , "  └─ Cable de alarma 4 vías"                                                                                                        , "2.0"      , "8.83"
""    , ""       , ""          , ""        , "  └─ Teclado para panel de 10 zonas cableado"                                                                                       , "2.0"      , "26.19"
""    , ""       , ""          , ""        , "  └─ Control remoto inalámbrico 433MHz"                                                                                             , "2.0"      , "14.42"
"342" , "PO00342", "USD-COMPRA", "purchase", "PADRE"                                                                                                                              , ""         , ""
""    , ""       , ""          , ""        , "  └─ Detector de movimiento cableado antimastocas Paradox"                                                                          , "5.0"      , "6.82"
""    , ""       , ""          , ""        , "  └─ Detector digital de rotura de vidrios Paradox"                                                                                 , "5.0"      , "13.44"
"339" , "PO00339", "USD-COMPRA", "purchase", "PADRE"                                                                                                                              , ""         , ""
""    , ""       , ""          , ""        , "  └─ Panel direccionable FC501 para 128 puntos FIRECLASS"                                                                           , "10.0"     , "362.107"
""    , ""       , ""          , ""        , "  └─ Panel Direccionable FC506 500 Puntos"                                                                                          , "5.0"      , "696.28"
""    , ""       , ""          , ""        , "  └─ Panel Repetidor Serie FC500"                                                                                                   , "3.0"      , "229.2233"
""    , ""       , ""          , ""        , "  └─ Sensor Dual Optico Termico FC460PH FIRECLASS"                                                                                  , "500.0"    , "22.7864"
""    , ""       , ""          , ""        , "  └─ BASE 4B 4` - FIRECLASS"                                                                                                        , "700.0"    , "1.9682"
""    , ""       , ""          , ""        , "  └─ Pulsador de alarma direccionable rearmable FC420CP-I FIRECLASS"                                                                , "80.0"     , "23.452"
""    , ""       , ""          , ""        , "  └─ Modulo de control de 2 entradas para FC500 FIRECLASS"                                                                          , "43.0"     , "25.1835"
""    , ""       , ""          , ""        , "  └─ Módulo IP para Central Analógica FC501FC FIRECLASS"                                                                            , "5.0"      , "114.514"
""    , ""       , ""          , ""        , "  └─ Programador de elementos de lazos. FC490ST FIRECLASS"                                                                          , "4.0"      , "181.8925"
""    , ""       , ""          , ""        , "  └─ Panel Convencional Fireclass 2 zonas J408-2"                                                                                   , "30.0"     , "109.1167"
""    , ""       , ""          , ""        , "  └─ Panel Convencional Fireclass de 4 zonas J408-4 - Fireclass"                                                                    , "10.0"     , "115.843"
""    , ""       , ""          , ""        , "  └─ Panel J424-8 Fireclass"                                                                                                        , "20.0"     , "177.983"
""    , ""       , ""          , ""        , "  └─ J400EXT – Módulo de extinción FIRECLASS"                                                                                       , "5.0"      , "37.916"
""    , ""       , ""          , ""        , "  └─ Módulo expansor de 8 zonas Fireclass"                                                                                          , "20.0"     , "36.4545"
""    , ""       , ""          , ""        , "  └─ Panel repetidor para central J424-8"                                                                                           , "5.0"      , "94.66"
""    , ""       , ""          , ""        , "  └─ FC410BDM Beam Detector Module"                                                                                                 , "2.0"      , "73.675"
""    , ""       , ""          , ""        , "  └─ Panel Direccionable FC708D 1000 puntos"                                                                                        , "1.0"      , "1169.75"
""    , ""       , ""          , ""        , "  └─ Placa de 8 zonas de panel J424-8"                                                                                              , "5.0"      , "84.874"
""    , ""       , ""          , ""        , "  └─ Llave de prueba para todos los pulsadores de estilo MCP y CP."                                                                 , "2.0"      , "0.52"
""    , ""       , ""          , ""        , "  └─ Back Box for Callpoints SUS516W"                                                                                               , "50.0"     , "1.0114"
""    , ""       , ""          , ""        , "  └─ Tapa abatible para pulsadores para uso con modelos de pulsadores MCP (Color -Clear)."                                          , "50.0"     , "1.5548"
""    , ""       , ""          , ""        , "  └─ Tarjeta de Ranura de Expansión de Bucle Fireclass"                                                                             , "3.0"      , "390.8"
""    , ""       , ""          , ""        , "  └─ Tarjeta de Interfaz de Red Panel Direccionable"                                                                                , "1.0"      , "324.34"
""    , ""       , ""          , ""        , "  └─ Módulo de Fibra Óptica"                                                                                                        , "1.0"      , "426.27"
"337" , "PO00337", "USD-COMPRA", "purchase", "PADRE"                                                                                                                              , ""         , ""
""    , ""       , ""          , ""        , "  └─ Bateria alcalina para emitter OSID"                                                                                            , "13.0"     , "47.65"
""    , ""       , ""          , ""        , "  └─ Laser  herramienta de alineacion para barrera OSI"                                                                             , "2.0"      , "59.85"
"336" , "PO00336", "USD-COMPRA", "purchase", "PADRE"                                                                                                                              , ""         , ""
""    , ""       , ""          , ""        , "  └─ TARJETA DE MEMORIA MICRO SD 32GB"                                                                                              , "50.0"     , "5.225"
"332" , "PO00332", "USD-COMPRA", "purchase", "PADRE"                                                                                                                              , ""         , ""
""    , ""       , ""          , ""        , "  └─ Micro SD 64GB"                                                                                                                 , "50.0"     , "7.92"
"329" , "PO00329", "USD-COMPRA", "purchase", "PADRE"                                                                                                                              , ""         , ""
""    , ""       , ""          , ""        , "  └─ Etiqueta Adhesiva AM SENSORMATIC (VPL)"                                                                                        , "500000.0" , "0.0126"
"327" , "PO00327", "USD-COMPRA", "purchase", "PADRE"                                                                                                                              , ""         , ""
""    , ""       , ""          , ""        , "  └─ XVR de 8 canales HDCVI Pentahíbrido 1080p Lite  720p."                                                                         , "9.0"      , "24.9"
""    , ""       , ""          , ""        , "  └─ XVR de 4 canales HDCVI Pentahíbrido 1080p Lite  720p."                                                                         , "10.0"     , "20.9"
"325" , "PO00325", "USD-COMPRA", "purchase", "PADRE"                                                                                                                              , ""         , ""
""    , ""       , ""          , ""        , "  └─ Cámara IP panorámica de 20 megapíxeles y 180˚  3 5 fps  día / noche"                                                           , "2.0"      , "527.0"
"324" , "PO00324", "USD-COMPRA", "purchase", "PADRE"                                                                                                                              , ""         , ""
""    , ""       , ""          , ""        , "  └─ Humo test"                                                                                                                     , "30.0"     , "20.0"
"323" , "PO00323", "USD-COMPRA", "purchase", "PADRE"                                                                                                                              , ""         , ""
""    , ""       , ""          , ""        , "  └─ XVR de 8 canales HDCVI Pentahíbrido 1080p Lite  720p."                                                                         , "187.0"    , "24.9"
""    , ""       , ""          , ""        , "  └─ XVR de 4 canales 720p/1080p Lite Cooper"                                                                                       , "200.0"    , "26.9"
""    , ""       , ""          , ""        , "  └─ Grabador de Video Digital Cooper 1U Penta-Hibrido 1080N / 720P de 8 Canales"                                                   , "400.0"    , "33.9"
""    , ""       , ""          , ""        , "  └─ Bullet 720p HDCVI - DAHUA"                                                                                                     , "50.0"     , "7.5"
""    , ""       , ""          , ""        , "  └─ Bullet 720p 2.8mm"                                                                                                             , "450.0"    , "8.9"
""    , ""       , ""          , ""        , "  └─ Domo 720p HDCVI lente 2.8mm"                                                                                                   , "200.0"    , "6.5"
""    , ""       , ""          , ""        , "  └─ Bullet 1080p metálica 3.6mm"                                                                                                   , "350.0"    , "10.59"
""    , ""       , ""          , ""        , "  └─ Mini domo 1080p 2.8mm"                                                                                                         , "200.0"    , "9.59"
""    , ""       , ""          , ""        , "  └─ NVR de 16 Puertos PoE"                                                                                                         , "15.0"     , "195.0"
"321" , "PO00321", "USD-COMPRA", "purchase", "PADRE"                                                                                                                              , ""         , ""
""    , ""       , ""          , ""        , "  └─ DISCO DURO 2TB SURVEILLANCE - SEAGATE"                                                                                         , "4.0"      , "71.72"
""    , ""       , ""          , ""        , "  └─ DISCO DURO 4TB SURVEILLANCE - SEAGATE"                                                                                         , "6.0"      , "115.17"
""    , ""       , ""          , ""        , "  └─ DISCO DURO 6TB PURPLE - WESTER DIGITAL"                                                                                        , "2.0"      , "191.62"
"320" , "PO00320", "USD-COMPRA", "purchase", "PADRE"                                                                                                                              , ""         , ""
""    , ""       , ""          , ""        , "  └─ TECLADO DE 8 ZONAS LED  ESPAÑOL DSC"                                                                                           , "5.0"      , "27.0"
""    , ""       , ""          , ""        , "  └─ Detector IR pet immune DSC"                                                                                                    , "24.0"     , "9.5"
"319" , "PO00319", "USD-COMPRA", "purchase", "PADRE"                                                                                                                              , ""         , ""
""    , ""       , ""          , ""        , "  └─ Detector de Humo Calor de 4 hilos sin UL"                                                                                      , "3000.0"   , "6.0"
""    , ""       , ""          , ""        , "  └─ Detector de Humo Calor con UL SV"                                                                                              , "1000.0"   , "8.0"
""    , ""       , ""          , ""        , "  └─ Detector de Humo Calor SD218"                                                                                                  , "50.0"     , "4.5"
""    , ""       , ""          , ""        , "  └─ Detector de calor y humo óptico de 2 cables"                                                                                   , "100.0"    , "5.0"
""    , ""       , ""          , ""        , "  └─ Detector de Humo Calor de 2 cables"                                                                                            , "100.0"    , "5.2"
"318" , "PO00318", "USD-COMPRA", "purchase", "PADRE"                                                                                                                              , ""         , ""
""    , ""       , ""          , ""        , "  └─ Classic Style 2.9`"                                                                                                            , "5.0"      , "11.0"
""    , ""       , ""          , ""        , "  └─ SDK43"                                                                                                                         , "1.0"      , "300.0"
""    , ""       , ""          , ""        , "  └─ Handheld Reader"                                                                                                               , "1.0"      , "345.0"
""    , ""       , ""          , ""        , "  └─ SDK44"                                                                                                                         , "45.0"     , "0.2"
""    , ""       , ""          , ""        , "  └─ Precios electroncitos 72 x 35 x 12.8 mm"                                                                                       , "20.0"     , "8.4"
""    , ""       , ""          , ""        , "  └─ Classic Style 2.13` 66.5 x 36 x 15.4 mm"                                                                                       , "20.0"     , "8.71"
""    , ""       , ""          , ""        , "  └─ PD290"                                                                                                                         , "45.0"     , "0.48"
""    , ""       , ""          , ""        , "  └─ PU801"                                                                                                                         , "1.0"      , "2.38"
""    , ""       , ""          , ""        , "  └─ Accesorio para etiquetas"                                                                                                      , "5.0"      , "1.53"
""    , ""       , ""          , ""        , "  └─ ESL Wireless Base-Station / DISCONTINUADO"                                                                                     , "1.0"      , "118.0"
"317" , "PO00317", "USD-COMPRA", "purchase", "PADRE"                                                                                                                              , ""         , ""
""    , ""       , ""          , ""        , "  └─ Switch Conmutador de acceso no administrado de capa"                                                                           , "1.0"      , "53.0"
""    , ""       , ""          , ""        , "  └─ Core Switch"                                                                                                                   , "1.0"      , "2500.0"
""    , ""       , ""          , ""        , "  └─ Módulo óptico SFP multimodo (MM) con conector LC para 2 fibras."                                                               , "20.0"     , "15.0"
""    , ""       , ""          , ""        , "  └─ Modulo de expansion para Switch Core 24-Port 10/100/1000Base-T (RJ45)+4-Port 10000M SFP+(SFP+ LC)"                             , "1.0"      , "2200.0"
""    , ""       , ""          , ""        , "  └─ Domo AI 2MP 3.6 mm IR 50 mts con ranura y mic. IK10. SMD y perimetral"                                                         , "4.0"      , "50.0"
""    , ""       , ""          , ""        , "  └─ Bullet 5MP 2.8mm LED 30 mts  ranura  IK10  PoE"                                                                                , "2.0"      , "42.0"
"311" , "PO00311", "USD-COMPRA", "purchase", "PADRE"                                                                                                                              , ""         , ""
""    , ""       , ""          , ""        , "  └─ Cámara IP  20 megapíxeles (MP) H.264 Todo-en-Uno 180 ° Panorámico Motorizado P-iris"                                           , "3.0"      , "1374.75"
""    , ""       , ""          , ""        , "  └─ Wall Mount Bracket"                                                                                                            , "3.0"      , "58.5"
""    , ""       , ""          , ""        , "  └─ Tapa de montaje para cámaras"                                                                                                  , "3.0"      , "48.1"
""    , ""       , ""          , ""        , "  └─ ARECONT 5MP MEGAVIEW 2 2592 X 1944 14FPS"                                                                                      , "2.0"      , "587.4"
"309" , "PO00309", "USD-COMPRA", "purchase", "PADRE"                                                                                                                              , ""         , ""
""    , ""       , ""          , ""        , "  └─ EVENIP- 01"                                                                                                                    , "7.0"      , "150.0"
"307" , "PO00307", "USD-COMPRA", "purchase", "PADRE"                                                                                                                              , ""         , ""
""    , ""       , ""          , ""        , "  └─ Dome mount  SDU (indr/outdr / Optima (indr/outdr)  AMERICAN DYNAMICS"                                                          , "2.0"      , "78.75"
""    , ""       , ""          , ""        , "  └─ Adaptador de postes  uso con RHOSW o RHOLW"                                                                                    , "2.0"      , "49.5"
""    , ""       , ""          , ""        , "  └─ Camaras PTZ IP de red de 2 megapíxeles  lente 30x"                                                                             , "2.0"      , "877.05"
"306" , "PO00306", "USD-COMPRA", "purchase", "PADRE"                                                                                                                              , ""         , ""
""    , ""       , ""          , ""        , "  └─ GANCHO DE FIJACION DE 9 PULG. BLANCO - INVUE"                                                                                  , "1400.0"   , "5.52"
"304" , "PO00304", "USD-COMPRA", "purchase", "PADRE"                                                                                                                              , ""         , ""
""    , ""       , ""          , ""        , "  └─ Rack 6U 550*450MM"                                                                                                             , "2.0"      , "59.0"
""    , ""       , ""          , ""        , "  └─ Canal de tension con 10 tomas universales"                                                                                     , "2.0"      , "36.0"
"301" , "PO00301", "USD-COMPRA", "purchase", "PADRE"                                                                                                                              , ""         , ""
""    , ""       , ""          , ""        , "  └─ HDD DVD-RW MB ASUS"                                                                                                            , "1.0"      , "480.9"
"300" , "PO00300", "USD-COMPRA", "purchase", "PADRE"                                                                                                                              , ""         , ""
""    , ""       , ""          , ""        , "  └─ NAS para soporte de Odoo"                                                                                                      , "1.0"      , "1437.0"
"299" , "PO00299", "USD-COMPRA", "purchase", "PADRE"                                                                                                                              , ""         , ""
""    , ""       , ""          , ""        , "  └─ Hyundai H1-T1"                                                                                                                 , "1.0"      , "26500.0"
"296" , "PO00296", "USD-COMPRA", "purchase", "PADRE"                                                                                                                              , ""         , ""
""    , ""       , ""          , ""        , "  └─ CONTACTO MAGNETICO INALAMBRICO CON INTERRUPTOR DSC"                                                                            , "15.0"     , "24.0"
""    , ""       , ""          , ""        , "  └─ Kit panel 4-8zonas con teclado DSC"                                                                                            , "10.0"     , "44.0"
""    , ""       , ""          , ""        , "  └─ Gabinete metalico P/PC 1832/1864 - DSC"                                                                                        , "12.0"     , "12.0"
""    , ""       , ""          , ""        , "  └─ Detector IR pet immune DSC"                                                                                                    , "12.0"     , "9.5"
""    , ""       , ""          , ""        , "  └─ Placa de alarma DSC 18-32 zonas"                                                                                               , "2.0"      , "55.0"
""    , ""       , ""          , ""        , "  └─ Base de montaje para sensores PIR de la linea “LC”"                                                                            , "50.0"     , "1.8"
"290" , "PO00290", "USD-COMPRA", "purchase", "PADRE"                                                                                                                              , ""         , ""
""    , ""       , ""          , ""        , "  └─ MicroSD de 128 Gb"                                                                                                             , "14.0"     , "15.29"
"289" , "PO00289", "USD-COMPRA", "purchase", "PADRE"                                                                                                                              , ""         , ""
""    , ""       , ""          , ""        , "  └─ Fuente de Alimentacion Salida de Relays DSC"                                                                                   , "2.0"      , "95.0"
""    , ""       , ""          , ""        , "  └─ Receptor Inalambrico DSC"                                                                                                      , "2.0"      , "160.0"
""    , ""       , ""          , ""        , "  └─ Detector fotoelectrico inalambrico DSC"                                                                                        , "16.0"     , "82.0"
"285" , "PO00285", "USD-COMPRA", "purchase", "PADRE"                                                                                                                              , ""         , ""
""    , ""       , ""          , ""        , "  └─ HDD 8.0 TB SEAGATE 5900 256MB"                                                                                                 , "4.0"      , "243.1"
"283" , "PO00283", "USD-COMPRA", "purchase", "PADRE"                                                                                                                              , ""         , ""
""    , ""       , ""          , ""        , "  └─ Transformador 220-16. 5V 4A"                                                                                                   , "15.0"     , "8.5"
""    , ""       , ""          , ""        , "  └─ Base de montaje para sensores PIR de la linea “LC”"                                                                            , "15.0"     , "1.8"
""    , ""       , ""          , ""        , "  └─ Teclado LCD alfanumerico 64zonas con 5 term DSC"                                                                               , "5.0"      , "68.0"
""    , ""       , ""          , ""        , "  └─ Gabinete metalico P/PC 1832/1864 - DSC"                                                                                        , "12.0"     , "12.0"
"280" , "PO00280", "USD-COMPRA", "purchase", "PADRE"                                                                                                                              , ""         , ""
""    , ""       , ""          , ""        , "  └─ Domo kamado de 25 pulgadas color negro"                                                                                        , "15.0"     , "386.0"
""    , ""       , ""          , ""        , "  └─ Domo kamado de 25 pulgadas color rojo"                                                                                         , "5.0"      , "386.0"
""    , ""       , ""          , ""        , "  └─ Domo kamado de 25 pulgadas color Gris"                                                                                         , "2.0"      , "386.0"
""    , ""       , ""          , ""        , "  └─ Domo kamado de 25 pulgadas color CRYAN"                                                                                        , "2.0"      , "386.0"
""    , ""       , ""          , ""        , "  └─ Domo kamado de 21 pulgadas color negro"                                                                                        , "15.0"     , "310.0"
""    , ""       , ""          , ""        , "  └─ Domo kamado de 21 pulgadas color rojo"                                                                                         , "3.0"      , "310.0"
""    , ""       , ""          , ""        , "  └─ Domo kamado de 21 pulgadas color gris"                                                                                         , "1.0"      , "310.0"
""    , ""       , ""          , ""        , "  └─ Domo kamado de 21 pulgadas color Cryan"                                                                                        , "1.0"      , "310.0"
""    , ""       , ""          , ""        , "  └─ Domo kamado de 15 pulgadas color negro"                                                                                        , "9.0"      , "111.0"
""    , ""       , ""          , ""        , "  └─ Domo kamado de 15 pulgadas color rojo"                                                                                         , "3.0"      , "111.0"
""    , ""       , ""          , ""        , "  └─ Kamado 15` - Cyan"                                                                                                             , "1.0"      , "111.0"
""    , ""       , ""          , ""        , "  └─ Domo kamado de 21 pulgadas color Leopardo"                                                                                     , "2.0"      , "305.0"
""    , ""       , ""          , ""        , "  └─ Domo kamado de 15 pulgadas sin color"                                                                                          , "1.0"      , "100.0"
""    , ""       , ""          , ""        , "  └─ Spiedo eléctrico de 25`"                                                                                                       , "3.0"      , "73.0"
""    , ""       , ""          , ""        , "  └─ Difusor de calor 25`"                                                                                                          , "25.0"     , "22.3"
""    , ""       , ""          , ""        , "  └─ Cobertor de tela impermeable para kamado de 25`"                                                                               , "24.0"     , "8.8"
""    , ""       , ""          , ""        , "  └─ Plancha de Hierro medialuna - 25`"                                                                                             , "20.0"     , "21.5"
""    , ""       , ""          , ""        , "  └─ Parrilla de hierro - 25`"                                                                                                      , "20.0"     , "16.0"
""    , ""       , ""          , ""        , "  └─ Extractor de cenizas"                                                                                                          , "5.0"      , "10.5"
""    , ""       , ""          , ""        , "  └─ Piedra para hornear 365"                                                                                                       , "7.0"      , "8.0"
""    , ""       , ""          , ""        , "  └─ Difusor de calor 21`"                                                                                                          , "22.0"     , "13.84"
""    , ""       , ""          , ""        , "  └─ Cobertor de tela impermeable para kamado de 21`"                                                                               , "20.0"     , "8.3"
""    , ""       , ""          , ""        , "  └─ Rejilla de Hierro Fundido lisa tipo  Media Luna (46 5 cm) TOPQ"                                                                , "20.0"     , "18.5"
""    , ""       , ""          , ""        , "  └─ Rejilla de Hierro Fundido con Ranura tipo Media Luna (46 5 cm)"                                                                , "20.0"     , "13.5"
""    , ""       , ""          , ""        , "  └─ Elevador con piedra para hornear 15`"                                                                                          , "20.0"     , "14.35"
""    , ""       , ""          , ""        , "  └─ Accesorio universal para herramientas de costilla (tamaño pequeño  25 cm)"                                                     , "10.0"     , "4.3"
""    , ""       , ""          , ""        , "  └─ Patas para kamado de 15`"                                                                                                      , "10.0"     , "29.0"
""    , ""       , ""          , ""        , "  └─ Cobertor de tela impermeable para kamado de 15`"                                                                               , "15.0"     , "7.8"
""    , ""       , ""          , ""        , "  └─ Parrilla redonda de hierro fundido para barbacoa (34 cm  3 kg)"                                                                , "20.0"     , "12.7"
""    , ""       , ""          , ""        , "  └─ Pala pizzera"                                                                                                                  , "30.0"     , "12.8"
""    , ""       , ""          , ""        , "  └─ Cortador ovalado para pizzas"                                                                                                  , "40.0"     , "3.3"
""    , ""       , ""          , ""        , "  └─ Pala para cenizas de acero inoxidable"                                                                                         , "30.0"     , "3.7"
""    , ""       , ""          , ""        , "  └─ Pinza para cocción"                                                                                                            , "60.0"     , "2.5"
""    , ""       , ""          , ""        , "  └─ Guante de barbacoa a prueba de calor TOPQ"                                                                                     , "60.0"     , "7.6"
""    , ""       , ""          , ""        , "  └─ Olla de hierro fundido para juego de barbacoa Kamado"                                                                          , "20.0"     , "20.5"
""    , ""       , ""          , ""        , "  └─ Sartén de hierro fundido Grande"                                                                                               , "12.0"     , "7.7"
""    , ""       , ""          , ""        , "  └─ Cepillo de limpieza de rejilla de acero"                                                                                       , "20.0"     , "2.5"
""    , ""       , ""          , ""        , "  └─ Parrilla para pollos múltiples"                                                                                                , "20.0"     , "7.3"
""    , ""       , ""          , ""        , "  └─ Encendedor de Carbon"                                                                                                          , "31.0"     , "10.5"
""    , ""       , ""          , ""        , "  └─ Cesta para carbón de acero inoxidable"                                                                                         , "20.0"     , "23.8"
""    , ""       , ""          , ""        , "  └─ Parrillas de cocción superiores"                                                                                               , "30.0"     , "11.2"
""    , ""       , ""          , ""        , "  └─ Parrilla de acero inoxidable para barbacoa"                                                                                    , "20.0"     , "5.3"
""    , ""       , ""          , ""        , "  └─ Vajilla cuadrada de acero inoxidable"                                                                                          , "30.0"     , "6.0"
""    , ""       , ""          , ""        , "  └─ TQBAMD15"                                                                                                                      , "1.0"      , "2.2"
""    , ""       , ""          , ""        , "  └─ TQLID25"                                                                                                                       , "1.0"      , "6.0"
""    , ""       , ""          , ""        , "  └─ TQDOME21"                                                                                                                      , "1.0"      , "6.0"
""    , ""       , ""          , ""        , "  └─ TQBALD15"                                                                                                                      , "1.0"      , "8.0"
""    , ""       , ""          , ""        , "  └─ Fire Ring for 15`"                                                                                                             , "1.0"      , "8.0"
""    , ""       , ""          , ""        , "  └─ Repuesto base para Domo de 21`"                                                                                                , "1.0"      , "9.0"
""    , ""       , ""          , ""        , "  └─ Fire Ring for 21`"                                                                                                             , "1.0"      , "10.0"
""    , ""       , ""          , ""        , "  └─ Repuesto base para Domo de 25`"                                                                                                , "1.0"      , "12.0"
""    , ""       , ""          , ""        , "  └─ Repuesto anillo de fuego para 25 `"                                                                                            , "1.0"      , "12.02"
"278" , "PO00278", "USD-COMPRA", "purchase", "PADRE"                                                                                                                              , ""         , ""
""    , ""       , ""          , ""        , "  └─ TV JVC 42`"                                                                                                                    , "1.0"      , "259.27"
"277" , "PO00277", "USD-COMPRA", "purchase", "PADRE"                                                                                                                              , ""         , ""
""    , ""       , ""          , ""        , "  └─ Suministro extendido con IDENET"                                                                                               , "1.0"      , "428.09"
"275" , "PO00275", "USD-COMPRA", "purchase", "PADRE"                                                                                                                              , ""         , ""
""    , ""       , ""          , ""        , "  └─ Micro SD 64GB"                                                                                                                 , "50.0"     , "8.25"
"273" , "PO00273", "USD-COMPRA", "purchase", "PADRE"                                                                                                                              , ""         , ""
""    , ""       , ""          , ""        , "  └─ MODULO EXPANSION DE 3 NAC CLASE A/B SIMPLEX"                                                                                   , "2.0"      , "89.38"
""    , ""       , ""          , ""        , "  └─ EXTENSION POWER SUPPLY C/3 NACS 220V SIMPLEX"                                                                                  , "1.0"      , "358.52"
""    , ""       , ""          , ""        , "  └─ Interfaz local mode. SIMPLEX"                                                                                                  , "2.0"      , "128.75"
"272" , "PO00272", "USD-COMPRA", "purchase", "PADRE"                                                                                                                              , ""         , ""
""    , ""       , ""          , ""        , "  └─ Panel Simplex 4010ES"                                                                                                          , "3.0"      , "1162.69"
""    , ""       , ""          , ""        , "  └─ Anunciador Remoto SIMPLEX p/ 4010ES"                                                                                           , "3.0"      , "196.34"
""    , ""       , ""          , ""        , "  └─ Sensor de fotos analógico Humo/Calor SIMPLEX IDNET"                                                                            , "500.0"    , "17.61"
""    , ""       , ""          , ""        , "  └─ Alarma audiovisual SIMPLEX"                                                                                                    , "50.0"     , "26.73"
""    , ""       , ""          , ""        , "  └─ Modulo Detector ZAM. SIMPLEX"                                                                                                  , "50.0"     , "23.09"
""    , ""       , ""          , ""        , "  └─ SSD Sensor Base SIMPLEX IDNET"                                                                                                 , "900.0"    , "13.79"
""    , ""       , ""          , ""        , "  └─ Teclado remoto LCD SIMPLEX"                                                                                                    , "3.0"      , "200.79"
""    , ""       , ""          , ""        , "  └─ Módulo principal de audio análogo. SIMPLEX"                                                                                    , "1.0"      , "59.98"
""    , ""       , ""          , ""        , "  └─ Modulo para interface de audio"                                                                                                , "2.0"      , "77.3"
""    , ""       , ""          , ""        , "  └─ Tarjeta Fuente de Energia SIMPLEX"                                                                                             , "6.0"      , "236.89"
""    , ""       , ""          , ""        , "  └─ NXP CPU CARD"                                                                                                                  , "2.0"      , "396.15"
"269" , "PO00269", "USD-COMPRA", "purchase", "PADRE"                                                                                                                              , ""         , ""
""    , ""       , ""          , ""        , "  └─ Separador universal negro SENSORMATIC 5kgaus"                                                                                  , "200.0"    , "14.557"
"268" , "PO00268", "USD-COMPRA", "purchase", "PADRE"                                                                                                                              , ""         , ""
""    , ""       , ""          , ""        , "  └─ Intellex Network Client v5.0  management/config/viewing SW  single license"                                                    , "1.0"      , "417.6"
""    , ""       , ""          , ""        , "  └─ Tarjeta de Proximidad II 26bit HID"                                                                                            , "300.0"    , "2.3"
""    , ""       , ""          , ""        , "  └─ Lectora de tarjeta ProxPoint Plus 6005B negra SWH"                                                                             , "2.0"      , "70.0"
""    , ""       , ""          , ""        , "  └─ Tarjeta de Proximidad 26bits IOPROX KANTECH"                                                                                   , "300.0"    , "1.5066"
""    , ""       , ""          , ""        , "  └─ LECTORA MULTITECH FLEX MULLION BLK SOFTWARE HOUSE"                                                                             , "3.0"      , "164.5"
"264" , "PO00264", "USD-COMPRA", "purchase", "PADRE"                                                                                                                              , ""         , ""
""    , ""       , ""          , ""        , "  └─ Grabador de video digital compacto 1U 1HDD WizSense"                                                                           , "20.0"     , "65.0"
"262" , "PO00262", "USD-COMPRA", "purchase", "PADRE"                                                                                                                              , ""         , ""
""    , ""       , ""          , ""        , "  └─ Comunicador celular universal. Versiones 2G y 3G"                                                                              , "2.0"      , "170.0"
"259" , "PO00259", "USD-COMPRA", "purchase", "PADRE"                                                                                                                              , ""         , ""
""    , ""       , ""          , ""        , "  └─ DISCO DURO 1TB SURVEILLANCE - SEAGATE"                                                                                         , "20.0"     , "48.51"
""    , ""       , ""          , ""        , "  └─ DISCO DURO 2TB SURVEILLANCE - SEAGATE"                                                                                         , "20.0"     , "60.61"
""    , ""       , ""          , ""        , "  └─ MicroSD de 128 Gb"                                                                                                             , "10.0"     , "15.18"
"254" , "PO00254", "USD-COMPRA", "purchase", "PADRE"                                                                                                                              , ""         , ""
""    , ""       , ""          , ""        , "  └─ Modulo expansor 8 zonas DSC"                                                                                                   , "20.0"     , "22.0"
""    , ""       , ""          , ""        , "  └─ PLACA DE ALARMA DSC 8 - 64 ZONAS"                                                                                              , "2.0"      , "76.0"
""    , ""       , ""          , ""        , "  └─ Detector IR pet immune DSC"                                                                                                    , "36.0"     , "9.5"
""    , ""       , ""          , ""        , "  └─ Teclado LCD a iconos para 64 zonas DSC"                                                                                        , "10.0"     , "44.0"
""    , ""       , ""          , ""        , "  └─ Detector de Ruptura de Cristal DG-50 DSC"                                                                                      , "10.0"     , "18.0"
"253" , "PO00253", "USD-COMPRA", "purchase", "PADRE"                                                                                                                              , ""         , ""
""    , ""       , ""          , ""        , "  └─ Aplique de placa perforadora"                                                                                                  , "1.0"      , "144.0"
""    , ""       , ""          , ""        , "  └─ Módulo alto en aglomerado melaminico color GRIS con fondo grafito 130x240"                                                     , "1.0"      , "792.0"
"252" , "PO00252", "USD-COMPRA", "purchase", "PADRE"                                                                                                                              , ""         , ""
""    , ""       , ""          , ""        , "  └─ Rociador colgante 1/2pulg TY3231 GRINNEL"                                                                                      , "20.0"     , "5.04"
"251" , "PO00251", "USD-COMPRA", "purchase", "PADRE"                                                                                                                              , ""         , ""
""    , ""       , ""          , ""        , "  └─ Mesa de reuniones FLOW"                                                                                                        , "1.0"      , "585.0"
""    , ""       , ""          , ""        , "  └─ Adicional a Divisoria Flow"                                                                                                    , "1.0"      , "81.0"
""    , ""       , ""          , ""        , "  └─ Puerta Vaiben con bisagra"                                                                                                     , "1.0"      , "99.0"
""    , ""       , ""          , ""        , "  └─ Escritorios para laboratorios de electrónica"                                                                                  , "2.0"      , "846.0"
""    , ""       , ""          , ""        , "  └─ Mesada de apoyo STAFF"                                                                                                         , "2.0"      , "211.5"
""    , ""       , ""          , ""        , "  └─ Archivador alto STAFF"                                                                                                         , "1.0"      , "252.0"
""    , ""       , ""          , ""        , "  └─ Silla operativa Staff"                                                                                                         , "3.0"      , "193.5"
""    , ""       , ""          , ""        , "  └─ Escritorio Operativo STAFF"                                                                                                    , "1.0"      , "189.0"
""    , ""       , ""          , ""        , "  └─ Cajonera rodante STAFF"                                                                                                        , "1.0"      , "171.0"
""    , ""       , ""          , ""        , "  └─ Silla Operativa STAFF  respaldo alto "                                                                                         , "1.0"      , "220.5"
""    , ""       , ""          , ""        , "  └─ Módulo alto"                                                                                                                   , "2.0"      , "954.0"
""    , ""       , ""          , ""        , "  └─ Escritorio Operativo STAFF"                                                                                                    , "1.0"      , "189.0"
""    , ""       , ""          , ""        , "  └─ Cajonera rodante STAFF"                                                                                                        , "1.0"      , "171.0"
"246" , "PO00246", "USD-COMPRA", "purchase", "PADRE"                                                                                                                              , ""         , ""
""    , ""       , ""          , ""        , "  └─ CONTACTO MAGNETICO INALAMBRICO CON INTERRUPTOR DSC"                                                                            , "35.0"     , "23.0"
"244" , "PO00244", "USD-COMPRA", "purchase", "PADRE"                                                                                                                              , ""         , ""
""    , ""       , ""          , ""        , "  └─ CONTACTO MAGNETICO INALAMBRICO CON INTERRUPTOR DSC"                                                                            , "10.0"     , "23.0"
""    , ""       , ""          , ""        , "  └─ DETECTOR INFRARROJO INALAMBRICO DSC"                                                                                           , "2.0"      , "31.0"
""    , ""       , ""          , ""        , "  └─ Detector IR pet immune DSC"                                                                                                    , "30.0"     , "9.5"
""    , ""       , ""          , ""        , "  └─ Control Wireless 4 Botones DSC"                                                                                                , "2.0"      , "31.0"
""    , ""       , ""          , ""        , "  └─ Gabinete metalico P/PC 1832/1864 - DSC"                                                                                        , "15.0"     , "12.0"
""    , ""       , ""          , ""        , "  └─ Kit panel 4-8zonas con teclado DSC"                                                                                            , "8.0"      , "44.0"
""    , ""       , ""          , ""        , "  └─ Kit panel 18-32 zonas con teclado PK5501"                                                                                      , "10.0"     , "74.0"
""    , ""       , ""          , ""        , "  └─ Base de montaje para sensores PIR de la linea “LC”"                                                                            , "20.0"     , "1.8"
"243" , "PO00243", "USD-COMPRA", "purchase", "PADRE"                                                                                                                              , ""         , ""
""    , ""       , ""          , ""        , "  └─ Cámara térmica de mano"                                                                                                        , "1.0"      , "10.0"
""    , ""       , ""          , ""        , "  └─ Monitor TFT-LCD de 7`"                                                                                                         , "1.0"      , "20.0"
""    , ""       , ""          , ""        , "  └─ Switch Poe 4 puertos Fast Ethernet"                                                                                            , "1.0"      , "1.0"
""    , ""       , ""          , ""        , "  └─ Swicth Poe 8 puertos 10/100/1000Mbps"                                                                                          , "1.0"      , "1.0"
""    , ""       , ""          , ""        , "  └─ HDD Sata 1TB - Toshiba Dahua"                                                                                                  , "1.0"      , "20.0"
""    , ""       , ""          , ""        , "  └─ Grabador IP de 16 canales"                                                                                                     , "1.0"      , "20.0"
""    , ""       , ""          , ""        , "  └─ CVR móvil de 12 canales (8 CVI + 4 IP)"                                                                                        , "1.0"      , "20.0"
""    , ""       , ""          , ""        , "  └─ Lector de Reconocimiento facial con medición de temperatura en brazo"                                                          , "1.0"      , "20.0"
""    , ""       , ""          , ""        , "  └─ Cámara móvil de corporal"                                                                                                      , "1.0"      , "10.0"
""    , ""       , ""          , ""        , "  └─ Cámara de red domo focal fija IR de 2MP Lite AI"                                                                               , "1.0"      , "20.0"
""    , ""       , ""          , ""        , "  └─ DH-IPC-HDW8341XP-3D"                                                                                                           , "1.0"      , "10.0"
""    , ""       , ""          , ""        , "  └─ Cable de conexión terminado con toma y clavija M12 4-pin."                                                                     , "4.0"      , "1.0"
""    , ""       , ""          , ""        , "  └─ Cable de extensión de 3 metros con conector"                                                                                   , "1.0"      , "10.0"
""    , ""       , ""          , ""        , "  └─ MC-AF6-RJ45FAF6"                                                                                                               , "1.0"      , "1.0"
""    , ""       , ""          , ""        , "  └─ Cable para alimentar la grabadora móvil directamente desde la batería del vehículo"                                            , "2.0"      , "10.0"
"242" , "PO00242", "USD-COMPRA", "purchase", "PADRE"                                                                                                                              , ""         , ""
""    , ""       , ""          , ""        , "  └─ Pedestal UltraPost VI Primario SENSORMATIC"                                                                                    , "4.0"      , "497.5303"
""    , ""       , ""          , ""        , "  └─ Pedestal UltraPost VI Secundario SENSORMATIC"                                                                                  , "5.0"      , "318.4697"
""    , ""       , ""          , ""        , "  └─ Pedestal Ultra 1.8 Primario SENSORMATIC"                                                                                       , "8.0"      , "481.9302"
""    , ""       , ""          , ""        , "  └─ Pedestal Ultra 1.8 Secundario SENSORMATIC"                                                                                     , "1.0"      , "227.14"
""    , ""       , ""          , ""        , "  └─ KIT Desactivador Electrзnico AMB 2011 SENSORMATIC"                                                                             , "50.0"     , "205.4214"
""    , ""       , ""          , ""        , "  └─ Etiqueta Adhesiva AM DR SENSORMATIC"                                                                                           , "200000.0" , "0.0194"
""    , ""       , ""          , ""        , "  └─ Etiqueta Adhesiva AM SENSORMATIC"                                                                                              , "1490000.0", "0.014"
""    , ""       , ""          , ""        , "  └─ Etiqueta adhesiva - PS1 - Sensormatic"                                                                                         , "10000.0"  , "0.014"
"240" , "PO00240", "USD-COMPRA", "purchase", "PADRE"                                                                                                                              , ""         , ""
""    , ""       , ""          , ""        , "  └─ Micro SD 64GB"                                                                                                                 , "50.0"     , "7.48"
"238" , "PO00238", "USD-COMPRA", "purchase", "PADRE"                                                                                                                              , ""         , ""
""    , ""       , ""          , ""        , "  └─ Domo IP de 2MP Full Color"                                                                                                     , "30.0"     , "25.0"
""    , ""       , ""          , ""        , "  └─ Bullet Full HD 1080p IR 40m"                                                                                                   , "200.0"    , "12.0"
""    , ""       , ""          , ""        , "  └─ Bullet 720p HDCVI - DAHUA"                                                                                                     , "400.0"    , "7.5"
""    , ""       , ""          , ""        , "  └─ Domo 720p HDCVI lente 2.8mm"                                                                                                   , "200.0"    , "6.5"
""    , ""       , ""          , ""        , "  └─ Bullet Full HD 1080p 3.6MM"                                                                                                    , "200.0"    , "8.99"
""    , ""       , ""          , ""        , "  └─ Bullet Full HD 1080p IR 80m"                                                                                                   , "100.0"    , "15.0"
""    , ""       , ""          , ""        , "  └─ XVR de 4 canales HDCVI Pentahíbrido 1080p Lite  720p."                                                                         , "30.0"     , "20.9"
""    , ""       , ""          , ""        , "  └─ XVR de 8 canales HDCVI Pentahíbrido 1080p Lite  720p."                                                                         , "60.0"     , "24.9"
""    , ""       , ""          , ""        , "  └─ XVR de 16 canales HDCVI Pentahíbrido 1080p Lite  720p"                                                                         , "40.0"     , "73.9"
"235" , "PO00235", "USD-COMPRA", "purchase", "PADRE"                                                                                                                              , ""         , ""
""    , ""       , ""          , ""        , "  └─ Spiedo eléctrico de 25`"                                                                                                       , "1.0"      , "73.0"
""    , ""       , ""          , ""        , "  └─ Pala pizzera"                                                                                                                  , "1.0"      , "12.8"
""    , ""       , ""          , ""        , "  └─ Cortador ovalado para pizzas"                                                                                                  , "1.0"      , "3.3"
""    , ""       , ""          , ""        , "  └─ Pala para cenizas de acero inoxidable"                                                                                         , "1.0"      , "3.7"
""    , ""       , ""          , ""        , "  └─ Guante de barbacoa a prueba de calor TOPQ"                                                                                     , "1.0"      , "7.6"
""    , ""       , ""          , ""        , "  └─ Olla de hierro fundido para juego de barbacoa Kamado"                                                                          , "1.0"      , "20.5"
""    , ""       , ""          , ""        , "  └─ Cepillo de limpieza de rejilla de acero"                                                                                       , "1.0"      , "2.5"
""    , ""       , ""          , ""        , "  └─ Parrilla para pollos múltiples"                                                                                                , "1.0"      , "7.3"
""    , ""       , ""          , ""        , "  └─ Cesta para carbón de acero inoxidable"                                                                                         , "1.0"      , "23.8"
""    , ""       , ""          , ""        , "  └─ Parrillas de cocción superiores"                                                                                               , "1.0"      , "11.2"
""    , ""       , ""          , ""        , "  └─ Parrilla de acero inoxidable para barbacoa"                                                                                    , "1.0"      , "5.3"
""    , ""       , ""          , ""        , "  └─ Vajilla cuadrada de acero inoxidable"                                                                                          , "1.0"      , "6.0"
""    , ""       , ""          , ""        , "  └─ Bandejas de bambu para domo kamado"                                                                                            , "2.0"      , "16.5"
"234" , "PO00234", "USD-COMPRA", "purchase", "PADRE"                                                                                                                              , ""         , ""
""    , ""       , ""          , ""        , "  └─ Terminal Tactil de Auto  servicio  con Pantalla de 21.5`"                                                                      , "1.0"      , "910.0"
""    , ""       , ""          , ""        , "  └─ Terminal Tactil de Auto  servicio  con Pantalla de 21.5`"                                                                      , "1.0"      , "1120.0"
""    , ""       , ""          , ""        , "  └─ Terminal Tactil de Auto  servicio  con Pantalla de 27`"                                                                        , "1.0"      , "1320.0"
"233" , "PO00233", "USD-COMPRA", "purchase", "PADRE"                                                                                                                              , ""         , ""
""    , ""       , ""          , ""        , "  └─ Modulo expansor 8 zonas DSC"                                                                                                   , "5.0"      , "22.0"
""    , ""       , ""          , ""        , "  └─ Kit panel 18-32 zonas con teclado PK5501"                                                                                      , "20.0"     , "74.0"
""    , ""       , ""          , ""        , "  └─ Detector IR pet immune DSC"                                                                                                    , "36.0"     , "9.5"
""    , ""       , ""          , ""        , "  └─ Transformador 220-16. 5V 4A"                                                                                                   , "15.0"     , "8.5"
""    , ""       , ""          , ""        , "  └─ Gabinete metalico P/PC 1832/1864 - DSC"                                                                                        , "18.0"     , "12.0"
""    , ""       , ""          , ""        , "  └─ Sirena para exterior 15W DSC"                                                                                                  , "10.0"     , "4.5"
""    , ""       , ""          , ""        , "  └─ Teclado LCD alfanumerico 64zonas con 5 term DSC"                                                                               , "5.0"      , "68.0"
""    , ""       , ""          , ""        , "  └─ Teclado LCD a iconos para 64 zonas DSC"                                                                                        , "5.0"      , "44.0"
"232" , "PO00232", "USD-COMPRA", "purchase", "PADRE"                                                                                                                              , ""         , ""
""    , ""       , ""          , ""        , "  └─ Rociador colgante 1/2pulg TY3231 GRINNEL"                                                                                      , "51.0"     , "7.11"
""    , ""       , ""          , ""        , "  └─ Acc para Sprinkler 5/8IN ADJ 2 PC ESCUT CHROM GRINNEL"                                                                         , "32.0"     , "1.691"
"228" , "PO00228", "USD-COMPRA", "purchase", "PADRE"                                                                                                                              , ""         , ""
""    , ""       , ""          , ""        , "  └─ DISCO DURO 4TB SURVEILLANCE - SEAGATE"                                                                                         , "10.0"     , "107.25"
"227" , "PO00227", "USD-COMPRA", "purchase", "PADRE"                                                                                                                              , ""         , ""
""    , ""       , ""          , ""        , "  └─ Pulsador manual Simple SECUTRON"                                                                                               , "1000.0"   , "10.9"
""    , ""       , ""          , ""        , "  └─ Detector Termovelocimetrico 57° System Sensor"                                                                                 , "200.0"    , "10.35"
"225" , "PO00225", "USD-COMPRA", "purchase", "PADRE"                                                                                                                              , ""         , ""
""    , ""       , ""          , ""        , "  └─ Detector IR pet immune DSC"                                                                                                    , "36.0"     , "9.5"
"224" , "PO00224", "USD-COMPRA", "purchase", "PADRE"                                                                                                                              , ""         , ""
""    , ""       , ""          , ""        , "  └─ Cerradura Electromagnetica 180kg ZUDSEC"                                                                                       , "400.0"    , "10.9"
""    , ""       , ""          , ""        , "  └─ Soporte en U para cerradura de 180kg ZUDSEC"                                                                                   , "150.0"    , "2.9"
""    , ""       , ""          , ""        , "  └─ Soporte en L para cerradura de 180kg ZUDSEC"                                                                                   , "150.0"    , "2.5"
""    , ""       , ""          , ""        , "  └─ Cerradura Electromagnetica de 280KG con LED ZUDSEC"                                                                            , "500.0"    , "13.5"
""    , ""       , ""          , ""        , "  └─ Soporte en U para cerradura de 280KG ZUDSEC"                                                                                   , "50.0"     , "3.8"
""    , ""       , ""          , ""        , "  └─ Botón de apertura/salida EXIT ZUDSEC"                                                                                          , "150.0"    , "4.95"
""    , ""       , ""          , ""        , "  └─ Botón de salida Touch - Black"                                                                                                 , "50.0"     , "4.49"
""    , ""       , ""          , ""        , "  └─ Botón de liberación para  puertas ZUDSEC"                                                                                      , "100.0"    , "3.98"
""    , ""       , ""          , ""        , "  └─ Teclado Multifuncion standalone con luz azul ZUDSEC"                                                                           , "20.0"     , "11.98"
""    , ""       , ""          , ""        , "  └─ Controlador de Acceso RFID huella/tarjeta/contraseña"                                                                          , "50.0"     , "26.5"
""    , ""       , ""          , ""        , "  └─ Interruptor de control inalambrico 4 ch OUTPUT ZUDSEC"                                                                         , "20.0"     , "5.95"
""    , ""       , ""          , ""        , "  └─ Mando a distancia inalámbrico"                                                                                                 , "50.0"     , "2.49"
""    , ""       , ""          , ""        , "  └─ Brazo hidráulico para puertas de 60-80kg. Aluminio de alta durabilidad  1 6 kg. Ángulo máximo de 180°"                         , "50.0"     , "12.5"
""    , ""       , ""          , ""        , "  └─ Fuente de alimentación de control de acceso ZUDSEC"                                                                            , "150.0"    , "8.9"
""    , ""       , ""          , ""        , "  └─ Videoportero con Display LCD de 7plg ZUDSEC"                                                                                   , "10.0"     , "46.5"
""    , ""       , ""          , ""        , "  └─ Contacto magnetico adhesivo blanco ZUDSEC"                                                                                     , "5000.0"   , "0.49"
""    , ""       , ""          , ""        , "  └─ Contacto magnetico adhesivo marron ZUDSEC"                                                                                     , "5000.0"   , "0.49"
""    , ""       , ""          , ""        , "  └─ Sensor de puerta para embutir MARRON ZUDSEC"                                                                                   , "500.0"    , "0.58"
""    , ""       , ""          , ""        , "  └─ Botón de Emergencia ZUDSEC"                                                                                                    , "300.0"    , "0.58"
""    , ""       , ""          , ""        , "  └─ Sirena audio visual fire  DC24V ZUDSEC"                                                                                        , "400.0"    , "5.95"
""    , ""       , ""          , ""        , "  └─ Sirena Audiovisual Incendio 3 tonos 110dB 12V ZUDSEC"                                                                          , "300.0"    , "5.95"
""    , ""       , ""          , ""        , "  └─ Sirena blanca 12V 30W ZUDSEC"                                                                                                  , "100.0"    , "6.98"
""    , ""       , ""          , ""        , "  └─ Sirena Audiovisual Blanca y Roja 12V ZUDSEC"                                                                                   , "100.0"    , "2.0"
""    , ""       , ""          , ""        , "  └─ Sirena cableada tipo rompetimpano 12v ZUDSEC"                                                                                  , "50.0"     , "1.75"
""    , ""       , ""          , ""        , "  └─ Transformador 220v 16 5v 2amper ZUDSEC"                                                                                        , "150.0"    , "2.75"
""    , ""       , ""          , ""        , "  └─ Fuente de 12v 5amper 4ch con gabinete y fusilera ZUDSEC"                                                                       , "150.0"    , "6.98"
""    , ""       , ""          , ""        , "  └─ Fuente de 12v 10amper 8ch con gabinete y fusilera ZUDSEC"                                                                      , "300.0"    , "9.9"
""    , ""       , ""          , ""        , "  └─ Fuente con fusilera 12V 20AM 18ch ZUDSEC"                                                                                      , "150.0"    , "14.5"
""    , ""       , ""          , ""        , "  └─ Fuente de alimentación 12v 5 A - ZUDSEC"                                                                                       , "200.0"    , "5.2"
""    , ""       , ""          , ""        , "  └─ Fuente de 12v 10amper ZUDSEC"                                                                                                  , "300.0"    , "6.7"
""    , ""       , ""          , ""        , "  └─ Fuente de 12v 20amper ZUDSEC"                                                                                                  , "300.0"    , "9.5"
""    , ""       , ""          , ""        , "  └─ Fuente de alimentacion tipo cargador 12V 2A ZUDSEC"                                                                            , "500.0"    , "2.5"
""    , ""       , ""          , ""        , "  └─ FUENTE DE ALIMENTACION TIPO CARGADOR 12V 1A ZUDSEC"                                                                            , "50.0"     , "1.5"
""    , ""       , ""          , ""        , "  └─ Video Balun HDTV/CVBS ZUDSEC"                                                                                                  , "6000.0"   , "0.99"
""    , ""       , ""          , ""        , "  └─ Microfono para CCTV con regulador de volumen ZUDSEC"                                                                           , "30.0"     , "2.25"
""    , ""       , ""          , ""        , "  └─ Video Balun HDCVI/AHD/HDTVI/CVBS ZUDSEC"                                                                                       , "500.0"    , "1.59"
""    , ""       , ""          , ""        , "  └─ Conector enchufe DC ZUDSEC"                                                                                                    , "15000.0"  , "0.07"
""    , ""       , ""          , ""        , "  └─ CONECTOR RJ45 CAT 5 ZUDSEC"                                                                                                    , "5000.0"   , "0.03"
""    , ""       , ""          , ""        , "  └─ Tarjeta de proximidad delgada ZUDSEC"                                                                                          , "6000.0"   , "0.23"
""    , ""       , ""          , ""        , "  └─ Camara tipo pin hole 720P turbo HD"                                                                                            , "50.0"     , "16.5"
""    , ""       , ""          , ""        , "  └─ Control de acceso: ZDAC-T2F -DEMO"                                                                                             , "1.0"      , "1.0"
""    , ""       , ""          , ""        , "  └─ FUENTE DE ALIMENTACION PLASTICO 5A 4CH ZUDSEC"                                                                                 , "200.0"    , "6.98"
""    , ""       , ""          , ""        , "  └─ Camara tipo Pir con infrarrojo 720P turbo HD"                                                                                  , "50.0"     , "17.9"
""    , ""       , ""          , ""        , "  └─ Detector de Calor Autónomo ZUDSEC"                                                                                             , "30.0"     , "5.95"
""    , ""       , ""          , ""        , "  └─ Botón de salida de sensor infrarrojo - ZUDSEC"                                                                                 , "100.0"    , "4.95"
""    , ""       , ""          , ""        , "  └─ Tarjeta de identificación de etiqueta de llave ZUDSEC"                                                                         , "500.0"    , "0.25"
""    , ""       , ""          , ""        , "  └─ Tag de proximidad Mifare"                                                                                                      , "500.0"    , "0.29"
""    , ""       , ""          , ""        , "  └─ Timbre inalámbrico interior"                                                                                                   , "10.0"     , "42.46"
""    , ""       , ""          , ""        , "  └─ Housing para cámaras"                                                                                                          , "30.0"     , "8.9"
""    , ""       , ""          , ""        , "  └─ Cargador Zudsec"                                                                                                               , "1000.0"   , "2.15"
"223" , "PO00223", "USD-COMPRA", "purchase", "PADRE"                                                                                                                              , ""         , ""
""    , ""       , ""          , ""        , "  └─ TARJETA DE MEMORIA MICRO SD 32GB"                                                                                              , "50.0"     , "5.28"
"222" , "PO00222", "USD-COMPRA", "purchase", "PADRE"                                                                                                                              , ""         , ""
""    , ""       , ""          , ""        , "  └─ Monitor de 22 pulgadas"                                                                                                        , "1.0"      , "88.0"
""    , ""       , ""          , ""        , "  └─ Estación de trabajo (PC)"                                                                                                      , "1.0"      , "838.0"
"221" , "PO00221", "USD-COMPRA", "purchase", "PADRE"                                                                                                                              , ""         , ""
""    , ""       , ""          , ""        , "  └─ Etiqueta con Lazos de seguridad de acero SENSORMATIC"                                                                          , "800.0"    , "0.342"
"220" , "PO00220", "USD-COMPRA", "purchase", "PADRE"                                                                                                                              , ""         , ""
""    , ""       , ""          , ""        , "  └─ TARJETA DE MEMORIA MICRO SD 32GB"                                                                                              , "50.0"     , "5.28"
"218" , "PO00218", "USD-COMPRA", "purchase", "PADRE"                                                                                                                              , ""         , ""
""    , ""       , ""          , ""        , "  └─ Micro SD 64GB"                                                                                                                 , "50.0"     , "8.25"
"217" , "PO00217", "USD-COMPRA", "purchase", "PADRE"                                                                                                                              , ""         , ""
""    , ""       , ""          , ""        , "  └─ Lector de Reconocimiento facial con medición de temperatura en brazo"                                                          , "10.0"     , "400.0"
"214" , "PO00214", "USD-COMPRA", "purchase", "PADRE"                                                                                                                              , ""         , ""
""    , ""       , ""          , ""        , "  └─ RECEPTOR WIRELESS DSC"                                                                                                         , "10.0"     , "35.0"
""    , ""       , ""          , ""        , "  └─ Kit panel 18-32 zonas con teclado PK5501"                                                                                      , "20.0"     , "74.0"
""    , ""       , ""          , ""        , "  └─ Pulsador tipo rompe vidrio - ZUDSEC"                                                                                           , "10.0"     , "17.0"
""    , ""       , ""          , ""        , "  └─ Gabinete metalico P/PC 1832/1864 - DSC"                                                                                        , "24.0"     , "12.0"
""    , ""       , ""          , ""        , "  └─ Detector IR pet immune DSC"                                                                                                    , "36.0"     , "7.7"
""    , ""       , ""          , ""        , "  └─ Base de montaje para sensores PIR de la linea “LC”"                                                                            , "50.0"     , "1.8"
""    , ""       , ""          , ""        , "  └─ Sirena para exterior 15W DSC"                                                                                                  , "5.0"      , "4.5"
""    , ""       , ""          , ""        , "  └─ Modulo expansor 8 zonas DSC"                                                                                                   , "10.0"     , "22.0"
""    , ""       , ""          , ""        , "  └─ Kit panel 4-8zonas con teclado DSC"                                                                                            , "20.0"     , "44.0"
"210" , "PO00210", "USD-COMPRA", "purchase", "PADRE"                                                                                                                              , ""         , ""
""    , ""       , ""          , ""        , "  └─ Modulo expansor 8 zonas DSC"                                                                                                   , "5.0"      , "22.0"
""    , ""       , ""          , ""        , "  └─ Detector doble tecnologia pet immune & micro DSC"                                                                              , "20.0"     , "22.0"
""    , ""       , ""          , ""        , "  └─ Transformador 220-16. 5V 4A"                                                                                                   , "10.0"     , "8.5"
""    , ""       , ""          , ""        , "  └─ Gabinete metalico P/PC 1832/1864 - DSC"                                                                                        , "12.0"     , "12.0"
"209" , "PO00209", "USD-COMPRA", "purchase", "PADRE"                                                                                                                              , ""         , ""
""    , ""       , ""          , ""        , "  └─ Mini Domo Int 2 8mm 720p TVI/AHD/CVI/CVBS"                                                                                     , "1000.0"   , "8.0"
""    , ""       , ""          , ""        , "  └─ DVR 4ch Turbo Mini 6TB 720p Sin Disco D HIKVISION"                                                                             , "80.0"     , "22.0"
""    , ""       , ""          , ""        , "  └─ DVR 8ch Turbo HD Lite 1080p 1SATA sin disco"                                                                                   , "100.0"    , "27.0"
""    , ""       , ""          , ""        , "  └─ DVR 16ch Turbo HD Lite 1080p 1SATA sin disco HIKVISION"                                                                        , "80.0"     , "46.0"
""    , ""       , ""          , ""        , "  └─ Minidomo 3.6mm 1080p turbo hd TVI/AHD/CVI/CVBS HIKVISION"                                                                      , "300.0"    , "10.0"
""    , ""       , ""          , ""        , "  └─ Domo PTZ 25X 1080P HIKVISION"                                                                                                  , "5.0"      , "169.0"
""    , ""       , ""          , ""        , "  └─ DVR DE 04CH 4MP HIKVISION"                                                                                                     , "30.0"     , "33.0"
""    , ""       , ""          , ""        , "  └─ DVR 08CH 3MP HIKVISION"                                                                                                        , "60.0"     , "52.0"
""    , ""       , ""          , ""        , "  └─ DVR 16CH 3MP HIKVISION"                                                                                                        , "50.0"     , "84.0"
""    , ""       , ""          , ""        , "  └─ DVR 16ch Turbo HD 1080P 1 SATA sin disco HIKVISION"                                                                            , "20.0"     , "100.0"
""    , ""       , ""          , ""        , "  └─ DVR 16ch Turbo HD 3MP 2SATA sin disco HIKVISION"                                                                               , "10.0"     , "110.0"
""    , ""       , ""          , ""        , "  └─ DVR 32ch Turbo HD 2 SATA"                                                                                                      , "5.0"      , "189.0"
""    , ""       , ""          , ""        , "  └─ Bullet IP 2MP Wireless 2.8mm IR30m IP66"                                                                                       , "60.0"     , "33.0"
""    , ""       , ""          , ""        , "  └─ Domo IP 2MP Wireless 2.8mm IR30m IP66 HIKVISION"                                                                               , "30.0"     , "35.0"
""    , ""       , ""          , ""        , "  └─ Camara  IP 2MP HIKVISION"                                                                                                      , "40.0"     , "41.0"
""    , ""       , ""          , ""        , "  └─ Camara  IP Varifocal 2.8-12mm 2MP"                                                                                             , "50.0"     , "78.0"
""    , ""       , ""          , ""        , "  └─ Domo IP 2MP Varif 2.8-12mm con audio"                                                                                          , "10.0"     , "80.0"
""    , ""       , ""          , ""        , "  └─ PTZ IP 2MP 25X HIKVISION"                                                                                                      , "20.0"     , "209.0"
""    , ""       , ""          , ""        , "  └─ Domo IP 4mp 2.8mm IR 30 mts POE IP67"                                                                                          , "100.0"    , "41.0"
""    , ""       , ""          , ""        , "  └─ Bullet IP 4MP 4 0mm IR 30m HIKVISION"                                                                                          , "30.0"     , "60.0"
""    , ""       , ""          , ""        , "  └─ Switch PoE 100Mbps 4-Ports"                                                                                                    , "100.0"    , "21.0"
""    , ""       , ""          , ""        , "  └─ Switch PoE 100Mbps 8-Ports"                                                                                                    , "100.0"    , "39.0"
""    , ""       , ""          , ""        , "  └─ NVR de 8 canales  hasta 8 mp de resolucion ranura de 2HDD de hasta 6 TB"                                                       , "20.0"     , "96.8"
""    , ""       , ""          , ""        , "  └─ NVR 16ch 8MP 2 SATA PoE HIKVISION"                                                                                             , "20.0"     , "132.0"
""    , ""       , ""          , ""        , "  └─ NVR 32ch 4K 4Sata HIKVISION"                                                                                                   , "4.0"      , "270.0"
""    , ""       , ""          , ""        , "  └─ NVR 32 canales 1.5U 4K"                                                                                                        , "4.0"      , "184.0"
""    , ""       , ""          , ""        , "  └─ NVR 4K 64ch HIKVISION"                                                                                                         , "2.0"      , "749.0"
""    , ""       , ""          , ""        , "  └─ NVR 4ch carcaza de plastico 4MP 1 SATA "                                                                                       , "15.0"     , "27.5"
""    , ""       , ""          , ""        , "  └─ Kit Video Portero analog 800x480p"                                                                                             , "30.0"     , "53.0"
""    , ""       , ""          , ""        , "  └─ Kit Video Portero IP 1024x600p"                                                                                                , "5.0"      , "151.0"
""    , ""       , ""          , ""        , "  └─ Kit Panel de control Wireless con keyfob HIKVISION"                                                                            , "20.0"     , "105.0"
""    , ""       , ""          , ""        , "  └─ Wireless Indoor PIR Detector HIKVISION"                                                                                        , "20.0"     , "22.0"
""    , ""       , ""          , ""        , "  └─ Cámara de red de bala fija de 2 MP IR"                                                                                         , "50.0"     , "41.0"
""    , ""       , ""          , ""        , "  └─ Turbo HD DVR"                                                                                                                  , "10.0"     , "137.0"
""    , ""       , ""          , ""        , "  └─ DVR de 24 canales 1080p 1U H.265"                                                                                              , "5.0"      , "116.0"
""    , ""       , ""          , ""        , "  └─ NVR Wi-Fi Mini 1U de 4 canales"                                                                                                , "10.0"     , "43.0"
""    , ""       , ""          , ""        , "  └─ NVR Wi-Fi Mini 1U de 8 canales"                                                                                                , "10.0"     , "47.0"
""    , ""       , ""          , ""        , "  └─ 2 MP IR Fixed Network Turret Camera"                                                                                           , "40.0"     , "29.0"
""    , ""       , ""          , ""        , "  └─ Cámara PTZ IR de red de 4MP 25X"                                                                                               , "2.0"      , "269.0"
""    , ""       , ""          , ""        , "  └─ Mini Domo IP EXIR 2MP 2.8mm IR10m IP66 PoE HIKVISION"                                                                          , "20.0"     , "72.0"
""    , ""       , ""          , ""        , "  └─ Lectora de tarjeta y huella digital HIKVISION"                                                                                 , "20.0"     , "42.0"
""    , ""       , ""          , ""        , "  └─ Bullet 2MP Turbo HD Ultra luz Baja 2.8mm IR20m IP6"                                                                            , "10.0"     , "28.0"
""    , ""       , ""          , ""        , "  └─ Bullet 2mp PIR"                                                                                                                , "20.0"     , "15.7"
""    , ""       , ""          , ""        , "  └─ Cámara de luz ultra baja de 5 MP"                                                                                              , "20.0"     , "40.0"
""    , ""       , ""          , ""        , "  └─ 2MP 32X Network IR PTZ Camera"                                                                                                 , "1.0"      , "329.0"
""    , ""       , ""          , ""        , "  └─ Cámara PTZ IR de red 4MP 32X"                                                                                                  , "1.0"      , "369.0"
""    , ""       , ""          , ""        , "  └─ Speed ​​Dome 4 pulgadas 4 MP 15X con tecnología DarkFighter IR Network Speed ​​Dome"                                               , "1.0"      , "209.0"
""    , ""       , ""          , ""        , "  └─ Wireless Keyfob HIKVISION"                                                                                                     , "3.0"      , "7.8"
""    , ""       , ""          , ""        , "  └─ Boton de liberacion de la puerta HIKVISION"                                                                                    , "60.0"     , "9.5"
""    , ""       , ""          , ""        , "  └─ Lectora de Proximidad HIKVISION"                                                                                               , "10.0"     , "22.0"
""    , ""       , ""          , ""        , "  └─ NVR de 4 canales y 1U 4 PoE 4K"                                                                                                , "5.0"      , "73.0"
""    , ""       , ""          , ""        , "  └─ Panel intercomunicador interno "                                                                                               , "5.0"      , "34.0"
""    , ""       , ""          , ""        , "  └─ Modulo intercomunicador de video HIKVISION"                                                                                    , "10.0"     , "65.0"
""    , ""       , ""          , ""        , "  └─ Cámara de red mini domo fija de infrarrojos de 2 MP"                                                                           , "10.0"     , "60.0"
""    , ""       , ""          , ""        , "  └─ Bullet IP Varifocal 2MP ANPR para chapas"                                                                                      , "1.0"      , "329.0"
""    , ""       , ""          , ""        , "  └─ Contacto magnetico wireless HIKVISION"                                                                                         , "10.0"     , "12.0"
""    , ""       , ""          , ""        , "  └─ Bala Ext HD 2 8mm 1080p TVI/AHD/CVI/CVBS HIKVISION"                                                                            , "800.0"    , "12.0"
"208" , "PO00208", "USD-COMPRA", "purchase", "PADRE"                                                                                                                              , ""         , ""
""    , ""       , ""          , ""        , "  └─ Minidomo 3.6mm 1080p turbo hd TVI/AHD/CVI/CVBS HIKVISION"                                                                      , "600.0"    , "10.0"
""    , ""       , ""          , ""        , "  └─ 4 canales  4 MP  H.265  2 x HDD / SSD Mobile NVR"                                                                              , "1.0"      , "118.0"
"204" , "PO00204", "USD-COMPRA", "purchase", "PADRE"                                                                                                                              , ""         , ""
""    , ""       , ""          , ""        , "  └─ Bullet Int 2 8mm 720p TVI/AHD/CVI/CVBS HIKVISION"                                                                              , "2000.0"   , "8.2"
""    , ""       , ""          , ""        , "  └─ Bala Ext 4EXIR 40m IR 3 6mm 720p TVI/AHD/CVI/CVBS HIKVISION"                                                                   , "64.0"     , "14.0"
""    , ""       , ""          , ""        , "  └─ Kit CCTV de 4 cámaras con DVR"                                                                                                 , "5.0"      , "75.0"
""    , ""       , ""          , ""        , "  └─ Kit CCTV de 8 cámaras con DVR"                                                                                                 , "5.0"      , "121.0"
""    , ""       , ""          , ""        , "  └─ Bullet EXIR 2MP Turbo HD 3.6mm IR40m IP66"                                                                                     , "120.0"    , "18.5"
""    , ""       , ""          , ""        , "  └─ Bala Ext 2.8 - 12mm 1080p HIKVISION"                                                                                           , "36.0"     , "26.0"
""    , ""       , ""          , ""        , "  └─ Domo Full Color 2MP Turbo HD 2.8 mm  IP67"                                                                                     , "50.0"     , "33.0"
""    , ""       , ""          , ""        , "  └─ Domo  5mp 2.8mm  IR 20 mts"                                                                                                    , "40.0"     , "19.0"
""    , ""       , ""          , ""        , "  └─ DS-2CD1023G0E-I"                                                                                                               , "300.0"    , "29.0"
""    , ""       , ""          , ""        , "  └─ Domo fija de 2 MP cámara de red"                                                                                               , "300.0"    , "31.0"
""    , ""       , ""          , ""        , "  └─ Domo IP 2MP 2.8mm IR 20m HIKVISION"                                                                                            , "30.0"     , "41.0"
""    , ""       , ""          , ""        , "  └─ Bullet IP 4MP 2.8mm IR auto IP67"                                                                                              , "150.0"    , "41.0"
""    , ""       , ""          , ""        , "  └─ Camara Wiffi 720p"                                                                                                             , "50.0"     , "18.0"
""    , ""       , ""          , ""        , "  └─ Lectora de tarjeta y contraseña"                                                                                               , "20.0"     , "11.0"
""    , ""       , ""          , ""        , "  └─ Bullet 2MP 2.8mm 25 mts"                                                                                                       , "100.0"    , "16.0"
""    , ""       , ""          , ""        , "  └─ Cámara de torreta fija de audio de 2 MP para interiores"                                                                       , "200.0"    , "15.0"
""    , ""       , ""          , ""        , "  └─ Bullet 5MP 2.8mm 20m IR HD"                                                                                                    , "100.0"    , "18.5"
""    , ""       , ""          , ""        , "  └─ Cámara de red domo fija de 4MP"                                                                                                , "20.0"     , "43.0"
""    , ""       , ""          , ""        , "  └─ CS-CV246 (A0-1C2WFR)"                                                                                                          , "10.0"     , "26.0"
""    , ""       , ""          , ""        , "  └─ Camara Cubo Ultra IP 2MP 2 8mm IR 20m HIKVISION"                                                                               , "10.0"     , "22.0"
""    , ""       , ""          , ""        , "  └─ Bullet 5MP 2.8mm 20m IR HD"                                                                                                    , "30.0"     , "18.5"
""    , ""       , ""          , ""        , "  └─ INTERNET CAMERA EZVIZ"                                                                                                         , "10.0"     , "56.0"
"196" , "PO00196", "USD-COMPRA", "purchase", "PADRE"                                                                                                                              , ""         , ""
""    , ""       , ""          , ""        , "  └─ Detector humo calor de 2 hilos con UL"                                                                                         , "500.0"    , "6.7"
""    , ""       , ""          , ""        , "  └─ Detector termovelocimétrico de 2 hilos "                                                                                       , "300.0"    , "5.1"
""    , ""       , ""          , ""        , "  └─ Detector de Humo Calor de 4 hilos sin UL"                                                                                      , "1000.0"   , "6.0"
""    , ""       , ""          , ""        , "  └─ Detector de Humo Calor con UL SV"                                                                                              , "2000.0"   , "8.0"
""    , ""       , ""          , ""        , "  └─ Detector termovelocimétrico"                                                                                                   , "500.0"    , "5.7"
""    , ""       , ""          , ""        , "  └─ Pulsador manual de incendio convencional "                                                                                     , "200.0"    , "4.5"
""    , ""       , ""          , ""        , "  └─ Contacto magnético de metal  NC"                                                                                               , "200.0"    , "2.1"
""    , ""       , ""          , ""        , "  └─ Contacto magnético de metal  NC  NO. Con soporte tipo L."                                                                      , "500.0"    , "4.8"
"194" , "PO00194", "USD-COMPRA", "purchase", "PADRE"                                                                                                                              , ""         , ""
""    , ""       , ""          , ""        , "  └─ Lector de reconocimiento facial con medición de temperatura"                                                                   , "1.0"      , "525.0"
""    , ""       , ""          , ""        , "  └─ Soporte para lector de temperatura TPS980T"                                                                                    , "1.0"      , "50.0"
"193" , "PO00193", "USD-COMPRA", "purchase", "PADRE"                                                                                                                              , ""         , ""
""    , ""       , ""          , ""        , "  └─ Detector humo calor de 2 hilos con UL"                                                                                         , "500.0"    , "6.7"
""    , ""       , ""          , ""        , "  └─ Detector termovelocimétrico de 2 hilos "                                                                                       , "500.0"    , "5.1"
""    , ""       , ""          , ""        , "  └─ Detector de Humo Calor de 4 hilos sin UL"                                                                                      , "2000.0"   , "6.0"
""    , ""       , ""          , ""        , "  └─ Detector de Humo Calor con UL SV"                                                                                              , "800.0"    , "8.0"
""    , ""       , ""          , ""        , "  └─ Detector termovelocimétrico"                                                                                                   , "300.0"    , "5.7"
""    , ""       , ""          , ""        , "  └─ Detector termovelocimétrico 2 hilos económico"                                                                                 , "100.0"    , "3.9"
"191" , "PO00191", "USD-COMPRA", "purchase", "PADRE"                                                                                                                              , ""         , ""
""    , ""       , ""          , ""        , "  └─ Micro SD 64GB"                                                                                                                 , "20.0"     , "8.25"
""    , ""       , ""          , ""        , "  └─ TARJETA DE MEMORIA MICRO SD 32GB"                                                                                              , "20.0"     , "5.12"
""    , ""       , ""          , ""        , "  └─ MicroSD de 128 Gb"                                                                                                             , "20.0"     , "18.59"
"189" , "PO00189", "USD-COMPRA", "purchase", "PADRE"                                                                                                                              , ""         , ""
""    , ""       , ""          , ""        , "  └─ Panel J424-8 Fireclass"                                                                                                        , "15.0"     , "172.8"
""    , ""       , ""          , ""        , "  └─ Sensor térmico analógico FC460 FIRECLASS"                                                                                      , "100.0"    , "15.4856"
""    , ""       , ""          , ""        , "  └─ Sensor Dual Optico Termico FC460PH FIRECLASS"                                                                                  , "500.0"    , "22.1223"
""    , ""       , ""          , ""        , "  └─ BASE 4B 4` - FIRECLASS"                                                                                                        , "500.0"    , "1.9119"
""    , ""       , ""          , ""        , "  └─ Pulsador de alarma direccionable rearmable FC420CP-I FIRECLASS"                                                                , "20.0"     , "22.7675"
""    , ""       , ""          , ""        , "  └─ Sirena de pared direccionable FC440AIR VID - Fireclass"                                                                        , "20.0"     , "68.156"
""    , ""       , ""          , ""        , "  └─ Programador de elementos de lazos. FC490ST FIRECLASS"                                                                          , "1.0"      , "176.59"
""    , ""       , ""          , ""        , "  └─ FR2000 Espejo Para Barrera FireOne"                                                                                            , "45.0"     , "22.4451"
""    , ""       , ""          , ""        , "  └─ Descuentos - Compras"                                                                                                          , "-1.0"     , "0.03"
"188" , "PO00188", "USD-COMPRA", "purchase", "PADRE"                                                                                                                              , ""         , ""
""    , ""       , ""          , ""        , "  └─ CABLE DE DATOS 18/2 AWG MALLADO"                                                                                               , "30500.0"  , "0.3258"
"181" , "PO00181", "USD-COMPRA", "purchase", "PADRE"                                                                                                                              , ""         , ""
""    , ""       , ""          , ""        , "  └─ 1190 eas ant acrylic cg ins"                                                                                                   , "1.0"      , "1200.071"
"180" , "PO00180", "USD-COMPRA", "purchase", "PADRE"                                                                                                                              , ""         , ""
""    , ""       , ""          , ""        , "  └─ Domo kamado de 25 pulgadas color rojo"                                                                                         , "5.0"      , "392.0"
""    , ""       , ""          , ""        , "  └─ Domo kamado de 25 pulgadas color negro"                                                                                        , "12.0"     , "392.0"
""    , ""       , ""          , ""        , "  └─ Domo kamado de 25 pulgadas color verde"                                                                                        , "2.0"      , "392.0"
""    , ""       , ""          , ""        , "  └─ Domo kamado de 21 pulgadas color rojo"                                                                                         , "7.0"      , "291.0"
""    , ""       , ""          , ""        , "  └─ Domo kamado de 21 pulgadas color negro"                                                                                        , "13.0"     , "291.0"
""    , ""       , ""          , ""        , "  └─ Domo kamado de 21 pulgadas color verde"                                                                                        , "3.0"      , "291.0"
""    , ""       , ""          , ""        , "  └─ Domo kamado de 15 pulgadas color rojo"                                                                                         , "5.0"      , "100.0"
""    , ""       , ""          , ""        , "  └─ Domo kamado de 15 pulgadas color negro"                                                                                        , "8.0"      , "100.0"
""    , ""       , ""          , ""        , "  └─ Domo kamado de 15 pulgadas color verde"                                                                                        , "2.0"      , "100.0"
""    , ""       , ""          , ""        , "  └─ Elevador con piedra para hornear 15`"                                                                                          , "5.0"      , "14.0"
""    , ""       , ""          , ""        , "  └─ Piedra para hornear 420"                                                                                                       , "10.0"     , "10.6"
""    , ""       , ""          , ""        , "  └─ Piedra para hornear 365"                                                                                                       , "12.0"     , "8.6"
""    , ""       , ""          , ""        , "  └─ Pala pizzera"                                                                                                                  , "10.0"     , "13.6"
""    , ""       , ""          , ""        , "  └─ Difusor de calor 21`"                                                                                                          , "30.0"     , "14.8"
""    , ""       , ""          , ""        , "  └─ Difusor de calor 25`"                                                                                                          , "25.0"     , "22.3"
""    , ""       , ""          , ""        , "  └─ Cobertor de tela impermeable para kamado de 25`"                                                                               , "20.0"     , "8.8"
""    , ""       , ""          , ""        , "  └─ Cobertor de tela impermeable para kamado de 21`"                                                                               , "25.0"     , "8.3"
""    , ""       , ""          , ""        , "  └─ Cobertor de tela impermeable para kamado de 15`"                                                                               , "15.0"     , "7.8"
""    , ""       , ""          , ""        , "  └─ Pinza para cocción"                                                                                                            , "44.0"     , "2.5"
""    , ""       , ""          , ""        , "  └─ Spiedo eléctrico de 25`"                                                                                                       , "3.0"      , "73.0"
""    , ""       , ""          , ""        , "  └─ Spiedo eléctrico de 21`"                                                                                                       , "3.0"      , "70.0"
""    , ""       , ""          , ""        , "  └─ Sartén de hierro fundido Pequeño"                                                                                              , "10.0"     , "4.5"
""    , ""       , ""          , ""        , "  └─ Sartén de hierro fundido Grande"                                                                                               , "10.0"     , "7.7"
""    , ""       , ""          , ""        , "  └─ Patas para kamado de 15`"                                                                                                      , "10.0"     , "29.0"
""    , ""       , ""          , ""        , "  └─ Repuesto anillo de fuego para 25 `"                                                                                            , "3.0"      , "21.5"
""    , ""       , ""          , ""        , "  └─ Fire Ring for 21`"                                                                                                             , "4.0"      , "16.2"
""    , ""       , ""          , ""        , "  └─ Fire Ring for 15`"                                                                                                             , "5.0"      , "12.3"
"179" , "PO00179", "USD-COMPRA", "purchase", "PADRE"                                                                                                                              , ""         , ""
""    , ""       , ""          , ""        , "  └─ Modulo expansor 8 zonas DSC"                                                                                                   , "10.0"     , "22.0"
""    , ""       , ""          , ""        , "  └─ Kit panel 18-32 zonas con teclado PK5501"                                                                                      , "5.0"      , "74.0"
""    , ""       , ""          , ""        , "  └─ Gabinete metalico P/PC 1832/1864 - DSC"                                                                                        , "10.0"     , "12.0"
""    , ""       , ""          , ""        , "  └─ Teclado LCD a iconos para 64 zonas DSC"                                                                                        , "10.0"     , "44.0"
""    , ""       , ""          , ""        , "  └─ PLACA DE ALARMA DSC 8 - 64 ZONAS"                                                                                              , "2.0"      , "69.0"
""    , ""       , ""          , ""        , "  └─ Comunicador celular universal. Versiones 2G y 3G"                                                                              , "1.0"      , "135.0"
""    , ""       , ""          , ""        , "  └─ Base de montaje para sensores PIR de la linea “LC”"                                                                            , "20.0"     , "1.8"
""    , ""       , ""          , ""        , "  └─ Sirena para exterior 15W DSC"                                                                                                  , "10.0"     , "4.5"
""    , ""       , ""          , ""        , "  └─ SIRENA PARA EXTERIOR DE 20W DSC"                                                                                               , "10.0"     , "5.0"
"174" , "PO00174", "USD-COMPRA", "purchase", "PADRE"                                                                                                                              , ""         , ""
""    , ""       , ""          , ""        , "  └─ Etiquetas Adhesiva codigo de barra  logo AJ"                                                                                   , "2400.0"   , "0.13"
""    , ""       , ""          , ""        , "  └─ Etiquetas Adhesiva base metálica  logo AJ"                                                                                     , "1800.0"   , "0.6"
""    , ""       , ""          , ""        , "  └─ Etiqueta adhesiva Dura color negro  logo Aj"                                                                                   , "2400.0"   , "0.6"
"173" , "PO00173", "USD-COMPRA", "purchase", "PADRE"                                                                                                                              , ""         , ""
""    , ""       , ""          , ""        , "  └─ Soporte de pared para radar"                                                                                                   , "1.0"      , "12.0"
""    , ""       , ""          , ""        , "  └─ Bullet Int 2 8mm 720p TVI/AHD/CVI/CVBS HIKVISION"                                                                              , "1800.0"   , "8.2"
""    , ""       , ""          , ""        , "  └─ Mini Domo Int 2 8mm 720p TVI/AHD/CVI/CVBS"                                                                                     , "1200.0"   , "7.7"
""    , ""       , ""          , ""        , "  └─ Bala Ext 4EXIR 40m IR 3 6mm 720p TVI/AHD/CVI/CVBS HIKVISION"                                                                   , "100.0"    , "14.0"
""    , ""       , ""          , ""        , "  └─ DVR 4ch Turbo Mini 6TB 720p Sin Disco D HIKVISION"                                                                             , "60.0"     , "21.5"
""    , ""       , ""          , ""        , "  └─ DVR 8ch Turbo HD Lite 1080p 1SATA sin disco"                                                                                   , "150.0"    , "27.0"
""    , ""       , ""          , ""        , "  └─ DVR 16ch Turbo HD Lite 1080p 1SATA sin disco HIKVISION"                                                                        , "100.0"    , "46.0"
""    , ""       , ""          , ""        , "  └─ Bala Ext HD 2 8mm 1080p TVI/AHD/CVI/CVBS HIKVISION"                                                                            , "800.0"    , "12.0"
""    , ""       , ""          , ""        , "  └─ Bullet EXIR 2MP Turbo HD 3.6mm IR40m IP66"                                                                                     , "120.0"    , "18.0"
""    , ""       , ""          , ""        , "  └─ Bala Ext 2.8 - 12mm 1080p HIKVISION"                                                                                           , "50.0"     , "26.0"
""    , ""       , ""          , ""        , "  └─ Domo PTZ 25X 1080P HIKVISION"                                                                                                  , "6.0"      , "169.0"
""    , ""       , ""          , ""        , "  └─ DVR DE 04CH 4MP HIKVISION"                                                                                                     , "40.0"     , "32.5"
""    , ""       , ""          , ""        , "  └─ DVR 08CH 3MP HIKVISION"                                                                                                        , "60.0"     , "51.5"
""    , ""       , ""          , ""        , "  └─ DVR 16CH 3MP HIKVISION"                                                                                                        , "40.0"     , "83.0"
""    , ""       , ""          , ""        , "  └─ DVR 4ch Turbo HD 4MP 1 SATA HIKVISION"                                                                                         , "15.0"     , "38.0"
""    , ""       , ""          , ""        , "  └─ DVR 8ch Turbo HD 3MP 1SATA sin disco HIKVISION"                                                                                , "30.0"     , "58.0"
""    , ""       , ""          , ""        , "  └─ DVR 16ch Turbo HD 3MP 2SATA sin disco HIKVISION"                                                                               , "30.0"     , "110.0"
""    , ""       , ""          , ""        , "  └─ DVR 32ch Turbo HD 2 SATA"                                                                                                      , "6.0"      , "189.0"
""    , ""       , ""          , ""        , "  └─ Mini Domo 5MP 2.8mm 20m IR HD HIKVISION"                                                                                       , "80.0"     , "18.0"
""    , ""       , ""          , ""        , "  └─ Bullet 5MP 2.8mm 20m IR HD"                                                                                                    , "50.0"     , "18.0"
""    , ""       , ""          , ""        , "  └─ DVR 16ch Turbo HD 5MP 2SATA sin disco HIKVISION"                                                                               , "15.0"     , "187.0"
""    , ""       , ""          , ""        , "  └─ DVR 4CH Turbo HD 5MP carcaza de plastico HIKVISION"                                                                            , "20.0"     , "52.0"
""    , ""       , ""          , ""        , "  └─ DVR 8CH Turbo HD 8MP carcaza de plastico HIKVISION"                                                                            , "40.0"     , "83.0"
""    , ""       , ""          , ""        , "  └─ DVR 32ch Turbo HD 8MP 4 SATA HIKVISION"                                                                                        , "4.0"      , "589.0"
""    , ""       , ""          , ""        , "  └─ DVR 24ch Turbo HD 8MP 4 SATA HIKVISION"                                                                                        , "4.0"      , "529.0"
""    , ""       , ""          , ""        , "  └─ Camara  IP 2MP HIKVISION"                                                                                                      , "60.0"     , "41.0"
""    , ""       , ""          , ""        , "  └─ Domo IP 2MP 2.8mm IR 20m HIKVISION"                                                                                            , "40.0"     , "41.0"
""    , ""       , ""          , ""        , "  └─ Switch PoE 100Mbps 4-Ports"                                                                                                    , "20.0"     , "21.0"
""    , ""       , ""          , ""        , "  └─ Switch PoE 100Mbps 8-Ports"                                                                                                    , "20.0"     , "39.0"
""    , ""       , ""          , ""        , "  └─ Switch POE 16-PORT"                                                                                                            , "8.0"      , "118.0"
""    , ""       , ""          , ""        , "  └─ NVR de 8 canales  hasta 8 mp de resolucion ranura de 2HDD de hasta 6 TB"                                                       , "8.0"      , "96.8"
""    , ""       , ""          , ""        , "  └─ NVR 16ch 8MP 2 SATA PoE HIKVISION"                                                                                             , "8.0"      , "132.0"
""    , ""       , ""          , ""        , "  └─ NVR 4K 64ch HIKVISION"                                                                                                         , "5.0"      , "749.0"
""    , ""       , ""          , ""        , "  └─ NVR 8ch carcaza de plastico 4MP 1 SATA "                                                                                       , "10.0"     , "31.0"
""    , ""       , ""          , ""        , "  └─ NVR 16ch 8MP 2 SATA"                                                                                                           , "10.0"     , "60.0"
""    , ""       , ""          , ""        , "  └─ Terminal de asistencia de tiempo de huellas dactil"                                                                            , "60.0"     , "41.0"
""    , ""       , ""          , ""        , "  └─ Kit Video Portero IP 1024x600p"                                                                                                , "20.0"     , "151.0"
""    , ""       , ""          , ""        , "  └─ Kit Panel de control Wireless con keyfob HIKVISION"                                                                            , "10.0"     , "105.0"
""    , ""       , ""          , ""        , "  └─ Wireless Indoor PIR Detector HIKVISION"                                                                                        , "20.0"     , "22.0"
""    , ""       , ""          , ""        , "  └─ Bullet turbo HD ColorVu 2MP 40 mts"                                                                                            , "80.0"     , "21.6"
""    , ""       , ""          , ""        , "  └─ Bullet turbo HD ColorVu 2MP 20 mts"                                                                                            , "80.0"     , "18.4"
""    , ""       , ""          , ""        , "  └─ NVR 32ch 4K 4Sata HIKVISION"                                                                                                   , "6.0"      , "184.0"
""    , ""       , ""          , ""        , "  └─ Estación de carga y respaldo de información para Bodycam"                                                                      , "1.0"      , "524.5"
""    , ""       , ""          , ""        , "  └─ Camara Wiffi 720p"                                                                                                             , "100.0"    , "18.0"
""    , ""       , ""          , ""        , "  └─ CÁMARA WIFI C6CN 720P"                                                                                                         , "40.0"     , "24.0"
""    , ""       , ""          , ""        , "  └─ CÁMARA WIFI HUSKY C3WN 1080P"                                                                                                  , "30.0"     , "32.0"
""    , ""       , ""          , ""        , "  └─ INTERNET CAMERA EZVIZ"                                                                                                         , "30.0"     , "56.0"
""    , ""       , ""          , ""        , "  └─ PanoVu Series / PTZ 2 MP 5-50 mm / Cámara de Captura de Objetivo 2 MP / H.265+ / 100 Metros IR / IP66 / Hi-PoE"                , "1.0"      , "550.0"
""    , ""       , ""          , ""        , "  └─ Bullet Turbo HD 2MP 2 8-12mm IR40m IP66 "                                                                                      , "15.0"     , "27.0"
""    , ""       , ""          , ""        , "  └─ Bullet 2mp PIR"                                                                                                                , "30.0"     , "15.7"
""    , ""       , ""          , ""        , "  └─ Domo exir turbo hd 8mp 2.8mm IR 30m"                                                                                           , "30.0"     , "29.0"
""    , ""       , ""          , ""        , "  └─ Intercomunicador Indoor Touch Scream 7pulg HIKVISION"                                                                          , "15.0"     , "56.0"
""    , ""       , ""          , ""        , "  └─ DS-KIS603-P"                                                                                                                   , "5.0"      , "116.0"
""    , ""       , ""          , ""        , "  └─ BULLET PIR 5MP HIKVISION"                                                                                                      , "30.0"     , "20.0"
""    , ""       , ""          , ""        , "  └─ DVR 16ch Turbo HD Lite 1080p 1SATA sin disco HIKVISION"                                                                        , "1.0"      , "46.0"
""    , ""       , ""          , ""        , "  └─ DVR 8ch Turbo HD Lite 1080p 1SATA sin disco"                                                                                   , "1.0"      , "27.0"
""    , ""       , ""          , ""        , "  └─ Bullet Int 2 8mm 720p TVI/AHD/CVI/CVBS HIKVISION"                                                                              , "18.0"     , "8.2"
""    , ""       , ""          , ""        , "  └─ Bala Ext HD 2 8mm 1080p TVI/AHD/CVI/CVBS HIKVISION"                                                                            , "8.0"      , "12.0"
""    , ""       , ""          , ""        , "  └─ Bullet EXIR 2MP Turbo HD 3.6mm IR40m IP66"                                                                                     , "1.0"      , "18.0"
""    , ""       , ""          , ""        , "  └─ Bala Ext 4EXIR 40m IR 3 6mm 720p TVI/AHD/CVI/CVBS HIKVISION"                                                                   , "1.0"      , "14.0"
""    , ""       , ""          , ""        , "  └─ Mini Domo Int 2 8mm 720p TVI/AHD/CVI/CVBS"                                                                                     , "12.0"     , "7.7"
""    , ""       , ""          , ""        , "  └─ Minidomo 3.6mm 1080p turbo hd TVI/AHD/CVI/CVBS HIKVISION"                                                                      , "6.0"      , "10.0"
""    , ""       , ""          , ""        , "  └─ Domo IP PTZ 2MP 2.8-12mm IR20m IK10 IP66 HIKVISION"                                                                            , "8.0"      , "90.0"
""    , ""       , ""          , ""        , "  └─ Sirena Inalámbrica Hikvision"                                                                                                  , "10.0"     , "19.0"
""    , ""       , ""          , ""        , "  └─ Wireless Keyfob HIKVISION"                                                                                                     , "3.0"      , "7.8"
""    , ""       , ""          , ""        , "  └─ Teclado tipo Joystick USB para PTZ HIKVISION"                                                                                  , "4.0"      , "116.0"
""    , ""       , ""          , ""        , "  └─ Lectora de tarjeta y huella digital HIKVISION"                                                                                 , "12.0"     , "42.0"
""    , ""       , ""          , ""        , "  └─ Teclado de acceso autonomo HIKVISION"                                                                                          , "10.0"     , "18.0"
""    , ""       , ""          , ""        , "  └─ Body cam"                                                                                                                      , "2.0"      , "299.0"
""    , ""       , ""          , ""        , "  └─ Body cam"                                                                                                                      , "1.0"      , "149.5"
""    , ""       , ""          , ""        , "  └─ NVR de 4 canales y 1U 4 PoE 4K"                                                                                                , "5.0"      , "73.0"
""    , ""       , ""          , ""        , "  └─ Estación de puerta modular Pro serie KD8"                                                                                      , "3.0"      , "28.0"
""    , ""       , ""          , ""        , "  └─ Soporte plastico de 2 mod para estacion de puerta HIKVISION"                                                                   , "3.0"      , "19.0"
""    , ""       , ""          , ""        , "  └─ Soporte plastico de 3 mod para estacion de puerta"                                                                             , "2.0"      , "24.0"
""    , ""       , ""          , ""        , "  └─ Módulo 4G para NVR móvil"                                                                                                      , "1.0"      , "49.0"
""    , ""       , ""          , ""        , "  └─ Cable de 4 metros cam moviles conector aviacion"                                                                               , "1.0"      , "4.5"
""    , ""       , ""          , ""        , "  └─ Cámara de tacógrafo GPS + 4G) (Lite) 1440P  WiFi"                                                                              , "4.0"      , "241.0"
""    , ""       , ""          , ""        , "  └─ Cámara de tacógrafo GPS + 4G) (Lite) 1440P  WiFi"                                                                              , "1.0"      , "120.5"
""    , ""       , ""          , ""        , "  └─ Cámara de red mini domo fija de infrarrojos de 2 MP"                                                                           , "10.0"     , "60.0"
""    , ""       , ""          , ""        , "  └─ Cámara de red móvil de conteo de personas"                                                                                     , "1.0"      , "449.0"
""    , ""       , ""          , ""        , "  └─ Cámara de red móvil de conteo de personas"                                                                                     , "1.0"      , "224.5"
""    , ""       , ""          , ""        , "  └─ Contacto magnetico wireless HIKVISION"                                                                                         , "30.0"     , "12.0"
""    , ""       , ""          , ""        , "  └─ Radar de seguridad"                                                                                                            , "1.0"      , "532.0"
""    , ""       , ""          , ""        , "  └─ Bateria de Respaldo para panel"                                                                                                , "2.0"      , "15.0"
""    , ""       , ""          , ""        , "  └─ Descuentos - Compras"                                                                                                          , "-1.0"     , "501.3"
"170" , "PO00170", "USD-COMPRA", "purchase", "PADRE"                                                                                                                              , ""         , ""
""    , ""       , ""          , ""        , "  └─ Cerradura Electromagnetica 180kg ZUDSEC"                                                                                       , "200.0"    , "10.9"
""    , ""       , ""          , ""        , "  └─ Soporte en Z paara cerradura de 180kg ZUDSEC"                                                                                  , "100.0"    , "4.6"
""    , ""       , ""          , ""        , "  └─ Cerradura Electromagnetica de 280KG con LED ZUDSEC"                                                                            , "150.0"    , "13.5"
""    , ""       , ""          , ""        , "  └─ Soporte en L para cerradura de 280kg ZUDSEC"                                                                                   , "100.0"    , "2.7"
""    , ""       , ""          , ""        , "  └─ Soporte en Z para cerraduras de 280kg ZUDSEC"                                                                                  , "100.0"    , "4.8"
""    , ""       , ""          , ""        , "  └─ Botón de apertura/salida EXIT ZUDSEC"                                                                                          , "150.0"    , "4.95"
""    , ""       , ""          , ""        , "  └─ Botón de salida de sensor infrarrojo - ZUDSEC"                                                                                 , "50.0"     , "4.95"
""    , ""       , ""          , ""        , "  └─ Pulsador tipo rompe vidrio - ZUDSEC"                                                                                           , "600.0"    , "1.98"
""    , ""       , ""          , ""        , "  └─ Sirena audio visual fire  DC24V ZUDSEC"                                                                                        , "330.0"    , "5.95"
""    , ""       , ""          , ""        , "  └─ Controlador de Acceso RFID huella/tarjeta/contraseña"                                                                          , "20.0"     , "26.5"
""    , ""       , ""          , ""        , "  └─ Controlador de acceso estandar Impermeable ZUDSEC"                                                                             , "150.0"    , "22.9"
""    , ""       , ""          , ""        , "  └─ Control de acceso Biometrico ZUDSEC"                                                                                           , "20.0"     , "44.9"
""    , ""       , ""          , ""        , "  └─ Interruptor de control inalambrico 4 ch OUTPUT ZUDSEC"                                                                         , "20.0"     , "5.95"
""    , ""       , ""          , ""        , "  └─ Fuente de alimentación de control de acceso ZUDSEC"                                                                            , "150.0"    , "8.9"
""    , ""       , ""          , ""        , "  └─ Video Balun HDTV/CVBS ZUDSEC"                                                                                                  , "8000.0"   , "0.99"
""    , ""       , ""          , ""        , "  └─ Extensor de HDMI 60Mts - ZUDSEC"                                                                                               , "20.0"     , "22.0"
""    , ""       , ""          , ""        , "  └─ Transformador 220v a 12v 5amper ZUDSEC"                                                                                        , "80.0"     , "4.68"
""    , ""       , ""          , ""        , "  └─ Fuente con fusilera 12V 20AM 18ch ZUDSEC"                                                                                      , "80.0"     , "14.5"
""    , ""       , ""          , ""        , "  └─ Fuente de 12v 10amper ZUDSEC"                                                                                                  , "100.0"    , "6.7"
""    , ""       , ""          , ""        , "  └─ Fuente de 12v 30amper ZUDSEC"                                                                                                  , "80.0"     , "11.9"
""    , ""       , ""          , ""        , "  └─ Barrera Infrarroja 4 haces 40 mts ZUDSEC"                                                                                      , "10.0"     , "19.8"
""    , ""       , ""          , ""        , "  └─ Kit de alarma Wifi GSM Dual 24 zonas in.+4 zonas ZUDSEC"                                                                       , "5.0"      , "65.5"
""    , ""       , ""          , ""        , "  └─ Kit de alarma inalámbrico GSM/WIFI - ZUDSEC"                                                                                   , "30.0"     , "65.5"
""    , ""       , ""          , ""        , "  └─ Magnetic Contact compatible with ZDAS-Q8"                                                                                      , "80.0"     , "3.5"
""    , ""       , ""          , ""        , "  └─ Detector humo/calor inalámbrico ZUDSEC"                                                                                        , "50.0"     , "8.5"
""    , ""       , ""          , ""        , "  └─ Contacto magnetico adhesivo marron ZUDSEC"                                                                                     , "300.0"    , "0.49"
""    , ""       , ""          , ""        , "  └─ Contacto magnetico adhesivo blanco ZUDSEC"                                                                                     , "300.0"    , "0.49"
""    , ""       , ""          , ""        , "  └─ Sensor de puerta para embutir MARRON ZUDSEC"                                                                                   , "300.0"    , "0.58"
""    , ""       , ""          , ""        , "  └─ Sensor de puerta para embutir color blanco"                                                                                    , "300.0"    , "0.58"
""    , ""       , ""          , ""        , "  └─ Contacto magnetico de metal ZUDSEC"                                                                                            , "4000.0"   , "2.49"
""    , ""       , ""          , ""        , "  └─ Botón de Emergencia ZUDSEC"                                                                                                    , "150.0"    , "0.58"
""    , ""       , ""          , ""        , "  └─ Control de rondas para guardias con lector RFID ZUDSEC"                                                                        , "10.0"     , "49.9"
""    , ""       , ""          , ""        , "  └─ Tarjeta de proximidad EM 125KHz gruesa"                                                                                        , "5000.0"   , "0.25"
""    , ""       , ""          , ""        , "  └─ Tarjeta (Mifare) frecuencia 13.56 MHz ZUDSEC"                                                                                  , "5000.0"   , "0.28"
""    , ""       , ""          , ""        , "  └─ Control de acceso con lector de huellas dactilares"                                                                            , "20.0"     , "46.9"
""    , ""       , ""          , ""        , "  └─ Fuente de alimentación 12v 5 A - ZUDSEC"                                                                                       , "100.0"    , "5.2"
"167" , "PO00167", "USD-COMPRA", "purchase", "PADRE"                                                                                                                              , ""         , ""
""    , ""       , ""          , ""        , "  └─ Pedestal UltraPost VI Primario SENSORMATIC"                                                                                    , "29.0"     , "557.879"
""    , ""       , ""          , ""        , "  └─ Pedestal UltraPost VI Primario SENSORMATIC"                                                                                    , "1.0"      , "557.879"
""    , ""       , ""          , ""        , "  └─ Pedestal UltraPost VI Secundario SENSORMATIC"                                                                                  , "15.0"     , "357.099"
""    , ""       , ""          , ""        , "  └─ Pedestales AMS-1145 DUAL ULTRA 1.8 SENSORMATIC"                                                                                , "15.0"     , "762.37"
""    , ""       , ""          , ""        , "  └─ DESACTIVADOR ELECTRONICO AMB 2011 - SENSORMATIC"                                                                               , "60.0"     , "230.338"
""    , ""       , ""          , ""        , "  └─ Etiqueta Adhesiva AM DR SENSORMATIC"                                                                                           , "350000.0" , "0.0218"
""    , ""       , ""          , ""        , "  └─ Etiqueta Adhesiva AM SENSORMATIC (VPL)"                                                                                        , "500000.0" , "0.012"
""    , ""       , ""          , ""        , "  └─ Etiqueta Dura AMT42 SENSORMATIC"                                                                                               , "20000.0"  , "0.1571"
""    , ""       , ""          , ""        , "  └─ Tachuela cabeza de plastico SENSORMATIC"                                                                                       , "25000.0"  , "0.0333"
""    , ""       , ""          , ""        , "  └─ Etiqueta con Lazos de seguridad de acero SENSORMATIC"                                                                          , "30000.0"  , "0.342"
""    , ""       , ""          , ""        , "  └─ Separador universal negro SENSORMATIC 5kgaus"                                                                                  , "25.0"     , "13.452"
""    , ""       , ""          , ""        , "  └─ Synergy 1170 Charcoal Dual Autocontenido"                                                                                      , "2.0"      , "1405.067"
""    , ""       , ""          , ""        , "  └─ Synergy 1170 Gray Dual Autocontenido"                                                                                          , "4.0"      , "1405.067"
""    , ""       , ""          , ""        , "  └─ Etiqueta AM + RFID 5KG IDTM2225N SENSORMATIC"                                                                                  , "10000.0"  , "0.3604"
"166" , "PO00166", "USD-COMPRA", "purchase", "PADRE"                                                                                                                              , ""         , ""
""    , ""       , ""          , ""        , "  └─ Barra de sonido 4 cuerpos"                                                                                                     , "2.0"      , "247.47"
""    , ""       , ""          , ""        , "  └─ 75` RU7100 UHD Smart TV 4K 2019"                                                                                               , "4.0"      , "2135.7"
""    , ""       , ""          , ""        , "  └─ Soporte de pared para TV  para la mayoría de 42-70 pulgadas LED  y OLED de pantalla plana"                                     , "4.0"      , "119.98"
"162" , "PO00162", "USD-COMPRA", "purchase", "PADRE"                                                                                                                              , ""         , ""
""    , ""       , ""          , ""        , "  └─ DISCO DURO 1TB SURVEILLANCE - SEAGATE"                                                                                         , "20.0"     , "46.6"
""    , ""       , ""          , ""        , "  └─ DISCO DURO 2TB SURVEILLANCE - SEAGATE"                                                                                         , "20.0"     , "64.15"
"160" , "PO00160", "USD-COMPRA", "purchase", "PADRE"                                                                                                                              , ""         , ""
""    , ""       , ""          , ""        , "  └─ MicroSD de 128 Gb"                                                                                                             , "30.0"     , "18.975"
"155" , "PO00155", "USD-COMPRA", "purchase", "PADRE"                                                                                                                              , ""         , ""
""    , ""       , ""          , ""        , "  └─ S855V VERTICAL HANDHELD ALARMING STAND - WHITE"                                                                                , "155.0"    , "22.26"
""    , ""       , ""          , ""        , "  └─ S855V ULP MICRO USB (STANDARD) SENSOR - WHITE"                                                                                 , "155.0"    , "8.48"
""    , ""       , ""          , ""        , "  └─ Programador de llave INVUE"                                                                                                    , "35.0"     , "5.75"
""    , ""       , ""          , ""        , "  └─ Llave de desactivacion INVUE"                                                                                                  , "35.0"     , "11.66"
"154" , "PO00154", "USD-COMPRA", "purchase", "PADRE"                                                                                                                              , ""         , ""
""    , ""       , ""          , ""        , "  └─ Anti-Theft Bracket to LT213"                                                                                                   , "200.0"    , "0.1"
""    , ""       , ""          , ""        , "  └─ Lite Handheld Reader"                                                                                                          , "1.0"      , "106.0"
""    , ""       , ""          , ""        , "  └─ Classic Style 2.13”"                                                                                                           , "200.0"    , "8.4"
""    , ""       , ""          , ""        , "  └─ PD290"                                                                                                                         , "200.0"    , "0.48"
""    , ""       , ""          , ""        , "  └─ ESL Suite 4.0 Lite less 1000 Labels"                                                                                           , "1.0"      , "500.0"
""    , ""       , ""          , ""        , "  └─ Base Station Transfer POE label 2 4 Wireles"                                                                                   , "10.0"     , "118.0"
"153" , "PO00153", "USD-COMPRA", "purchase", "PADRE"                                                                                                                              , ""         , ""
""    , ""       , ""          , ""        , "  └─ Tapa accesorio para Sprinkler"                                                                                                 , "8.0"      , "6.31"
""    , ""       , ""          , ""        , "  └─ Sprinkler Automatico TY-B 1/2 K5.6 155F CHR PD SR GRINNEL"                                                                     , "11.0"     , "4.85"
"151" , "PO00151", "USD-COMPRA", "purchase", "PADRE"                                                                                                                              , ""         , ""
""    , ""       , ""          , ""        , "  └─ Bullet Int 2 8mm 720p TVI/AHD/CVI/CVBS HIKVISION"                                                                              , "1000.0"   , "9.0"
""    , ""       , ""          , ""        , "  └─ Mini Domo Int 2 8mm 720p TVI/AHD/CVI/CVBS"                                                                                     , "500.0"    , "8.0"
""    , ""       , ""          , ""        , "  └─ Bala Ext 4EXIR 40m IR 3 6mm 720p TVI/AHD/CVI/CVBS HIKVISION"                                                                   , "64.0"     , "14.0"
""    , ""       , ""          , ""        , "  └─ DVR 8ch Turbo HD Lite 1080p 1SATA sin disco"                                                                                   , "50.0"     , "28.0"
""    , ""       , ""          , ""        , "  └─ DVR 16ch Turbo HD Lite 1080p 1SATA sin disco HIKVISION"                                                                        , "20.0"     , "49.0"
""    , ""       , ""          , ""        , "  └─ Bala Ext HD 2 8mm 1080p TVI/AHD/CVI/CVBS HIKVISION"                                                                            , "500.0"    , "12.5"
""    , ""       , ""          , ""        , "  └─ Minidomo 3.6mm 1080p turbo hd TVI/AHD/CVI/CVBS HIKVISION"                                                                      , "300.0"    , "11.5"
""    , ""       , ""          , ""        , "  └─ Bala Ext 2.8 - 12mm 1080p HIKVISION"                                                                                           , "40.0"     , "26.0"
""    , ""       , ""          , ""        , "  └─ Domo PTZ 25X 1080P HIKVISION"                                                                                                  , "5.0"      , "179.0"
""    , ""       , ""          , ""        , "  └─ Domo Full Color 2MP Turbo HD 2.8 mm  IP67"                                                                                     , "100.0"    , "26.4"
""    , ""       , ""          , ""        , "  └─ Bullet 2MP ColorVu 2.8"                                                                                                        , "100.0"    , "28.8"
""    , ""       , ""          , ""        , "  └─ Bullet 2 MP ColorVu 2.8"                                                                                                       , "100.0"    , "25.6"
""    , ""       , ""          , ""        , "  └─ DVR 08CH 3MP HIKVISION"                                                                                                        , "40.0"     , "52.0"
""    , ""       , ""          , ""        , "  └─ DVR 16CH 3MP HIKVISION"                                                                                                        , "10.0"     , "84.0"
""    , ""       , ""          , ""        , "  └─ DVR 4ch Turbo HD 4MP 1 SATA HIKVISION"                                                                                         , "10.0"     , "38.0"
""    , ""       , ""          , ""        , "  └─ DVR 16ch Turbo HD 1080P 1 SATA sin disco HIKVISION"                                                                            , "20.0"     , "100.0"
""    , ""       , ""          , ""        , "  └─ DVR 16ch Turbo HD 3MP 2SATA sin disco HIKVISION"                                                                               , "20.0"     , "110.0"
""    , ""       , ""          , ""        , "  └─ DVR 32ch Turbo HD 2 SATA"                                                                                                      , "10.0"     , "189.0"
""    , ""       , ""          , ""        , "  └─ DVR 8ch Turbo HD 5MP 1SATA sin disco HIKVISION"                                                                                , "20.0"     , "94.0"
""    , ""       , ""          , ""        , "  └─ DVR 16ch Turbo HD 5MP 2SATA sin disco HIKVISION"                                                                               , "5.0"      , "189.0"
""    , ""       , ""          , ""        , "  └─ DVR 4CH Turbo HD 5MP carcaza de plastico HIKVISION"                                                                            , "5.0"      , "52.0"
""    , ""       , ""          , ""        , "  └─ DVR 32ch Turbo HD 8MP 4 SATA HIKVISION"                                                                                        , "5.0"      , "589.0"
""    , ""       , ""          , ""        , "  └─ DVR 24ch Turbo HD 8MP 4 SATA HIKVISION"                                                                                        , "5.0"      , "529.0"
""    , ""       , ""          , ""        , "  └─ Mini Domo IP EXIR 2MP 2.8mm IR10m IP66 PoE HIKVISION"                                                                          , "20.0"     , "72.0"
""    , ""       , ""          , ""        , "  └─ Teclado tipo Joystick USB para PTZ HIKVISION"                                                                                  , "5.0"      , "116.0"
""    , ""       , ""          , ""        , "  └─ Bullet IP 8mp 2.8mm IR 30mts POE IP67"                                                                                         , "30.0"     , "90.0"
""    , ""       , ""          , ""        , "  └─ Soporte de pared para Domo HIKVISION"                                                                                          , "20.0"     , "3.0"
""    , ""       , ""          , ""        , "  └─ NVR 16ch 8MP 2 SATA PoE HIKVISION"                                                                                             , "10.0"     , "132.0"
""    , ""       , ""          , ""        , "  └─ NVR 32ch 4K 4Sata HIKVISION"                                                                                                   , "2.0"      , "270.0"
""    , ""       , ""          , ""        , "  └─ NVR 4K 64ch HIKVISION"                                                                                                         , "2.0"      , "749.0"
""    , ""       , ""          , ""        , "  └─ NVR 16ch 8MP 2 SATA"                                                                                                           , "10.0"     , "66.0"
""    , ""       , ""          , ""        , "  └─ Switch POE 16-PORT"                                                                                                            , "10.0"     , "118.0"
""    , ""       , ""          , ""        , "  └─ CÁMARA WIFI MINI O 720P EZVIZ"                                                                                                 , "50.0"     , "24.44"
""    , ""       , ""          , ""        , "  └─ Controlador  de acceso 4 puertas HIKVISION"                                                                                    , "4.0"      , "160.0"
""    , ""       , ""          , ""        , "  └─ Kit Video Portero analog 800x480p"                                                                                             , "5.0"      , "53.0"
""    , ""       , ""          , ""        , "  └─ Modulo intercomunicador de video HIKVISION"                                                                                    , "5.0"      , "65.0"
""    , ""       , ""          , ""        , "  └─ Kit Panel de control Wireless con keyfob HIKVISION"                                                                            , "10.0"     , "105.0"
""    , ""       , ""          , ""        , "  └─ Wireless Indoor PIR Detector HIKVISION"                                                                                        , "15.0"     , "22.0"
""    , ""       , ""          , ""        , "  └─ Panel de Alarma Hibrido Hikvision exp 64 zonas"                                                                                , "2.0"      , "58.1"
""    , ""       , ""          , ""        , "  └─ Bullet 6 mp 2.8mm"                                                                                                             , "20.0"     , "65.0"
""    , ""       , ""          , ""        , "  └─ Domo IP 6MP 2.8mm IR 20mts"                                                                                                    , "20.0"     , "65.0"
""    , ""       , ""          , ""        , "  └─ Bullet IP Varifocal 2MP ANPR para chapas"                                                                                      , "3.0"      , "329.0"
""    , ""       , ""          , ""        , "  └─ Bullet Turbo X 2MP 2.8mm"                                                                                                      , "30.0"     , "24.0"
""    , ""       , ""          , ""        , "  └─ DVR AcuSense de 8ch"                                                                                                           , "20.0"     , "69.0"
""    , ""       , ""          , ""        , "  └─ Descuentos - Compras"                                                                                                          , "-1.0"     , "307.8"
""    , ""       , ""          , ""        , "  └─ DVR AcuSense de 16ch"                                                                                                          , "10.0"     , "121.0"
""    , ""       , ""          , ""        , "  └─ Control de Acceso por Recon Facial ECON"                                                                                       , "5.0"      , "100.0"
""    , ""       , ""          , ""        , "  └─ NVR de 8 canales  hasta 8 mp de resolucion ranura de 2HDD de hasta 6 TB"                                                       , "10.0"     , "96.8"
""    , ""       , ""          , ""        , "  └─ INTERNET CAMERA EZVIZ"                                                                                                         , "20.0"     , "61.6"
""    , ""       , ""          , ""        , "  └─ Kit CCTV de 4 cámaras con DVR"                                                                                                 , "5.0"      , "75.0"
""    , ""       , ""          , ""        , "  └─ Kit CCTV de 8 cámaras con DVR"                                                                                                 , "5.0"      , "121.0"
""    , ""       , ""          , ""        , "  └─ Bullet IP Térmica 384p 25mm"                                                                                                   , "1.0"      , "729.5"
""    , ""       , ""          , ""        , "  └─ Access Controller DS-K1T671TMFW"                                                                                               , "1.0"      , "234.5"
""    , ""       , ""          , ""        , "  └─ Panel de control de Seguridad 8 Imput"                                                                                         , "1.0"      , "101.5"
""    , ""       , ""          , ""        , "  └─ Bullet Turbo HD 2MP 2 8-12mm IR40m IP66 "                                                                                      , "10.0"     , "26.0"
""    , ""       , ""          , ""        , "  └─ Domo IP PoE 4MP Wide Angle 180°"                                                                                               , "5.0"      , "76.0"
""    , ""       , ""          , ""        , "  └─ Domo IP Varifocal 4MP 8-32mm"                                                                                                  , "1.0"      , "249.5"
""    , ""       , ""          , ""        , "  └─ Bullet 2MP ColorVu 2.8"                                                                                                        , "1.0"      , "28.8"
""    , ""       , ""          , ""        , "  └─ Bullet 2 MP ColorVu 2.8"                                                                                                       , "1.0"      , "25.6"
""    , ""       , ""          , ""        , "  └─ DVR 8ch Turbo HD 3MP 1SATA sin disco HIKVISION"                                                                                , "5.0"      , "58.0"
""    , ""       , ""          , ""        , "  └─ Ojo de pez 5MP 1.1mm 20m IR 360░ HIKVISION"                                                                                    , "5.0"      , "77.0"
""    , ""       , ""          , ""        , "  └─ Domo Mini PT IP 2MP 2 8mm HIKVISION"                                                                                           , "10.0"     , "30.0"
""    , ""       , ""          , ""        , "  └─ Minidomo 3.6mm 1080p turbo hd TVI/AHD/CVI/CVBS HIKVISION"                                                                      , "3.0"      , "11.5"
""    , ""       , ""          , ""        , "  └─ NVR 4ch carcaza de plastico 4MP 1 SATA "                                                                                       , "5.0"      , "27.5"
""    , ""       , ""          , ""        , "  └─ NVR 8ch carcaza de plastico 4MP 1 SATA "                                                                                       , "5.0"      , "34.1"
""    , ""       , ""          , ""        , "  └─ Panel intercomunicador interno "                                                                                               , "2.0"      , "34.0"
""    , ""       , ""          , ""        , "  └─ Intercomunicador Indoor Touch Scream 7pulg HIKVISION"                                                                          , "10.0"     , "56.0"
""    , ""       , ""          , ""        , "  └─ Contacto magnetico wireless HIKVISION"                                                                                         , "15.0"     , "12.0"
""    , ""       , ""          , ""        , "  └─ Sirena Inalámbrica Hikvision"                                                                                                  , "10.0"     , "19.0"
""    , ""       , ""          , ""        , "  └─ Teclado LCD HIKVISION"                                                                                                         , "2.0"      , "24.5"
""    , ""       , ""          , ""        , "  └─ PART OF NETWORK CONTROL PANEL"                                                                                                 , "1.0"      , "17.5"
""    , ""       , ""          , ""        , "  └─ PART OF NETWORK CONTROL PANEL"                                                                                                 , "1.0"      , "21.0"
""    , ""       , ""          , ""        , "  └─ Domo IP 2MP 2.8mm IR30m"                                                                                                       , "15.0"     , "55.0"
""    , ""       , ""          , ""        , "  └─ Domo IP 8MP 2.8mm IR30m IP67 HIKVISION"                                                                                        , "10.0"     , "75.0"
""    , ""       , ""          , ""        , "  └─ Domo IP Varifocal de 4MP Deepinview"                                                                                           , "3.0"      , "279.0"
""    , ""       , ""          , ""        , "  └─ Bullet IP PoE 4MP Wide Angle 180°"                                                                                             , "5.0"      , "87.0"
""    , ""       , ""          , ""        , "  └─ Domo Turbo X 2MP"                                                                                                              , "10.0"     , "21.0"
""    , ""       , ""          , ""        , "  └─ Domo Full Color 2MP Turbo HD 2.8 mm  IP67"                                                                                     , "1.0"      , "26.4"
""    , ""       , ""          , ""        , "  └─ Bullet Int 2 8mm 720p TVI/AHD/CVI/CVBS HIKVISION"                                                                              , "10.0"     , "9.0"
""    , ""       , ""          , ""        , "  └─ Bala Ext HD 2 8mm 1080p TVI/AHD/CVI/CVBS HIKVISION"                                                                            , "5.0"      , "12.5"
""    , ""       , ""          , ""        , "  └─ Mini Domo Int 2 8mm 720p TVI/AHD/CVI/CVBS"                                                                                     , "5.0"      , "8.0"
"148" , "PO00148", "USD-COMPRA", "purchase", "PADRE"                                                                                                                              , ""         , ""
""    , ""       , ""          , ""        , "  └─ Panel direccionable FC501 para 128 puntos FIRECLASS"                                                                           , "5.0"      , "351.56"
""    , ""       , ""          , ""        , "  └─ Panel direccionable de 500 puntos FC520 FIRECLASS"                                                                             , "4.0"      , "666.255"
""    , ""       , ""          , ""        , "  └─ Sensor térmico analógico FC460 FIRECLASS"                                                                                      , "500.0"    , "15.4856"
""    , ""       , ""          , ""        , "  └─ Sensor Dual Optico Termico FC460PH FIRECLASS"                                                                                  , "500.0"    , "22.1223"
""    , ""       , ""          , ""        , "  └─ BASE 4B 4` - FIRECLASS"                                                                                                        , "1500.0"   , "1.9119"
""    , ""       , ""          , ""        , "  └─ Pulsador de alarma direccionable rearmable FC420CP-I FIRECLASS"                                                                , "20.0"     , "22.7675"
""    , ""       , ""          , ""        , "  └─ Sirena de pared direccionable FC440AIR VID - Fireclass"                                                                        , "20.0"     , "68.156"
""    , ""       , ""          , ""        , "  └─ Programador de elementos de lazos. FC490ST FIRECLASS"                                                                          , "1.0"      , "176.59"
""    , ""       , ""          , ""        , "  └─ Base aisladora para sistemas analogicos FIRECLASS"                                                                             , "60.0"     , "5.7357"
""    , ""       , ""          , ""        , "  └─ Descuentos - Compras"                                                                                                          , "-1.0"     , "0.042"
"147" , "PO00147", "USD-COMPRA", "purchase", "PADRE"                                                                                                                              , ""         , ""
""    , ""       , ""          , ""        , "  └─ Panel direccionable de 500 puntos FC520 FIRECLASS"                                                                             , "5.0"      , "666.256"
""    , ""       , ""          , ""        , "  └─ Panel direccionable FC501 para 128 puntos FIRECLASS"                                                                           , "2.0"      , "351.56"
""    , ""       , ""          , ""        , "  └─ Sensor térmico analógico FC460 FIRECLASS"                                                                                      , "100.0"    , "15.4856"
""    , ""       , ""          , ""        , "  └─ Sensor Dual Optico Termico FC460PH FIRECLASS"                                                                                  , "200.0"    , "22.1223"
""    , ""       , ""          , ""        , "  └─ BASE 4B 4` - FIRECLASS"                                                                                                        , "700.0"    , "1.9119"
""    , ""       , ""          , ""        , "  └─ Pulsador de alarma direccionable rearmable FC420CP-I FIRECLASS"                                                                , "70.0"     , "22.7674"
""    , ""       , ""          , ""        , "  └─ Sirena de pared direccionable FC440AIR VID - Fireclass"                                                                        , "70.0"     , "68.1559"
""    , ""       , ""          , ""        , "  └─ Base aisladora para sistemas analogicos FIRECLASS"                                                                             , "60.0"     , "5.7357"
""    , ""       , ""          , ""        , "  └─ Módulo IP para Central Analógica FC501FC FIRECLASS"                                                                            , "4.0"      , "111.1775"
""    , ""       , ""          , ""        , "  └─ Panel Convencional Fireclass de 4 zonas J408-4 - Fireclass"                                                                    , "16.0"     , "112.4694"
"145" , "PO00145", "USD-COMPRA", "purchase", "PADRE"                                                                                                                              , ""         , ""
""    , ""       , ""          , ""        , "  └─ NVR DeepinMind"                                                                                                                , "1.0"      , "597.55"
""    , ""       , ""          , ""        , "  └─ DVR 8ch Turbo HD Lite 1080p 1SATA sin disco"                                                                                   , "1.0"      , "27.0"
""    , ""       , ""          , ""        , "  └─ DVR 16ch Turbo HD Lite 1080p 1SATA sin disco HIKVISION"                                                                        , "1.0"      , "46.0"
""    , ""       , ""          , ""        , "  └─ CÁMARA WIFI MINI O 720P EZVIZ"                                                                                                 , "1.0"      , "22.0"
""    , ""       , ""          , ""        , "  └─ Bullet de red fija 2MP 2.8mm"                                                                                                  , "8.0"      , "76.95"
""    , ""       , ""          , ""        , "  └─ Domo PTZ 2MP"                                                                                                                  , "1.0"      , "635.55"
""    , ""       , ""          , ""        , "  └─ Bullet EXIR 2MP 2.8"                                                                                                           , "1.0"      , "60.8"
""    , ""       , ""          , ""        , "  └─ Mini PT Ext IP  2MP HIKVISION"                                                                                                 , "6.0"      , "58.9"
""    , ""       , ""          , ""        , "  └─ Mini Domo Int 2 8mm 720p TVI/AHD/CVI/CVBS"                                                                                     , "10.0"     , "8.0"
""    , ""       , ""          , ""        , "  └─ Bullet EXIR 2MP Turbo HD 3.6mm IR40m IP66"                                                                                     , "2.0"      , "18.9"
""    , ""       , ""          , ""        , "  └─ Bullet 5MP 2.8mm 20m IR HD"                                                                                                    , "2.0"      , "16.65"
""    , ""       , ""          , ""        , "  └─ Switch POE 16-PORT"                                                                                                            , "1.0"      , "112.1"
""    , ""       , ""          , ""        , "  └─ Descuentos - Compras"                                                                                                          , "-1.0"     , "246.1"
"142" , "PO00142", "USD-COMPRA", "purchase", "PADRE"                                                                                                                              , ""         , ""
""    , ""       , ""          , ""        , "  └─ CABLE DE DATOS 18/2 AWG MALLADO"                                                                                               , "15250.0"  , "0.3258"
""    , ""       , ""          , ""        , "  └─ Detector de calor  194ºF fijo - System Sensor"                                                                                 , "200.0"    , "6.85"
""    , ""       , ""          , ""        , "  └─ CABLE DE DATOS 18/2 AWG SIN MALLA"                                                                                             , "15250.0"  , "0.2462"
"140" , "PO00140", "USD-COMPRA", "purchase", "PADRE"                                                                                                                              , ""         , ""
""    , ""       , ""          , ""        , "  └─ Flow Switch VSR-M 1` (DN25)"                                                                                                   , "12.0"     , "100.0"
""    , ""       , ""          , ""        , "  └─ SPRINKLER/ CUP ASSY ONLY"                                                                                                      , "8.0"      , "12.38"
"138" , "PO00138", "USD-COMPRA", "purchase", "PADRE"                                                                                                                              , ""         , ""
""    , ""       , ""          , ""        , "  └─ iSTAR Edge  with Enclosure and PoE Module64 MB RA SOFTWARE HOUSE"                                                              , "5.0"      , "755.0"
"136" , "PO00136", "USD-COMPRA", "purchase", "PADRE"                                                                                                                              , ""         , ""
""    , ""       , ""          , ""        , "  └─ Sensor térmico analógico FC460 FIRECLASS"                                                                                      , "100.0"    , "14.6783"
""    , ""       , ""          , ""        , "  └─ Sensor Dual Optico Termico FC460PH FIRECLASS"                                                                                  , "200.0"    , "20.969"
""    , ""       , ""          , ""        , "  └─ Pulsador de alarma direccionable rearmable FC420CP-I FIRECLASS"                                                                , "20.0"     , "22.7675"
""    , ""       , ""          , ""        , "  └─ Panel Convencional Fireclass de 4 zonas J408-4 - Fireclass"                                                                    , "10.0"     , "106.606"
""    , ""       , ""          , ""        , "  └─ Panel J424-8 Fireclass"                                                                                                        , "10.0"     , "163.791"
""    , ""       , ""          , ""        , "  └─ FC410BDM Beam Detector Module"                                                                                                 , "5.0"      , "67.802"
""    , ""       , ""          , ""        , "  └─ Detector de Humo lineal FireOne - Fireclass"                                                                                   , "50.0"     , "238.7554"
""    , ""       , ""          , ""        , "  └─ FR2000 Espejo Para Barrera FireOne"                                                                                            , "10.0"     , "22.444"
""    , ""       , ""          , ""        , "  └─ Panel direccionable FC501 para 128 puntos FIRECLASS"                                                                           , "6.0"      , "351.56"
""    , ""       , ""          , ""        , "  └─ Descuentos - Compras"                                                                                                          , "-1.0"     , "0.011"
"133" , "PO00133", "USD-COMPRA", "purchase", "PADRE"                                                                                                                              , ""         , ""
""    , ""       , ""          , ""        , "  └─ Separador Eléctrico Supertag - Sensormatic"                                                                                    , "4.0"      , "222.72"
""    , ""       , ""          , ""        , "  └─ IDX-2000-N1-APPL-READER (Lectora) SENSORMATIC"                                                                                 , "4.0"      , "626.33"
""    , ""       , ""          , ""        , "  └─ RF cable  10ft  MCX to RP SMA SENSORMATIC"                                                                                     , "4.0"      , "40.75"
""    , ""       , ""          , ""        , "  └─ DOUBLE CHECKER TELECON"                                                                                                        , "3.0"      , "388.08"
""    , ""       , ""          , ""        , "  └─ POWER PAD PRO SYSTEM"                                                                                                          , "3.0"      , "585.04"
"130" , "PO00130", "USD-COMPRA", "purchase", "PADRE"                                                                                                                              , ""         , ""
""    , ""       , ""          , ""        , "  └─ Kit panel 18-32 zonas con teclado PK5501"                                                                                      , "20.0"     , "74.0"
""    , ""       , ""          , ""        , "  └─ Kit panel 4-8zonas con teclado DSC"                                                                                            , "20.0"     , "44.0"
""    , ""       , ""          , ""        , "  └─ Gabinete metalico P/PC 1832/1864 - DSC"                                                                                        , "24.0"     , "12.0"
""    , ""       , ""          , ""        , "  └─ Teclado LCD alfanumerico 64zonas con 5 term DSC"                                                                               , "5.0"      , "68.0"
""    , ""       , ""          , ""        , "  └─ Teclado LCD a iconos para 64 zonas DSC"                                                                                        , "5.0"      , "44.0"
""    , ""       , ""          , ""        , "  └─ Transformador 220-16. 5V 4A"                                                                                                   , "20.0"     , "8.5"
""    , ""       , ""          , ""        , "  └─ KIT MAXSYS PANEL P/INCENDIO C/ TECLADO"                                                                                        , "1.0"      , "290.0"
""    , ""       , ""          , ""        , "  └─ TECLADO LCD P/MAXSYS P/INCENDIO(ROJO)"                                                                                         , "1.0"      , "98.0"
""    , ""       , ""          , ""        , "  └─ Detector IR pet immune DSC"                                                                                                    , "24.0"     , "7.7"
""    , ""       , ""          , ""        , "  └─ Modulo expansor 8 zonas DSC"                                                                                                   , "5.0"      , "22.0"
""    , ""       , ""          , ""        , "  └─ Humo Test 918/5 250ml"                                                                                                         , "30.0"     , "16.0"
"127" , "PO00127", "USD-COMPRA", "purchase", "PADRE"                                                                                                                              , ""         , ""
""    , ""       , ""          , ""        , "  └─ UPS 1500 V.A."                                                                                                                 , "1.0"      , "102.5"
"114" , "PO00114", "USD-COMPRA", "purchase", "PADRE"                                                                                                                              , ""         , ""
""    , ""       , ""          , ""        , "  └─ Lector RFID Bluebird RFR900"                                                                                                   , "1.0"      , "1266.057"
""    , ""       , ""          , ""        , "  └─ Cable para EF400-ANLT"                                                                                                         , "1.0"      , "11.86"
""    , ""       , ""          , ""        , "  └─ Computadora de mano móvil Bluebird EF400-ANLT"                                                                                 , "1.0"      , "885.01"
""    , ""       , ""          , ""        , "  └─ Etiqueta AM + RFID 5KG IDTM2225N SENSORMATIC"                                                                                  , "1000.0"   , "0.39"
"111" , "PO00111", "USD-COMPRA", "purchase", "PADRE"                                                                                                                              , ""         , ""
""    , ""       , ""          , ""        , "  └─ Disco Duro 8TB"                                                                                                                , "1.0"      , "247.5"
"110" , "PO00110", "USD-COMPRA", "purchase", "PADRE"                                                                                                                              , ""         , ""
""    , ""       , ""          , ""        , "  └─ Boton de liberacion de la puerta HIKVISION"                                                                                    , "60.0"     , "9.5"
""    , ""       , ""          , ""        , "  └─ Camara turbo HD mobile  exterior 2.1mm"                                                                                        , "1.0"      , "18.0"
""    , ""       , ""          , ""        , "  └─ Cable de 2 metros cam moviles conector aviacion"                                                                               , "1.0"      , "6.0"
""    , ""       , ""          , ""        , "  └─ Cable de 4 metros cam moviles conector aviacion"                                                                               , "1.0"      , "9.0"
""    , ""       , ""          , ""        , "  └─ PTZ IP 2MP 25X HIKVISION"                                                                                                      , "10.0"     , "209.0"
""    , ""       , ""          , ""        , "  └─ Switch POE 16-PORT"                                                                                                            , "5.0"      , "118.0"
""    , ""       , ""          , ""        , "  └─ Bullet Int 2 8mm 720p TVI/AHD/CVI/CVBS HIKVISION"                                                                              , "2000.0"   , "8.2"
""    , ""       , ""          , ""        , "  └─ Mini Domo Int 2 8mm 720p TVI/AHD/CVI/CVBS"                                                                                     , "1000.0"   , "8.0"
""    , ""       , ""          , ""        , "  └─ Bala Ext 4EXIR 40m IR 3 6mm 720p TVI/AHD/CVI/CVBS HIKVISION"                                                                   , "64.0"     , "14.0"
""    , ""       , ""          , ""        , "  └─ Bala Ext 2.8 - 12mm 1080p HIKVISION"                                                                                           , "40.0"     , "26.0"
""    , ""       , ""          , ""        , "  └─ Bullet Turbo HD 2MP 2 8-12mm IR40m IP66 "                                                                                      , "20.0"     , "26.0"
""    , ""       , ""          , ""        , "  └─ DVR 4ch Turbo Mini 6TB 720p Sin Disco D HIKVISION"                                                                             , "60.0"     , "22.0"
""    , ""       , ""          , ""        , "  └─ DVR 8ch Turbo HD Lite 1080p 1SATA sin disco"                                                                                   , "100.0"    , "27.0"
""    , ""       , ""          , ""        , "  └─ DVR 16ch Turbo HD Lite 1080p 1SATA sin disco HIKVISION"                                                                        , "100.0"    , "46.0"
""    , ""       , ""          , ""        , "  └─ Bala Ext HD 2 8mm 1080p TVI/AHD/CVI/CVBS HIKVISION"                                                                            , "600.0"    , "12.0"
""    , ""       , ""          , ""        , "  └─ Minidomo 3.6mm 1080p turbo hd TVI/AHD/CVI/CVBS HIKVISION"                                                                      , "400.0"    , "10.0"
""    , ""       , ""          , ""        , "  └─ Bullet EXIR 2MP Turbo HD 3.6mm IR40m IP66"                                                                                     , "200.0"    , "18.9"
""    , ""       , ""          , ""        , "  └─ Domo PTZ 25X 1080P HIKVISION"                                                                                                  , "5.0"      , "169.0"
""    , ""       , ""          , ""        , "  └─ Camara Cubo Ultra IP 2MP 2 8mm IR 20m HIKVISION"                                                                               , "20.0"     , "21.0"
""    , ""       , ""          , ""        , "  └─ DVR 08CH 3MP HIKVISION"                                                                                                        , "30.0"     , "52.0"
""    , ""       , ""          , ""        , "  └─ DVR 16ch Turbo HD 1080P 1 SATA sin disco HIKVISION"                                                                            , "15.0"     , "100.0"
""    , ""       , ""          , ""        , "  └─ DVR 32ch Turbo HD 2 SATA"                                                                                                      , "10.0"     , "189.0"
""    , ""       , ""          , ""        , "  └─ Bullet EXIR 5MP 3.6mm HD 40m IR HIKVISION"                                                                                     , "120.0"    , "20.25"
""    , ""       , ""          , ""        , "  └─ Mini Domo 5MP 2.8mm 20m IR HD HIKVISION"                                                                                       , "150.0"    , "16.65"
""    , ""       , ""          , ""        , "  └─ Bullet 5MP 2.8mm 20m IR HD"                                                                                                    , "200.0"    , "16.65"
""    , ""       , ""          , ""        , "  └─ BULLET PIR 5MP HIKVISION"                                                                                                      , "50.0"     , "18.0"
""    , ""       , ""          , ""        , "  └─ Bullet  Exir 5MP 2.7-13.5mm  motorizado IR 40mts"                                                                              , "20.0"     , "34.2"
""    , ""       , ""          , ""        , "  └─ Domo Exir 5mp 20mts IP67"                                                                                                      , "60.0"     , "17.55"
""    , ""       , ""          , ""        , "  └─ Domo  5mp 2.8mm  IR 20 mts"                                                                                                    , "80.0"     , "14.85"
""    , ""       , ""          , ""        , "  └─ DVR 8CH Turbo HD 8MP carcaza de plastico HIKVISION"                                                                            , "10.0"     , "76.5"
""    , ""       , ""          , ""        , "  └─ DVR 8ch Turbo HD 5MP 1SATA sin disco HIKVISION"                                                                                , "10.0"     , "84.6"
""    , ""       , ""          , ""        , "  └─ DVR 16ch Turbo HD 5MP 2SATA sin disco HIKVISION"                                                                               , "20.0"     , "170.1"
""    , ""       , ""          , ""        , "  └─ DVR 24ch Turbo HD 8MP 4 SATA HIKVISION"                                                                                        , "5.0"      , "476.1"
""    , ""       , ""          , ""        , "  └─ DVR 32ch Turbo HD 8MP 4 SATA HIKVISION"                                                                                        , "5.0"      , "530.1"
""    , ""       , ""          , ""        , "  └─ Bullet Exir 8MP  2.8mm HIKVISION"                                                                                              , "50.0"     , "33.0"
""    , ""       , ""          , ""        , "  └─ Domo exir turbo hd 8mp 2.8mm IR 30m"                                                                                           , "50.0"     , "29.0"
""    , ""       , ""          , ""        , "  └─ Bullet 8MP Turbo HD Varif 2 7-13.5mm IR80m IP67 HIKVISION"                                                                     , "10.0"     , "62.0"
""    , ""       , ""          , ""        , "  └─ Bullet IP 2MP 2 8mm HIKVISION"                                                                                                 , "300.0"    , "26.0"
""    , ""       , ""          , ""        , "  └─ Domo IP 2MP 2.8mm IR auto IP67 HIKVISION"                                                                                      , "200.0"    , "28.0"
""    , ""       , ""          , ""        , "  └─ Bullet IP 2MP Wireless 2.8mm IR30m IP66"                                                                                       , "50.0"     , "38.0"
""    , ""       , ""          , ""        , "  └─ Domo IP 2MP Wireless 2.8mm IR30m IP66 HIKVISION"                                                                               , "20.0"     , "37.0"
""    , ""       , ""          , ""        , "  └─ Camara  IP 2MP HIKVISION"                                                                                                      , "100.0"    , "38.0"
""    , ""       , ""          , ""        , "  └─ Domo IP 2MP 2.8mm IR 20m HIKVISION"                                                                                            , "80.0"     , "41.0"
""    , ""       , ""          , ""        , "  └─ Domo IP 2MP Varif 2.8-12mm IR30m IP67 HIKVISION"                                                                               , "50.0"     , "68.0"
""    , ""       , ""          , ""        , "  └─ PTZ IP 2MP 25X HIKVISION"                                                                                                      , "20.0"     , "209.0"
""    , ""       , ""          , ""        , "  └─ Bullet IP 4MP 2.8mm IR auto IP67"                                                                                              , "60.0"     , "40.0"
""    , ""       , ""          , ""        , "  └─ Domo IP 4mp 2.8mm IR 30 mts POE IP67"                                                                                          , "52.0"     , "40.0"
""    , ""       , ""          , ""        , "  └─ DOMO IP 4MP HIKVISION"                                                                                                         , "50.0"     , "54.0"
""    , ""       , ""          , ""        , "  └─ Bullet IP 4MP 4 0mm IR 30m HIKVISION"                                                                                          , "20.0"     , "58.0"
""    , ""       , ""          , ""        , "  └─ Camara Cubo IP 2MP 2.8mm HIKVISION"                                                                                            , "50.0"     , "45.0"
""    , ""       , ""          , ""        , "  └─ Bullet IP 8mp 2.8mm IR 30mts POE IP67"                                                                                         , "30.0"     , "90.0"
""    , ""       , ""          , ""        , "  └─ Domo IP 8mp 2.8mm IR 30mts POE IP67"                                                                                           , "30.0"     , "90.0"
""    , ""       , ""          , ""        , "  └─ Bullet Varifocal IP 4MP 2.8-12"                                                                                                , "10.0"     , "113.0"
""    , ""       , ""          , ""        , "  └─ DOMO IP 4MP 2.8 A 12mm IR 30mts"                                                                                               , "10.0"     , "113.0"
""    , ""       , ""          , ""        , "  └─ Bullet exir IP 2MP 2.8mm IR 50mts"                                                                                             , "30.0"     , "63.0"
""    , ""       , ""          , ""        , "  └─ Domo IP PTZ 2MP 2.8-12mm IR20m IK10 IP66 HIKVISION"                                                                            , "5.0"      , "87.0"
""    , ""       , ""          , ""        , "  └─ NVR 4K 64ch HIKVISION"                                                                                                         , "3.0"      , "749.0"
""    , ""       , ""          , ""        , "  └─ NVR 4ch carcaza de plastico 4MP 1 SATA "                                                                                       , "10.0"     , "25.0"
""    , ""       , ""          , ""        , "  └─ NVR 8ch carcaza de plastico 4MP 1 SATA "                                                                                       , "10.0"     , "31.0"
""    , ""       , ""          , ""        , "  └─ Switch PoE 100Mbps 4-Ports"                                                                                                    , "50.0"     , "21.0"
""    , ""       , ""          , ""        , "  └─ Switch PoE 100Mbps 8-Ports"                                                                                                    , "30.0"     , "39.0"
""    , ""       , ""          , ""        , "  └─ NVR 16ch 8MP 2 SATA"                                                                                                           , "15.0"     , "60.0"
""    , ""       , ""          , ""        , "  └─ CÁMARA WIFI MINI O 720P EZVIZ"                                                                                                 , "120.0"    , "22.0"
""    , ""       , ""          , ""        , "  └─ Controlador de acceso para 2 puertas"                                                                                          , "5.0"      , "67.0"
""    , ""       , ""          , ""        , "  └─ Control de Acceso HIKVISION"                                                                                                   , "10.0"     , "72.0"
""    , ""       , ""          , ""        , "  └─ Controlador  de acceso 4 puertas HIKVISION"                                                                                    , "1.0"      , "160.0"
""    , ""       , ""          , ""        , "  └─ Kit Video Portero analog 800x480p"                                                                                             , "10.0"     , "53.0"
""    , ""       , ""          , ""        , "  └─ Switch POE 16-PORT"                                                                                                            , "5.0"      , "118.0"
""    , ""       , ""          , ""        , "  └─ Lectora de tarjeta y contraseña"                                                                                               , "20.0"     , "11.0"
""    , ""       , ""          , ""        , "  └─ Kit Video Portero IP 1024x600p"                                                                                                , "10.0"     , "170.0"
""    , ""       , ""          , ""        , "  └─ NVR POE 16 CNAALES 12MP - HIKVISION"                                                                                           , "1.0"      , "409.5"
""    , ""       , ""          , ""        , "  └─ DVR Mobile 04 CH 4g gps"                                                                                                       , "1.0"      , "205.5"
""    , ""       , ""          , ""        , "  └─ Panel de señalizacion digital permanente"                                                                                      , "1.0"      , "1000.0"
""    , ""       , ""          , ""        , "  └─ DVR DE 04CH 4MP HIKVISION"                                                                                                     , "2.0"      , "33.0"
""    , ""       , ""          , ""        , "  └─ DVR 08CH 3MP HIKVISION"                                                                                                        , "2.0"      , "52.0"
""    , ""       , ""          , ""        , "  └─ Minidomo 3.6mm 1080p turbo hd TVI/AHD/CVI/CVBS HIKVISION"                                                                      , "4.0"      , "10.0"
""    , ""       , ""          , ""        , "  └─ Mini Domo 5MP 2.8mm 20m IR HD HIKVISION"                                                                                       , "1.0"      , "16.65"
""    , ""       , ""          , ""        , "  └─ Bullet 2MP 2.8mm 25 mts"                                                                                                       , "20.0"     , "16.0"
""    , ""       , ""          , ""        , "  └─ Bala Ext HD 2 8mm 1080p TVI/AHD/CVI/CVBS HIKVISION"                                                                            , "6.0"      , "12.0"
""    , ""       , ""          , ""        , "  └─ Ojo de pez 5MP 1.1mm 20m IR 360░ HIKVISION"                                                                                    , "10.0"     , "69.3"
""    , ""       , ""          , ""        , "  └─ Bullet Exir 20mts 8mp 3.6mm"                                                                                                   , "20.0"     , "38.0"
""    , ""       , ""          , ""        , "  └─ Bullet EXIR 5MP 3.6mm HD 40m IR HIKVISION"                                                                                     , "1.0"      , "20.25"
""    , ""       , ""          , ""        , "  └─ Bullet 6 mp 2.8mm"                                                                                                             , "5.0"      , "65.0"
""    , ""       , ""          , ""        , "  └─ Camara  IP 2MP HIKVISION"                                                                                                      , "1.0"      , "38.0"
""    , ""       , ""          , ""        , "  └─ Bullet IP 2MP 2 8mm HIKVISION"                                                                                                 , "3.0"      , "26.0"
""    , ""       , ""          , ""        , "  └─ Domo IP 6MP 2.8mm IR 20mts"                                                                                                    , "5.0"      , "65.0"
""    , ""       , ""          , ""        , "  └─ Mini PT Ext IP  2MP HIKVISION"                                                                                                 , "10.0"     , "62.0"
""    , ""       , ""          , ""        , "  └─ Domo IP 2MP 2.8mm IR auto IP67 HIKVISION"                                                                                      , "2.0"      , "28.0"
""    , ""       , ""          , ""        , "  └─ Bullet IP Varifocal 2MP Deepinview"                                                                                            , "1.0"      , "174.5"
""    , ""       , ""          , ""        , "  └─ Bullet IP Varifocal 2MP ANPR para chapas"                                                                                      , "1.0"      , "174.5"
""    , ""       , ""          , ""        , "  └─ Camara de 2MP con contador de personas"                                                                                        , "1.0"      , "192.5"
""    , ""       , ""          , ""        , "  └─ Panel intercomunicador interno "                                                                                               , "2.0"      , "34.0"
""    , ""       , ""          , ""        , "  └─ Enrolador de tarjetas"                                                                                                         , "2.0"      , "22.0"
""    , ""       , ""          , ""        , "  └─ Camara 2.1 mm turbo HD mobile"                                                                                                 , "1.0"      , "22.5"
""    , ""       , ""          , ""        , "  └─ Bullet Int 2 8mm 720p TVI/AHD/CVI/CVBS HIKVISION"                                                                              , "20.0"     , "8.2"
"106" , "PO00106", "USD-COMPRA", "purchase", "PADRE"                                                                                                                              , ""         , ""
""    , ""       , ""          , ""        , "  └─ Terminal de Reconocimiento Facial Con Montaje en Poste  Cámara de 2 Megapixel"                                                 , "1.0"      , "349.5"
"98"  , "PO00098", "USD-COMPRA", "purchase", "PADRE"                                                                                                                              , ""         , ""
""    , ""       , ""          , ""        , "  └─ Sensor Dual Optico Termico FC460PH FIRECLASS"                                                                                  , "700.0"    , "20.969"
""    , ""       , ""          , ""        , "  └─ 100R Reflect Beam detector FireRay100  FIRECLASS"                                                                              , "5.0"      , "357.39"
""    , ""       , ""          , ""        , "  └─ Panel direccionable FC501 para 128 puntos FIRECLASS"                                                                           , "2.0"      , "333.235"
""    , ""       , ""          , ""        , "  └─ Sensor térmico analógico FC460 FIRECLASS"                                                                                      , "100.0"    , "14.6783"
""    , ""       , ""          , ""        , "  └─ Sensor Dual Optico Termico FC460PH FIRECLASS"                                                                                  , "700.0"    , "20.969"
""    , ""       , ""          , ""        , "  └─ BASE 4B 4` - FIRECLASS"                                                                                                        , "400.0"    , "2.1502"
""    , ""       , ""          , ""        , "  └─ Pulsador de alarma direccionable rearmable FC420CP-I FIRECLASS"                                                                , "20.0"     , "22.7675"
""    , ""       , ""          , ""        , "  └─ Sirena de pared direccionable FC440AIR VID - Fireclass"                                                                        , "20.0"     , "64.6025"
"96"  , "PO00096", "USD-COMPRA", "purchase", "PADRE"                                                                                                                              , ""         , ""
""    , ""       , ""          , ""        , "  └─ Gabinete metalico P/PC 1832/1864 - DSC"                                                                                        , "6.0"      , "12.0"
""    , ""       , ""          , ""        , "  └─ Transformador 220-16. 5V 4A"                                                                                                   , "20.0"     , "8.5"
""    , ""       , ""          , ""        , "  └─ Sirena para exterior 15W DSC"                                                                                                  , "20.0"     , "5.0"
""    , ""       , ""          , ""        , "  └─ Detector doble tecnologia pet immune & micro DSC"                                                                              , "12.0"     , "22.0"
""    , ""       , ""          , ""        , "  └─ Cable programador de Interconexion DSC"                                                                                        , "2.0"      , "20.5"
""    , ""       , ""          , ""        , "  └─ Kit DSC MaxSys (Placa 4020 + Tecladoo LCD4501SP +"                                                                             , "1.0"      , "310.0"
""    , ""       , ""          , ""        , "  └─ TECLADO LCD P/MAXSYS P/INCENDIO(ROJO)"                                                                                         , "1.0"      , "98.0"
"93"  , "PO00093", "USD-COMPRA", "purchase", "PADRE"                                                                                                                              , ""         , ""
""    , ""       , ""          , ""        , "  └─ Detector IR pet immune DSC"                                                                                                    , "96.0"     , "7.7"
""    , ""       , ""          , ""        , "  └─ RECEPTOR WIRELESS DSC"                                                                                                         , "5.0"      , "35.0"
""    , ""       , ""          , ""        , "  └─ Kit panel 4-8zonas con teclado DSC"                                                                                            , "10.0"     , "44.0"
""    , ""       , ""          , ""        , "  └─ Gabinete metalico P/PC 1832/1864 - DSC"                                                                                        , "6.0"      , "12.0"
""    , ""       , ""          , ""        , "  └─ Sirena para exterior 15W DSC"                                                                                                  , "3.0"      , "5.0"
""    , ""       , ""          , ""        , "  └─ Base de montaje para sensores PIR de la linea “LC”"                                                                            , "100.0"    , "1.8"
"85"  , "PO00085", "USD-COMPRA", "purchase", "PADRE"                                                                                                                              , ""         , ""
""    , ""       , ""          , ""        , "  └─ Video Balun activo protector de interferencias"                                                                                , "100.0"    , "1.8"
"84"  , "PO00084", "USD-COMPRA", "purchase", "PADRE"                                                                                                                              , ""         , ""
""    , ""       , ""          , ""        , "  └─ Disco Duro 6TB RED NAS INTELLIPOWER SATA"                                                                                      , "1.0"      , "270.0"
"82"  , "PO00082", "USD-COMPRA", "purchase", "PADRE"                                                                                                                              , ""         , ""
""    , ""       , ""          , ""        , "  └─ DISCO DURO 1TB SURVEILLANCE - SEAGATE"                                                                                         , "6.0"      , "46.64"
""    , ""       , ""          , ""        , "  └─ DISCO DURO 2TB SURVEILLANCE - SEAGATE"                                                                                         , "6.0"      , "66.55"
""    , ""       , ""          , ""        , "  └─ DISCO DURO 4TB SURVEILLANCE - SEAGATE"                                                                                         , "12.0"     , "116.49"
"73"  , "PO00073", "USD-COMPRA", "purchase", "PADRE"                                                                                                                              , ""         , ""
""    , ""       , ""          , ""        , "  └─ CAM WEB LOGIT C270 USB"                                                                                                        , "1.0"      , "28.8"
"61"  , "PO00061", "USD-COMPRA", "purchase", "PADRE"                                                                                                                              , ""         , ""
""    , ""       , ""          , ""        , "  └─ UPS 800 V.A."                                                                                                                  , "3.0"      , "85.0"
"47"  , "PO00047", "USD-COMPRA", "purchase", "PADRE"                                                                                                                              , ""         , ""
""    , ""       , ""          , ""        , "  └─ Placa para panel Neo inalambrico cableado"                                                                                     , "1.0"      , "80.0"
""    , ""       , ""          , ""        , "  └─ Teclado LCD Alfanumérico Cableado con Transceptor NEO - DSC"                                                                   , "1.0"      , "105.0"
"46"  , "PO00046", "USD-COMPRA", "purchase", "PADRE"                                                                                                                              , ""         , ""
""    , ""       , ""          , ""        , "  └─ Modulo Expansor de 8 zonas cableadas"                                                                                          , "1.0"      , "32.0"
"42"  , "PO00042", "USD-COMPRA", "purchase", "PADRE"                                                                                                                              , ""         , ""
""    , ""       , ""          , ""        , "  └─ Tarjeta de proximidad EM 125KHz HIKVISION"                                                                                     , "300.0"    , "0.7"
""    , ""       , ""          , ""        , "  └─ Control de Acceso HIKVISION"                                                                                                   , "7.0"      , "72.0"
""    , ""       , ""          , ""        , "  └─ Lectora de Proximidad HIKVISION"                                                                                               , "25.0"     , "22.0"
"41"  , "PO00041", "USD-COMPRA", "purchase", "PADRE"                                                                                                                              , ""         , ""
""    , ""       , ""          , ""        , "  └─ Modulo expansor 8 zonas DSC"                                                                                                   , "24.0"     , "22.0"
""    , ""       , ""          , ""        , "  └─ Gabinete metalico P/PC 1832/1864 - DSC"                                                                                        , "10.0"     , "12.0"
""    , ""       , ""          , ""        , "  └─ Kit panel 18-32 zonas con teclado PK5501"                                                                                      , "10.0"     , "55.0"
""    , ""       , ""          , ""        , "  └─ Kit panel 4-8zonas con teclado DSC"                                                                                            , "10.0"     , "44.0"
""    , ""       , ""          , ""        , "  └─ SIRENA PARA EXTERIOR DE 20W DSC"                                                                                               , "5.0"      , "5.0"
""    , ""       , ""          , ""        , "  └─ Teclado LCD alfanumerico 64zonas con 5 term DSC"                                                                               , "7.0"      , "75.0"
""    , ""       , ""          , ""        , "  └─ Teclado LCD a iconos para 64 zonas DSC"                                                                                        , "10.0"     , "44.0"
""    , ""       , ""          , ""        , "  └─ Humo Test 918/5 250ml"                                                                                                         , "100.0"    , "16.0"
"40"  , "PO00040", "USD-COMPRA", "purchase", "PADRE"                                                                                                                              , ""         , ""
""    , ""       , ""          , ""        , "  └─ Modulo expansor 8 zonas DSC"                                                                                                   , "5.0"      , "22.0"
""    , ""       , ""          , ""        , "  └─ Gabinete metalico P/PC 1832/1864 - DSC"                                                                                        , "15.0"     , "12.0"
""    , ""       , ""          , ""        , "  └─ Kit panel 18-32 zonas con teclado PK5501"                                                                                      , "5.0"      , "74.0"
""    , ""       , ""          , ""        , "  └─ Kit panel 4-8zonas con teclado DSC"                                                                                            , "5.0"      , "44.0"
""    , ""       , ""          , ""        , "  └─ Detector doble tecnologia pet immune & micro DSC"                                                                              , "18.0"     , "7.7"
""    , ""       , ""          , ""        , "  └─ SIRENA PARA EXTERIOR DE 20W DSC"                                                                                               , "3.0"      , "5.0"
"23"  , "PO00023", "USD-COMPRA", "purchase", "PADRE"                                                                                                                              , ""         , ""
""    , ""       , ""          , ""        , "  └─ DISCO DURO 1TB SURVEILLANCE - SEAGATE"                                                                                         , "10.0"     , "59.0"
""    , ""       , ""          , ""        , "  └─ DISCO DURO 2TB SURVEILLANCE - SEAGATE"                                                                                         , "10.0"     , "83.0"
""    , ""       , ""          , ""        , "  └─ DISCO DURO 4TB SURVEILLANCE - SEAGATE"                                                                                         , "10.0"     , "142.0"
"22"  , "PO00022", "USD-COMPRA", "purchase", "PADRE"                                                                                                                              , ""         , ""
""    , ""       , ""          , ""        , "  └─ Patch cord CAT6 1 metro"                                                                                                       , "30.0"     , "3.0"
""    , ""       , ""          , ""        , "  └─ JACK RJ45 CAT6"                                                                                                                , "30.0"     , "4.0"
""    , ""       , ""          , ""        , "  └─ Switch 8-ports   PoE 10/100 puertos Ethernet Base HIKVISION"                                                                   , "10.0"     , "16.0"
"18"  , "PO00018", "USD-COMPRA", "purchase", "PADRE"                                                                                                                              , ""         , ""
""    , ""       , ""          , ""        , "  └─ CAM WEB MICRO LIFECAM H5D-00013 CINEMA"                                                                                        , "1.0"      , "66.1"
"13"  , "PO00013", "USD-COMPRA", "purchase", "PADRE"                                                                                                                              , ""         , ""
""    , ""       , ""          , ""        , "  └─ UPS APS 850 V.A."                                                                                                              , "1.0"      , "55.5"
"11"  , "PO00011", "USD-COMPRA", "purchase", "PADRE"                                                                                                                              , ""         , ""
""    , ""       , ""          , ""        , "  └─ Detector IR pet immune DSC"                                                                                                    , "24.0"     , "7.7"
""    , ""       , ""          , ""        , "  └─ Teclado LCD a iconos para 64 zonas DSC"                                                                                        , "5.0"      , "44.0"
""    , ""       , ""          , ""        , "  └─ Detector dual tecnology - pet inmune - DSC"                                                                                    , "12.0"     , "22.0"
""    , ""       , ""          , ""        , "  └─ Modulo expansor 8 zonas DSC"                                                                                                   , "5.0"      , "22.0"
""    , ""       , ""          , ""        , "  └─ Kit panel 4-8zonas con teclado DSC"                                                                                            , "5.0"      , "44.0"
""    , ""       , ""          , ""        , "  └─ SIRENA PARA EXTERIOR DE 20W DSC"                                                                                               , "3.0"      , "5.0"
""    , ""       , ""          , ""        , "  └─ Kit panel 18-32 zonas con teclado PK5501"                                                                                      , "5.0"      , "55.0"
""    , ""       , ""          , ""        , "  └─ Gabinete metalico P/PC 1832/1864 - DSC"                                                                                        , "15.0"     , "12.0"
